[repack] proto=1 pc=9 skip existing FR2 slice for CAT+FNEW callback call base=3 old=[4,6] new=[5,7]
[repack] proto=1 pc=9 skip existing FR2 slice for CAT+FNEW callback call base=3 old=[4,6] new=[5,7]
[repack] proto=1 pc=9 call-selfdef helper enter consumer=CALL producer=CAT self=FNEW producer_b=5 consumer_span=4 producer_c=7
[repack] proto=1 pc=9 call-method-basecopy helper enter consumer=CALL producer=FNEW producer_b=0 consumer_span=4 producer_c=4
[repack] proto=1 pc=9 call-chain helper enter consumer=CALL producer=FNEW producer_b=0 consumer_span=4 producer_c=4
[repack] proto=1 pc=9 copy-fallback keep legacy-overlap reason=target-touch-fail old=[4,6] new=[5,7] base=3 nargs=3 b=1
[repack] proto=1 pc=9 copy-fallback reason=target-touch-fail insert_pc=9 count=3 range=[4,6]->[5,7] deferred=0
[rebuild] proto=1 insert_pc=9 old_proto_total=110 new_proto_total=122 old_payload=109 new_payload=121 debug_drop=32
[repack] proto=1 pc=12 accept existing FR2 slice [5,7]
[repack] slice fail pc=6 unresolved reg=6 range=[6,7]
[repack] readonly slice retry fail pc=6 no-selected-range range=[6,7]
[repack] simple-local missing reg=6 range=[6,7]
[repack] slice fail pc=6 unresolved reg=7 range=[7,8]
[repack] simple-local missing reg=7 range=[7,8]
[repack] proto=2 pc=6 call-selfdef helper enter consumer=ITERC producer=JMP self=TSETV producer_b=128 consumer_span=771 producer_c=1
[repack] proto=2 pc=6 call-method-basecopy helper enter consumer=ITERC producer=TSETV producer_b=1 consumer_span=771 producer_c=6
[repack] proto=2 pc=6 call-chain helper enter consumer=ITERC producer=TSETV producer_b=1 consumer_span=771 producer_c=6
[repack] proto=2 pc=6 copy-fallback allow target-entry reason=slice-select-fail insert_pc=6
[repack] proto=2 pc=6 copy-fallback spill reason=slice-select-fail insert_pc=6 spill=9 first_touch=read pc=7 op=ITERL shift_count=2
[rebuild] proto=2 insert_pc=6 old_proto_total=91 new_proto_total=103 old_payload=90 new_payload=102 debug_drop=37
[repack] proto=2 pc=3 accept existing FR2 slice [4,4]
[repack] slice fail pc=9 unresolved reg=6 range=[6,7]
[repack] slice fail pc=9 unresolved reg=7 range=[7,8]
[repack] simple-local pick pc=8 op=MOV def=7 range=[7,8]
[repack] simple-local pick pc=7 op=MOV def=8 range=[7,8]
[repack] proto=2 pc=9 accept existing FR2 slice [7,8]
[repack] proto=6 pc=41 reject existing FR2 slice: new-first writer matches old-second old=13(pc=37,TGETV) old2=14(pc=38,TDUP) new=14(pc=38,TDUP)
[repack] slice fail pc=41 interference-at=40 op=TSETS reg=14 range=[13,14]
[repack] slice fail pc=42 unresolved reg=11 range=[11,12]
[repack] readonly slice retry fail pc=42 read-at=41 op=CALL reg=12 range=[11,12]
[repack] simple-local pick pc=36 op=TGETS def=12 range=[11,12]
[repack] simple-local missing reg=11 range=[11,12]
[repack] slice fail pc=42 unresolved reg=13 range=[12,13]
[repack] simple-local pick pc=36 op=TGETS def=12 range=[12,13]
[repack] simple-local missing reg=13 range=[12,13]
[repack] proto=6 pc=42 call-selfdef helper enter consumer=ITERC producer=TSETS self=CALL producer_b=14 consumer_span=771 producer_c=11
[repack] proto=6 pc=42 call-method-basecopy helper enter consumer=ITERC producer=CALL producer_b=1 consumer_span=771 producer_c=3
[repack] slice fail pc=42 unresolved reg=11 range=[11,12]
[repack] readonly slice retry fail pc=42 read-at=41 op=CALL reg=12 range=[11,12]
[repack] simple-local pick pc=36 op=TGETS def=12 range=[11,12]
[repack] simple-local missing reg=11 range=[11,12]
[repack] proto=6 pc=42 iterc-adjacent-call iterc-slice reject blocker_pc=41 op=CALL reg=12
[repack] proto=6 pc=42 call-chain helper enter consumer=ITERC producer=CALL producer_b=1 consumer_span=771 producer_c=3
[repack] proto=6 pc=42 copy-fallback keep target-entry reason=slice-select-fail protect-adjacent-call insert_pc=42
[repack] proto=6 pc=42 copy-fallback spill reason=slice-select-fail insert_pc=42 spill=16 first_touch=read pc=43 op=ITERL shift_count=2
[rebuild] proto=6 insert_pc=42 old_proto_total=461 new_proto_total=473 old_payload=459 new_payload=471 debug_drop=158
[repack] proto=6 pc=6 accept existing FR2 slice [7,8]
[repack] proto=6 pc=28 accept existing FR2 slice [9,9]
[repack] slice fail pc=41 interference-at=40 op=TSETS reg=14 range=[14,15]
[repack] simple-local pick pc=38 op=TDUP def=15 range=[14,15]
[repack] simple-local pick pc=37 op=TGETV def=14 range=[14,15]
[repack] proto=6 pc=41 accept existing FR2 slice [14,15]
[repack] slice fail pc=45 unresolved reg=11 range=[11,12]
[repack] slice fail pc=45 target-at=42 range=[12,13]
[repack] simple-local pick pc=44 op=MOV def=12 range=[12,13]
[repack] simple-local pick pc=43 op=MOV def=13 range=[12,13]
[repack] proto=6 pc=45 accept existing FR2 slice [12,13]
[repack] proto=6 pc=41 apply RegisterWorkflowForSkills entry-table fix TSETS B14 -> B15
[repack] proto=10 pc=21 reject existing FR2 slice: new-first writer matches old-second old=3(pc=18,MOV) old2=4(pc=20,KSTR) new=4(pc=20,KSTR)
[repack] proto=10 pc=21 reject existing FR2 slice: new-first writer matches old-second old=3(pc=18,MOV) old2=4(pc=20,KSTR) new=4(pc=20,KSTR)
[repack] proto=10 pc=21 allow live-after reg=5 due to future FR2 arg shift write (first_touch=read pc=48 op=ITERC)
[repack] proto=10 pc=29 reject existing FR2 slice: new-first writer matches old-second old=3(pc=26,MOV) old2=4(pc=28,KSTR) new=4(pc=28,KSTR)
[repack] proto=10 pc=29 reject existing FR2 slice: new-first writer matches old-second old=3(pc=26,MOV) old2=4(pc=28,KSTR) new=4(pc=28,KSTR)
[repack] proto=10 pc=29 live-after fallback call-frame-shift copy insert base=2->3 args=[3,4]->[5,6]
[rebuild] proto=10 insert_pc=29 old_proto_total=1241 new_proto_total=1253 old_payload=1239 new_payload=1251 debug_drop=333
[repack] proto=10 pc=21 accept existing FR2 slice [4,5]
[repack] proto=10 pc=32 accept existing FR2 slice [5,6]
[repack] slice fail pc=49 unresolved reg=12 range=[11,12]
[repack] simple-local pick pc=48 op=KPRI def=11 range=[11,12]
[repack] simple-local missing reg=12 range=[11,12]
[repack] slice fail pc=51 interference-at=50 op=CALLM reg=7 range=[6,7]
[repack] readonly slice retry fail pc=51 read-at=50 op=CALLM reg=7 range=[6,7]
[repack] simple-local pick pc=44 op=TGETS def=7 range=[6,7]
[repack] simple-local pick pc=29 op=MOV def=6 range=[6,7]
[repack] slice fail pc=51 interference-at=50 op=CALLM reg=7 range=[7,8]
[repack] simple-local pick pc=44 op=TGETS def=7 range=[7,8]
[repack] simple-local pick pc=43 op=MOV def=8 range=[7,8]
[repack] proto=10 pc=51 accept existing FR2 slice [7,8]
[repack] proto=10 pc=62 reject existing FR2 slice: stale new-first old=3(pc=60,MOV) new=4(pc=40,CALL)
[repack] slice fail pc=86 unresolved reg=14 range=[13,14]
[repack] simple-local pick pc=85 op=TGETS def=13 range=[13,14]
[repack] simple-local missing reg=14 range=[13,14]
[repack] slice fail pc=120 target-at=110 range=[12,13]
[repack] simple-local pick pc=119 op=LEN def=12 range=[12,13]
[repack] simple-local pick pc=84 op=MOV def=13 range=[12,13]
[repack] proto=10 pc=120 accept existing FR2 slice [12,13]
[repack] proto=10 pc=126 reject existing FR2 slice: stale new-first old=12(pc=125,CAT) new=13(pc=124,KSTR)
[repack] slice fail pc=135 unresolved reg=17 range=[16,17]
[repack] simple-local pick pc=134 op=KPRI def=16 range=[16,17]
[repack] simple-local missing reg=17 range=[16,17]
[repack] slice fail pc=182 interference-at=181 op=TSETB reg=4 range=[4,5]
[repack] simple-local pick pc=180 op=UNM def=5 range=[4,5]
[repack] simple-local pick pc=169 op=TNEW def=4 range=[4,5]
[repack] proto=11 pc=182 accept existing FR2 slice [4,5]
[repack] proto=11 pc=217 skip existing FR2 slice for CALL+TSETM variadic chain base=2 old=[3,5] new=[4,6] tsetm_a=6
[repack] slice fail pc=217 interference-at=211 op=TSETB reg=5 range=[3,5]
[repack] proto=11 pc=217 skip existing FR2 slice for CALL+TSETM variadic chain base=2 old=[3,5] new=[4,6] tsetm_a=6
[repack] proto=11 pc=217 call-selfdef helper enter consumer=CALL producer=CALL self=TSETM producer_b=0 consumer_span=4 producer_c=2
[repack] proto=11 pc=217 call-method-basecopy helper enter consumer=CALL producer=TSETM producer_b=0 consumer_span=4 producer_c=1
[repack] proto=11 pc=217 call-intermediate-producer target-touch reject blocker_pc=182 op=CALL reg=4 producer_pc=179
[repack] proto=11 pc=217 call-chain helper enter consumer=CALL producer=TSETM producer_b=0 consumer_span=4 producer_c=1
[repack] proto=11 pc=217 copy-fallback keep legacy-overlap reason=target-touch-fail old=[3,5] new=[4,6] base=2 nargs=3 b=1
[repack] proto=11 pc=217 copy-fallback reason=target-touch-fail insert_pc=217 count=3 range=[3,5]->[4,6] deferred=0
[rebuild] proto=11 insert_pc=217 old_proto_total=1736 new_proto_total=1748 old_payload=1734 new_payload=1746 debug_drop=358
[repack] proto=11 pc=22 accept existing FR2 slice [7,7]
[repack] proto=11 pc=42 accept existing FR2 slice [7,7]
[repack] proto=11 pc=62 accept existing FR2 slice [7,7]
[repack] proto=11 pc=85 accept existing FR2 slice [6,6]
[repack] proto=11 pc=105 accept existing FR2 slice [7,7]
[repack] proto=11 pc=125 accept existing FR2 slice [7,7]
[repack] proto=11 pc=145 accept existing FR2 slice [7,7]
[repack] proto=11 pc=173 accept existing FR2 slice [7,7]
[repack] proto=11 pc=179 accept existing FR2 slice [7,7]
[repack] slice fail pc=182 interference-at=181 op=TSETB reg=4 range=[4,5]
[repack] simple-local pick pc=180 op=UNM def=5 range=[4,5]
[repack] simple-local pick pc=169 op=TNEW def=4 range=[4,5]
[repack] proto=11 pc=182 accept existing FR2 slice [4,5]
[repack] proto=11 pc=209 accept existing FR2 slice [8,8]
[repack] proto=11 pc=215 accept existing FR2 slice [8,8]
[repack] slice fail pc=220 interference-at=211 op=TSETB reg=5 range=[4,6]
[repack] simple-local pick pc=219 op=MOV def=4 range=[4,6]
[repack] simple-local pick pc=218 op=MOV def=5 range=[4,6]
[repack] simple-local pick pc=217 op=MOV def=6 range=[4,6]
[repack] proto=11 pc=220 accept existing FR2 slice [4,6]
[repack] slice fail pc=6 unresolved reg=8 range=[7,8]
[repack] simple-local pick pc=5 op=MOV def=7 range=[7,8]
[repack] simple-local missing reg=8 range=[7,8]
[repack] slice fail pc=19 unresolved reg=9 range=[8,9]
[repack] simple-local pick pc=18 op=MOV def=8 range=[8,9]
[repack] simple-local missing reg=9 range=[8,9]
[repack] proto=13 pc=29 reject existing FR2 slice: stale new-first old=7(pc=27,MOV) new=8(pc=23,TGETS)
[repack] proto=13 pc=36 reject existing FR2 slice: generic new-first matches old-second old=7(pc=31,MOV) old2=8(pc=33,MOV) new=8(pc=33,MOV)
[repack] proto=14 pc=54 skip FR2 arg shift for CALL(C=3,B=1) cat-tail old=[10,11]
[repack] slice fail pc=77 unresolved reg=15 range=[12,15]
[repack] simple-local pick pc=76 op=MOV def=14 range=[12,15]
[repack] simple-local pick pc=75 op=KSTR def=13 range=[12,15]
[repack] simple-local pick pc=74 op=TGETS def=12 range=[12,15]
[repack] simple-local missing reg=15 range=[12,15]
[repack] proto=14 pc=89 skip FR2 arg shift for CALL(C=3,B=1) cat-tail old=[11,12]
[repack] slice fail pc=98 target-at=90 range=[9,10]
[repack] simple-local pick pc=97 op=SUBVN def=9 range=[9,10]
[repack] simple-local pick pc=82 op=TGETS def=10 range=[9,10]
[repack] proto=14 pc=98 accept existing FR2 slice [9,10]
[repack] proto=14 pc=110 skip FR2 arg shift for CALL(C=3,B=1) cat-tail old=[9,10]
[repack] slice fail pc=21 unresolved reg=12 range=[11,12]
[repack] simple-local pick pc=20 op=KSHORT def=11 range=[11,12]
[repack] simple-local missing reg=12 range=[11,12]
[repack] proto=15 pc=75 reject existing FR2 slice: new-first writer matches old-second old=8(pc=72,MOV) old2=9(pc=74,KSTR) new=9(pc=74,KSTR)
[repack] slice fail pc=91 target-at=64 range=[9,16]
[repack] simple-local pick pc=90 op=MOV def=15 range=[9,16]
[repack] simple-local pick pc=89 op=KPRI def=14 range=[9,16]
[repack] simple-local pick pc=88 op=KSHORT def=13 range=[9,16]
[repack] simple-local pick pc=82 op=TGETS def=12 range=[9,16]
[repack] simple-local pick pc=81 op=MOV def=11 range=[9,16]
[repack] simple-local pick pc=80 op=MOV def=10 range=[9,16]
[repack] simple-local pick pc=79 op=MOV def=9 range=[9,16]
[repack] simple-local pick pc=43 op=MOV def=16 range=[9,16]
[repack] proto=15 pc=91 accept existing FR2 slice [9,16]
[repack] proto=15 pc=130 reject existing FR2 slice: stale new-first old=10(pc=128,MOV) new=11(pc=122,SUBVN)
[repack] proto=15 pc=134 reject existing FR2 slice: stale new-first old=10(pc=132,MOV) new=11(pc=128,MOV)
[repack] proto=15 pc=137 reject existing FR2 slice: stale new-first old=10(pc=135,MOV) new=11(pc=132,MOV)
[repack] proto=15 pc=142 reject existing FR2 slice: new-first writer matches old-second old=10(pc=139,MOV) old2=11(pc=141,KSTR) new=11(pc=141,KSTR)
[repack] proto=15 pc=147 reject existing FR2 slice: new-first writer matches old-second old=11(pc=144,MOV) old2=12(pc=146,KSTR) new=12(pc=146,KSTR)
[repack] proto=15 pc=152 reject existing FR2 slice: new-first writer matches old-second old=12(pc=149,MOV) old2=13(pc=151,KSTR) new=13(pc=151,KSTR)
[repack] proto=15 pc=157 reject existing FR2 slice: new-first writer matches old-second old=13(pc=154,MOV) old2=14(pc=156,KSTR) new=14(pc=156,KSTR)
[repack] slice fail pc=195 target-at=64 range=[15,16]
[repack] simple-local pick pc=194 op=TGETS def=15 range=[15,16]
[repack] simple-local pick pc=43 op=MOV def=16 range=[15,16]
[repack] proto=15 pc=195 accept existing FR2 slice [15,16]
[repack] slice fail pc=3 unresolved reg=6 range=[5,6]
[repack] simple-local pick pc=2 op=KSHORT def=5 range=[5,6]
[repack] simple-local missing reg=6 range=[5,6]
[repack] slice fail pc=26 interference-at=25 op=TSETB reg=13 range=[13,14]
[repack] simple-local pick pc=24 op=TGETV def=14 range=[13,14]
[repack] simple-local pick pc=18 op=TNEW def=13 range=[13,14]
[repack] proto=17 pc=26 accept existing FR2 slice [13,14]
[repack] slice fail pc=40 unresolved reg=9 range=[8,9]
[repack] simple-local pick pc=39 op=FNEW def=8 range=[8,9]
[repack] simple-local missing reg=9 range=[8,9]
[repack] slice fail pc=57 target-at=28 range=[11,13]
[repack] simple-local pick pc=56 op=TGETS def=12 range=[11,13]
[repack] simple-local pick pc=53 op=KSHORT def=11 range=[11,13]
[repack] simple-local pick pc=18 op=TNEW def=13 range=[11,13]
[repack] proto=17 pc=57 accept existing FR2 slice [11,13]
[repack] slice fail pc=14 unresolved reg=6 range=[6,7]
[repack] slice fail pc=14 interference-at=13 op=RET1 reg=7 range=[7,8]
[repack] simple-local pick pc=12 op=KPRI def=7 range=[7,8]
[repack] simple-local pick pc=8 op=TGETB def=8 range=[7,8]
[repack] proto=18 pc=14 accept existing FR2 slice [7,8]
[repack] proto=19 pc=7 reject existing FR2 slice: generic new-first matches old-second old=4(pc=3,MOV) old2=5(pc=5,MOV) new=5(pc=5,MOV)
[repack] proto=19 pc=33 reject existing FR2 slice: new-first writer matches old-second old=7(pc=30,MOV) old2=8(pc=32,KSTR) new=8(pc=32,KSTR)
[repack] slice fail pc=72 unresolved reg=14 range=[13,14]
[repack] simple-local pick pc=71 op=MOV def=13 range=[13,14]
[repack] simple-local missing reg=14 range=[13,14]
[repack] proto=19 pc=90 skip FR2 arg shift for CALL(C=3,B=1) tgetv-tail old=[17,18]
[repack] proto=19 pc=103 skip FR2 arg shift for CALL(C=3,B=1) tgetv-tail old=[17,18]
[repack] proto=19 pc=228 reject existing FR2 slice: new-first writer matches old-second old=17(pc=220,TGETS) old2=18(pc=221,TNEW) new=18(pc=221,TNEW)
[repack] slice fail pc=228 interference-at=227 op=TSETB reg=18 range=[17,18]
[repack] proto=19 pc=228 reject existing FR2 slice: new-first writer matches old-second old=17(pc=220,TGETS) old2=18(pc=221,TNEW) new=18(pc=221,TNEW)
[repack] proto=19 pc=228 call-selfdef helper enter consumer=CALL producer=TGETB self=TSETB producer_b=19 consumer_span=3 producer_c=1
[repack] proto=19 pc=228 call-method-basecopy helper enter consumer=CALL producer=TSETB producer_b=18 consumer_span=3 producer_c=2
[repack] proto=19 pc=228 call-chain helper enter consumer=CALL producer=TSETB producer_b=18 consumer_span=3 producer_c=2
[repack] proto=19 pc=228 copy-fallback call-frame-shift reason=target-touch-fail insert_pc=228 base=16->17 args=[17,18]->[19,20]
[rebuild] proto=19 insert_pc=228 old_proto_total=11377 new_proto_total=11389 old_payload=11375 new_payload=11387 debug_drop=3750
[repack] proto=19 pc=7 accept existing FR2 slice [5,7]
[repack] proto=19 pc=33 accept existing FR2 slice [8,9]
[repack] proto=19 pc=67 accept existing FR2 slice [8,8]
[repack] proto=19 pc=72 accept existing FR2 slice [13,14]
[repack] proto=19 pc=90 skip FR2 arg shift for CALL(C=3,B=1) tgetv-tail old=[17,18]
[repack] proto=19 pc=103 skip FR2 arg shift for CALL(C=3,B=1) tgetv-tail old=[17,18]
[repack] proto=19 pc=231 accept existing FR2 slice [19,20]
[repack] proto=19 pc=320 live-after fallback call-frame-shift copy insert base=14->15 args=[15,17]->[17,19]
[rebuild] proto=19 insert_pc=320 old_proto_total=11389 new_proto_total=11405 old_payload=11387 new_payload=11403 debug_drop=3750
[repack] proto=19 pc=7 accept existing FR2 slice [5,7]
[repack] proto=19 pc=33 accept existing FR2 slice [8,9]
[repack] proto=19 pc=67 accept existing FR2 slice [8,8]
[repack] proto=19 pc=72 accept existing FR2 slice [13,14]
[repack] proto=19 pc=90 skip FR2 arg shift for CALL(C=3,B=1) tgetv-tail old=[17,18]
[repack] proto=19 pc=103 skip FR2 arg shift for CALL(C=3,B=1) tgetv-tail old=[17,18]
[repack] proto=19 pc=231 accept existing FR2 slice [19,20]
[repack] proto=19 pc=241 accept existing FR2 slice [19,19]
[repack] proto=19 pc=262 accept existing FR2 slice [20,20]
[repack] proto=19 pc=277 accept existing FR2 slice [20,20]
[repack] proto=19 pc=283 accept existing FR2 slice [20,20]
[repack] proto=19 pc=291 accept existing FR2 slice [18,19]
[repack] proto=19 pc=324 accept existing FR2 slice [17,19]
[repack] proto=19 pc=476 reject existing FR2 slice: new-first writer matches old-second old=22(pc=468,TGETS) old2=23(pc=469,TNEW) new=23(pc=469,TNEW)
[repack] slice fail pc=476 interference-at=475 op=TSETB reg=23 range=[22,23]
[repack] proto=19 pc=476 reject existing FR2 slice: new-first writer matches old-second old=22(pc=468,TGETS) old2=23(pc=469,TNEW) new=23(pc=469,TNEW)
[repack] proto=19 pc=476 call-selfdef helper enter consumer=CALL producer=TGETB self=TSETB producer_b=24 consumer_span=3 producer_c=1
[repack] proto=19 pc=476 call-method-basecopy helper enter consumer=CALL producer=TSETB producer_b=23 consumer_span=3 producer_c=2
[repack] proto=19 pc=476 call-chain helper enter consumer=CALL producer=TSETB producer_b=23 consumer_span=3 producer_c=2
[repack] proto=19 pc=476 copy-fallback call-frame-shift reason=target-touch-fail insert_pc=476 base=21->22 args=[22,23]->[24,25]
[rebuild] proto=19 insert_pc=476 old_proto_total=11405 new_proto_total=11417 old_payload=11403 new_payload=11415 debug_drop=3750
[repack] proto=19 pc=7 accept existing FR2 slice [5,7]
[repack] proto=19 pc=33 accept existing FR2 slice [8,9]
[repack] proto=19 pc=67 accept existing FR2 slice [8,8]
[repack] proto=19 pc=72 accept existing FR2 slice [13,14]
[repack] proto=19 pc=90 skip FR2 arg shift for CALL(C=3,B=1) tgetv-tail old=[17,18]
[repack] proto=19 pc=103 skip FR2 arg shift for CALL(C=3,B=1) tgetv-tail old=[17,18]
[repack] proto=19 pc=231 accept existing FR2 slice [19,20]
[repack] proto=19 pc=241 accept existing FR2 slice [19,19]
[repack] proto=19 pc=262 accept existing FR2 slice [20,20]
[repack] proto=19 pc=277 accept existing FR2 slice [20,20]
[repack] proto=19 pc=283 accept existing FR2 slice [20,20]
[repack] proto=19 pc=291 accept existing FR2 slice [18,19]
[repack] proto=19 pc=324 accept existing FR2 slice [17,19]
[repack] proto=19 pc=348 accept existing FR2 slice [22,23]
[repack] proto=19 pc=377 accept existing FR2 slice [16,18]
[repack] proto=19 pc=407 accept existing FR2 slice [23,23]
[repack] proto=19 pc=411 accept existing FR2 slice [24,24]
[repack] proto=19 pc=425 accept existing FR2 slice [24,24]
[repack] proto=19 pc=454 accept existing FR2 slice [24,24]
[repack] proto=19 pc=479 accept existing FR2 slice [24,25]
[repack] slice fail pc=643 interference-at=634 op=FORL reg=19 range=[18,19]
[repack] simple-local pick pc=642 op=KSHORT def=18 range=[18,19]
[repack] simple-local pick pc=339 op=TGETV def=19 range=[18,19]
[repack] proto=19 pc=643 accept existing FR2 slice [18,19]
[repack] slice fail pc=651 interference-at=632 op=TGETS reg=20 range=[18,20]
[repack] simple-local pick pc=650 op=TGETS def=19 range=[18,20]
[repack] simple-local pick pc=649 op=MOV def=18 range=[18,20]
[repack] simple-local pick pc=630 op=TGETV def=20 range=[18,20]
[repack] proto=19 pc=651 accept existing FR2 slice [18,20]
[repack] proto=19 pc=705 live-after fallback call-frame-shift copy insert base=9->10 args=[10,12]->[12,14]
[rebuild] proto=19 insert_pc=705 old_proto_total=11417 new_proto_total=11433 old_payload=11415 new_payload=11431 debug_drop=3750
[repack] proto=19 pc=7 accept existing FR2 slice [5,7]
[repack] proto=19 pc=33 accept existing FR2 slice [8,9]
[repack] proto=19 pc=67 accept existing FR2 slice [8,8]
[repack] proto=19 pc=72 accept existing FR2 slice [13,14]
[repack] proto=19 pc=90 skip FR2 arg shift for CALL(C=3,B=1) tgetv-tail old=[17,18]
[repack] proto=19 pc=103 skip FR2 arg shift for CALL(C=3,B=1) tgetv-tail old=[17,18]
[repack] proto=19 pc=231 accept existing FR2 slice [19,20]
[repack] proto=19 pc=241 accept existing FR2 slice [19,19]
[repack] proto=19 pc=262 accept existing FR2 slice [20,20]
[repack] proto=19 pc=277 accept existing FR2 slice [20,20]
[repack] proto=19 pc=283 accept existing FR2 slice [20,20]
[repack] proto=19 pc=291 accept existing FR2 slice [18,19]
[repack] proto=19 pc=324 accept existing FR2 slice [17,19]
[repack] proto=19 pc=348 accept existing FR2 slice [22,23]
[repack] proto=19 pc=377 accept existing FR2 slice [16,18]
[repack] proto=19 pc=407 accept existing FR2 slice [23,23]
[repack] proto=19 pc=411 accept existing FR2 slice [24,24]
[repack] proto=19 pc=425 accept existing FR2 slice [24,24]
[repack] proto=19 pc=454 accept existing FR2 slice [24,24]
[repack] proto=19 pc=479 accept existing FR2 slice [24,25]
[repack] proto=19 pc=489 accept existing FR2 slice [24,24]
[repack] proto=19 pc=510 accept existing FR2 slice [25,25]
[repack] proto=19 pc=525 accept existing FR2 slice [25,25]
[repack] proto=19 pc=531 accept existing FR2 slice [25,25]
[repack] proto=19 pc=621 accept existing FR2 slice [23,24]
[repack] slice fail pc=643 interference-at=634 op=FORL reg=19 range=[18,19]
[repack] simple-local pick pc=642 op=KSHORT def=18 range=[18,19]
[repack] simple-local pick pc=339 op=TGETV def=19 range=[18,19]
[repack] proto=19 pc=643 accept existing FR2 slice [18,19]
[repack] slice fail pc=651 interference-at=632 op=TGETS reg=20 range=[18,20]
[repack] simple-local pick pc=650 op=TGETS def=19 range=[18,20]
[repack] simple-local pick pc=649 op=MOV def=18 range=[18,20]
[repack] simple-local pick pc=630 op=TGETV def=20 range=[18,20]
[repack] proto=19 pc=651 accept existing FR2 slice [18,20]
[repack] proto=19 pc=669 accept existing FR2 slice [23,24]
[repack] proto=19 pc=709 accept existing FR2 slice [12,14]
[repack] slice fail pc=722 target-at=718 range=[16,17]
[repack] simple-local pick pc=721 op=TGETV def=16 range=[16,17]
[repack] simple-local pick pc=657 op=SUBVN def=17 range=[16,17]
[repack] proto=19 pc=722 accept existing FR2 slice [16,17]
[repack] proto=19 pc=729 live-after fallback call-frame-shift copy insert base=9->10 args=[10,12]->[12,14]
[rebuild] proto=19 insert_pc=729 old_proto_total=11433 new_proto_total=11449 old_payload=11431 new_payload=11447 debug_drop=3750
[repack] proto=19 pc=7 accept existing FR2 slice [5,7]
[repack] proto=19 pc=33 accept existing FR2 slice [8,9]
[repack] proto=19 pc=67 accept existing FR2 slice [8,8]
[repack] proto=19 pc=72 accept existing FR2 slice [13,14]
[repack] proto=19 pc=90 skip FR2 arg shift for CALL(C=3,B=1) tgetv-tail old=[17,18]
[repack] proto=19 pc=103 skip FR2 arg shift for CALL(C=3,B=1) tgetv-tail old=[17,18]
[repack] proto=19 pc=231 accept existing FR2 slice [19,20]
[repack] proto=19 pc=241 accept existing FR2 slice [19,19]
[repack] proto=19 pc=262 accept existing FR2 slice [20,20]
[repack] proto=19 pc=277 accept existing FR2 slice [20,20]
[repack] proto=19 pc=283 accept existing FR2 slice [20,20]
[repack] proto=19 pc=291 accept existing FR2 slice [18,19]
[repack] proto=19 pc=324 accept existing FR2 slice [17,19]
[repack] proto=19 pc=348 accept existing FR2 slice [22,23]
[repack] proto=19 pc=377 accept existing FR2 slice [16,18]
[repack] proto=19 pc=407 accept existing FR2 slice [23,23]
[repack] proto=19 pc=411 accept existing FR2 slice [24,24]
[repack] proto=19 pc=425 accept existing FR2 slice [24,24]
[repack] proto=19 pc=454 accept existing FR2 slice [24,24]
[repack] proto=19 pc=479 accept existing FR2 slice [24,25]
[repack] proto=19 pc=489 accept existing FR2 slice [24,24]
[repack] proto=19 pc=510 accept existing FR2 slice [25,25]
[repack] proto=19 pc=525 accept existing FR2 slice [25,25]
[repack] proto=19 pc=531 accept existing FR2 slice [25,25]
[repack] proto=19 pc=621 accept existing FR2 slice [23,24]
[repack] slice fail pc=643 interference-at=634 op=FORL reg=19 range=[18,19]
[repack] simple-local pick pc=642 op=KSHORT def=18 range=[18,19]
[repack] simple-local pick pc=339 op=TGETV def=19 range=[18,19]
[repack] proto=19 pc=643 accept existing FR2 slice [18,19]
[repack] slice fail pc=651 interference-at=632 op=TGETS reg=20 range=[18,20]
[repack] simple-local pick pc=650 op=TGETS def=19 range=[18,20]
[repack] simple-local pick pc=649 op=MOV def=18 range=[18,20]
[repack] simple-local pick pc=630 op=TGETV def=20 range=[18,20]
[repack] proto=19 pc=651 accept existing FR2 slice [18,20]
[repack] proto=19 pc=669 accept existing FR2 slice [23,24]
[repack] proto=19 pc=709 accept existing FR2 slice [12,14]
[repack] slice fail pc=722 target-at=718 range=[16,17]
[repack] simple-local pick pc=721 op=TGETV def=16 range=[16,17]
[repack] simple-local pick pc=657 op=SUBVN def=17 range=[16,17]
[repack] proto=19 pc=722 accept existing FR2 slice [16,17]
[repack] proto=19 pc=733 accept existing FR2 slice [12,14]
[repack] slice fail pc=751 interference-at=750 op=TSETV reg=13 range=[13,14]
[repack] readonly slice retry fail pc=751 target-at=738 range=[13,14]
[repack] simple-local pick pc=748 op=TGETS def=14 range=[13,14]
[repack] simple-local pick pc=730 op=MOV def=13 range=[13,14]
[repack] slice fail pc=751 interference-at=750 op=TSETV reg=14 range=[14,15]
[repack] simple-local pick pc=749 op=KPRI def=15 range=[14,15]
[repack] simple-local pick pc=748 op=TGETS def=14 range=[14,15]
[repack] proto=19 pc=751 accept existing FR2 slice [14,15]
[repack] slice fail pc=767 interference-at=752 op=ITERL reg=13 range=[12,13]
[repack] simple-local pick pc=766 op=TGETS def=12 range=[12,13]
[repack] simple-local pick pc=730 op=MOV def=13 range=[12,13]
[repack] proto=19 pc=767 accept existing FR2 slice [12,13]
[repack] slice fail pc=801 target-at=789 range=[17,18]
[repack] simple-local pick pc=800 op=TGETS def=17 range=[17,18]
[repack] simple-local pick pc=658 op=KSHORT def=18 range=[17,18]
[repack] proto=19 pc=801 accept existing FR2 slice [17,18]
[repack] slice fail pc=842 interference-at=837 op=ISGE reg=19 range=[18,19]
[repack] simple-local pick pc=841 op=KSHORT def=18 range=[18,19]
[repack] simple-local pick pc=836 op=KSHORT def=19 range=[18,19]
[repack] proto=19 pc=842 accept existing FR2 slice [18,19]
[repack] slice fail pc=863 target-at=851 range=[19,20]
[repack] simple-local pick pc=862 op=KSHORT def=19 range=[19,20]
[repack] simple-local pick pc=812 op=KSHORT def=20 range=[19,20]
[repack] proto=19 pc=863 accept existing FR2 slice [19,20]
[repack] slice fail pc=881 interference-at=876 op=ISGE reg=20 range=[19,20]
[repack] simple-local pick pc=880 op=KSHORT def=19 range=[19,20]
[repack] simple-local pick pc=875 op=KSHORT def=20 range=[19,20]
[repack] proto=19 pc=881 accept existing FR2 slice [19,20]
[repack] slice fail pc=904 interference-at=899 op=ISGE reg=24 range=[23,24]
[repack] simple-local pick pc=903 op=KSHORT def=23 range=[23,24]
[repack] simple-local pick pc=898 op=KSHORT def=24 range=[23,24]
[repack] proto=19 pc=904 accept existing FR2 slice [23,24]
[repack] slice fail pc=934 interference-at=929 op=ISGE reg=19 range=[18,19]
[repack] simple-local pick pc=933 op=KSHORT def=18 range=[18,19]
[repack] simple-local pick pc=928 op=KSHORT def=19 range=[18,19]
[repack] proto=19 pc=934 accept existing FR2 slice [18,19]
[repack] slice fail pc=960 target-at=948 range=[19,20]
[repack] simple-local pick pc=959 op=KSHORT def=19 range=[19,20]
[repack] simple-local pick pc=890 op=TGETV def=20 range=[19,20]
[repack] proto=19 pc=960 accept existing FR2 slice [19,20]
[repack] slice fail pc=978 interference-at=973 op=ISGE reg=20 range=[19,20]
[repack] simple-local pick pc=977 op=KSHORT def=19 range=[19,20]
[repack] simple-local pick pc=972 op=KSHORT def=20 range=[19,20]
[repack] proto=19 pc=978 accept existing FR2 slice [19,20]
[repack] slice fail pc=1008 interference-at=1003 op=ISGE reg=24 range=[23,24]
[repack] simple-local pick pc=1007 op=KSHORT def=23 range=[23,24]
[repack] simple-local pick pc=1002 op=KSHORT def=24 range=[23,24]
[repack] proto=19 pc=1008 accept existing FR2 slice [23,24]
[repack] proto=19 pc=1044 skip FR2 arg shift for CALL(C=3,B=1) tgetv-tail old=[20,21]
[repack] slice fail pc=1045 interference-at=1044 op=CALL reg=19 range=[18,19]
[repack] readonly slice retry fail pc=1045 read-at=1044 op=CALL reg=19 range=[18,19]
[repack] simple-local pick pc=1038 op=TGETS def=19 range=[18,19]
[repack] simple-local pick pc=992 op=KSHORT def=18 range=[18,19]
[repack] slice fail pc=1045 interference-at=1044 op=CALL reg=19 range=[19,20]
[repack] simple-local pick pc=1041 op=TGETV def=20 range=[19,20]
[repack] simple-local pick pc=1038 op=TGETS def=19 range=[19,20]
[repack] proto=19 pc=1045 accept existing FR2 slice [19,20]
[repack] slice fail pc=1171 interference-at=1167 op=ISF reg=15 range=[14,15]
[repack] readonly slice retry fail pc=1171 target-at=1165 range=[14,15]
[repack] simple-local pick pc=1166 op=TGETV def=15 range=[14,15]
[repack] simple-local pick pc=1029 op=GGET def=14 range=[14,15]
[repack] slice fail pc=1171 interference-at=1167 op=ISF reg=15 range=[15,16]
[repack] simple-local pick pc=1166 op=TGETV def=15 range=[15,16]
[repack] simple-local pick pc=1030 op=TGETS def=16 range=[15,16]
[repack] proto=19 pc=1171 accept existing FR2 slice [15,16]
[repack] slice fail pc=1186 interference-at=1182 op=ISF reg=15 range=[14,15]
[repack] readonly slice retry fail pc=1186 target-at=1180 range=[14,15]
[repack] simple-local pick pc=1181 op=TGETV def=15 range=[14,15]
[repack] simple-local pick pc=1029 op=GGET def=14 range=[14,15]
[repack] slice fail pc=1186 interference-at=1182 op=ISF reg=15 range=[15,16]
[repack] simple-local pick pc=1181 op=TGETV def=15 range=[15,16]
[repack] simple-local pick pc=1030 op=TGETS def=16 range=[15,16]
[repack] proto=19 pc=1186 accept existing FR2 slice [15,16]
[repack] slice fail pc=1268 interference-at=1267 op=CALL reg=15 range=[14,15]
[repack] readonly slice retry fail pc=1268 read-at=1267 op=CALL reg=15 range=[14,15]
[repack] simple-local pick pc=1263 op=MOV def=15 range=[14,15]
[repack] simple-local pick pc=1029 op=GGET def=14 range=[14,15]
[repack] slice fail pc=1268 interference-at=1267 op=CALL reg=15 range=[15,16]
[repack] simple-local pick pc=1263 op=MOV def=15 range=[15,16]
[repack] simple-local pick pc=1030 op=TGETS def=16 range=[15,16]
[repack] proto=19 pc=1268 accept existing FR2 slice [15,16]
[repack] proto=19 pc=1278 reject existing FR2 slice: stale new-first old=11(pc=1276,MOV) new=12(pc=1261,CALL)
[repack] slice fail pc=1303 interference-at=1269 op=ITERL reg=14 range=[13,14]
[repack] simple-local pick pc=1302 op=TGETS def=13 range=[13,14]
[repack] simple-local pick pc=1029 op=GGET def=14 range=[13,14]
[repack] proto=19 pc=1303 accept existing FR2 slice [13,14]
[repack] proto=19 pc=1311 reject existing FR2 slice: new-first writer matches old-second old=13(pc=1308,MOV) old2=14(pc=1310,KSTR) new=14(pc=1310,KSTR)
[repack] proto=19 pc=1316 reject existing FR2 slice: new-first writer matches old-second old=14(pc=1313,MOV) old2=15(pc=1315,KSTR) new=15(pc=1315,KSTR)
[repack] slice fail pc=1342 target-at=1047 range=[17,20]
[repack] simple-local pick pc=1341 op=MOV def=19 range=[17,20]
[repack] simple-local pick pc=1340 op=KSTR def=18 range=[17,20]
[repack] simple-local pick pc=1339 op=TGETS def=17 range=[17,20]
[repack] simple-local pick pc=1041 op=TGETV def=20 range=[17,20]
[repack] proto=19 pc=1342 accept existing FR2 slice [17,20]
[repack] proto=19 pc=1362 skip FR2 arg shift for CALL(C=3,B=1) cat-tail old=[16,17]
[repack] proto=19 pc=1381 reject existing FR2 slice: call-result arg1 aliases old-second old=13(pc=1379,CALL) old2=14(pc=1380,KSHORT) new=14(pc=1380,KSHORT)
[repack] slice fail pc=1381 interference-at=1379 op=CALL reg=13 range=[13,14]
[repack] readonly slice retry fail pc=1381 write-at=1379 op=CALL reg=13 range=[13,14]
[repack] simple-local pick pc=1380 op=KSHORT def=14 range=[13,14]
[repack] simple-local pick pc=1377 op=TGETS def=13 range=[13,14]
[repack] simple-local reject pc=1381 reg=13 nearest=1379(CALL) not-selected range=[13,14]
[repack] proto=19 pc=1381 reject existing FR2 slice: call-result arg1 aliases old-second old=13(pc=1379,CALL) old2=14(pc=1380,KSHORT) new=14(pc=1380,KSHORT)
[repack] proto=19 pc=1381 call-selfdef helper enter consumer=CALL producer=CALL self=KSHORT producer_b=2 consumer_span=3 producer_c=2
[repack] proto=19 pc=1381 call-method-basecopy helper enter consumer=CALL producer=KSHORT producer_b=0 consumer_span=3 producer_c=200
[repack] slice fail pc=1381 interference-at=1379 op=CALL reg=13 range=[13,13]
[repack] readonly slice retry fail pc=1381 write-at=1379 op=CALL reg=13 range=[13,13]
[repack] simple-local pick pc=1377 op=TGETS def=13 range=[13,13]
[repack] proto=19 pc=1381 call-intermediate-producer target-touch reject blocker_pc=1328 op=ISGE reg=15 producer_pc=1323
[repack] proto=19 pc=1381 call-chain helper enter consumer=CALL producer=KSHORT producer_b=0 consumer_span=3 producer_c=200
[repack] proto=19 pc=1381 copy-fallback keep legacy-overlap reason=slice-select-fail old=[13,14] new=[14,15] base=12 nargs=2 b=2
[repack] proto=19 pc=1381 copy-fallback reason=slice-select-fail insert_pc=1381 count=2 range=[13,14]->[14,15] deferred=0
[rebuild] proto=19 insert_pc=1381 old_proto_total=11449 new_proto_total=11457 old_payload=11447 new_payload=11455 debug_drop=3750
[repack] proto=19 pc=7 accept existing FR2 slice [5,7]
[repack] proto=19 pc=33 accept existing FR2 slice [8,9]
[repack] proto=19 pc=67 accept existing FR2 slice [8,8]
[repack] proto=19 pc=72 accept existing FR2 slice [13,14]
[repack] proto=19 pc=90 skip FR2 arg shift for CALL(C=3,B=1) tgetv-tail old=[17,18]
[repack] proto=19 pc=103 skip FR2 arg shift for CALL(C=3,B=1) tgetv-tail old=[17,18]
[repack] proto=19 pc=231 accept existing FR2 slice [19,20]
[repack] proto=19 pc=241 accept existing FR2 slice [19,19]
[repack] proto=19 pc=262 accept existing FR2 slice [20,20]
[repack] proto=19 pc=277 accept existing FR2 slice [20,20]
[repack] proto=19 pc=283 accept existing FR2 slice [20,20]
[repack] proto=19 pc=291 accept existing FR2 slice [18,19]
[repack] proto=19 pc=324 accept existing FR2 slice [17,19]
[repack] proto=19 pc=348 accept existing FR2 slice [22,23]
[repack] proto=19 pc=377 accept existing FR2 slice [16,18]
[repack] proto=19 pc=407 accept existing FR2 slice [23,23]
[repack] proto=19 pc=411 accept existing FR2 slice [24,24]
[repack] proto=19 pc=425 accept existing FR2 slice [24,24]
[repack] proto=19 pc=454 accept existing FR2 slice [24,24]
[repack] proto=19 pc=479 accept existing FR2 slice [24,25]
[repack] proto=19 pc=489 accept existing FR2 slice [24,24]
[repack] proto=19 pc=510 accept existing FR2 slice [25,25]
[repack] proto=19 pc=525 accept existing FR2 slice [25,25]
[repack] proto=19 pc=531 accept existing FR2 slice [25,25]
[repack] proto=19 pc=621 accept existing FR2 slice [23,24]
[repack] slice fail pc=643 interference-at=634 op=FORL reg=19 range=[18,19]
[repack] simple-local pick pc=642 op=KSHORT def=18 range=[18,19]
[repack] simple-local pick pc=339 op=TGETV def=19 range=[18,19]
[repack] proto=19 pc=643 accept existing FR2 slice [18,19]
[repack] slice fail pc=651 interference-at=632 op=TGETS reg=20 range=[18,20]
[repack] simple-local pick pc=650 op=TGETS def=19 range=[18,20]
[repack] simple-local pick pc=649 op=MOV def=18 range=[18,20]
[repack] simple-local pick pc=630 op=TGETV def=20 range=[18,20]
[repack] proto=19 pc=651 accept existing FR2 slice [18,20]
[repack] proto=19 pc=669 accept existing FR2 slice [23,24]
[repack] proto=19 pc=709 accept existing FR2 slice [12,14]
[repack] slice fail pc=722 target-at=718 range=[16,17]
[repack] simple-local pick pc=721 op=TGETV def=16 range=[16,17]
[repack] simple-local pick pc=657 op=SUBVN def=17 range=[16,17]
[repack] proto=19 pc=722 accept existing FR2 slice [16,17]
[repack] proto=19 pc=733 accept existing FR2 slice [12,14]
[repack] proto=19 pc=736 accept existing FR2 slice [11,11]
[repack] slice fail pc=751 interference-at=750 op=TSETV reg=13 range=[13,14]
[repack] readonly slice retry fail pc=751 target-at=738 range=[13,14]
[repack] simple-local pick pc=748 op=TGETS def=14 range=[13,14]
[repack] simple-local pick pc=730 op=MOV def=13 range=[13,14]
[repack] slice fail pc=751 interference-at=750 op=TSETV reg=14 range=[14,15]
[repack] simple-local pick pc=749 op=KPRI def=15 range=[14,15]
[repack] simple-local pick pc=748 op=TGETS def=14 range=[14,15]
[repack] proto=19 pc=751 accept existing FR2 slice [14,15]
[repack] slice fail pc=767 interference-at=752 op=ITERL reg=13 range=[12,13]
[repack] simple-local pick pc=766 op=TGETS def=12 range=[12,13]
[repack] simple-local pick pc=730 op=MOV def=13 range=[12,13]
[repack] proto=19 pc=767 accept existing FR2 slice [12,13]
[repack] slice fail pc=801 target-at=789 range=[17,18]
[repack] simple-local pick pc=800 op=TGETS def=17 range=[17,18]
[repack] simple-local pick pc=658 op=KSHORT def=18 range=[17,18]
[repack] proto=19 pc=801 accept existing FR2 slice [17,18]
[repack] slice fail pc=842 interference-at=837 op=ISGE reg=19 range=[18,19]
[repack] simple-local pick pc=841 op=KSHORT def=18 range=[18,19]
[repack] simple-local pick pc=836 op=KSHORT def=19 range=[18,19]
[repack] proto=19 pc=842 accept existing FR2 slice [18,19]
[repack] slice fail pc=863 target-at=851 range=[19,20]
[repack] simple-local pick pc=862 op=KSHORT def=19 range=[19,20]
[repack] simple-local pick pc=812 op=KSHORT def=20 range=[19,20]
[repack] proto=19 pc=863 accept existing FR2 slice [19,20]
[repack] slice fail pc=881 interference-at=876 op=ISGE reg=20 range=[19,20]
[repack] simple-local pick pc=880 op=KSHORT def=19 range=[19,20]
[repack] simple-local pick pc=875 op=KSHORT def=20 range=[19,20]
[repack] proto=19 pc=881 accept existing FR2 slice [19,20]
[repack] slice fail pc=904 interference-at=899 op=ISGE reg=24 range=[23,24]
[repack] simple-local pick pc=903 op=KSHORT def=23 range=[23,24]
[repack] simple-local pick pc=898 op=KSHORT def=24 range=[23,24]
[repack] proto=19 pc=904 accept existing FR2 slice [23,24]
[repack] slice fail pc=934 interference-at=929 op=ISGE reg=19 range=[18,19]
[repack] simple-local pick pc=933 op=KSHORT def=18 range=[18,19]
[repack] simple-local pick pc=928 op=KSHORT def=19 range=[18,19]
[repack] proto=19 pc=934 accept existing FR2 slice [18,19]
[repack] slice fail pc=960 target-at=948 range=[19,20]
[repack] simple-local pick pc=959 op=KSHORT def=19 range=[19,20]
[repack] simple-local pick pc=890 op=TGETV def=20 range=[19,20]
[repack] proto=19 pc=960 accept existing FR2 slice [19,20]
[repack] slice fail pc=978 interference-at=973 op=ISGE reg=20 range=[19,20]
[repack] simple-local pick pc=977 op=KSHORT def=19 range=[19,20]
[repack] simple-local pick pc=972 op=KSHORT def=20 range=[19,20]
[repack] proto=19 pc=978 accept existing FR2 slice [19,20]
[repack] slice fail pc=1008 interference-at=1003 op=ISGE reg=24 range=[23,24]
[repack] simple-local pick pc=1007 op=KSHORT def=23 range=[23,24]
[repack] simple-local pick pc=1002 op=KSHORT def=24 range=[23,24]
[repack] proto=19 pc=1008 accept existing FR2 slice [23,24]
[repack] proto=19 pc=1020 accept existing FR2 slice [11,11]
[repack] proto=19 pc=1031 accept existing FR2 slice [16,16]
[repack] proto=19 pc=1044 skip FR2 arg shift for CALL(C=3,B=1) tgetv-tail old=[20,21]
[repack] slice fail pc=1045 interference-at=1044 op=CALL reg=19 range=[18,19]
[repack] readonly slice retry fail pc=1045 read-at=1044 op=CALL reg=19 range=[18,19]
[repack] simple-local pick pc=1038 op=TGETS def=19 range=[18,19]
[repack] simple-local pick pc=992 op=KSHORT def=18 range=[18,19]
[repack] slice fail pc=1045 interference-at=1044 op=CALL reg=19 range=[19,20]
[repack] simple-local pick pc=1041 op=TGETV def=20 range=[19,20]
[repack] simple-local pick pc=1038 op=TGETS def=19 range=[19,20]
[repack] proto=19 pc=1045 accept existing FR2 slice [19,20]
[repack] proto=19 pc=1145 accept existing FR2 slice [12,12]
[repack] proto=19 pc=1163 accept existing FR2 slice [12,12]
[repack] slice fail pc=1171 interference-at=1167 op=ISF reg=15 range=[14,15]
[repack] readonly slice retry fail pc=1171 target-at=1165 range=[14,15]
[repack] simple-local pick pc=1166 op=TGETV def=15 range=[14,15]
[repack] simple-local pick pc=1029 op=GGET def=14 range=[14,15]
[repack] slice fail pc=1171 interference-at=1167 op=ISF reg=15 range=[15,16]
[repack] simple-local pick pc=1166 op=TGETV def=15 range=[15,16]
[repack] simple-local pick pc=1030 op=TGETS def=16 range=[15,16]
[repack] proto=19 pc=1171 accept existing FR2 slice [15,16]
[repack] proto=19 pc=1178 accept existing FR2 slice [12,12]
[repack] slice fail pc=1186 interference-at=1182 op=ISF reg=15 range=[14,15]
[repack] readonly slice retry fail pc=1186 target-at=1180 range=[14,15]
[repack] simple-local pick pc=1181 op=TGETV def=15 range=[14,15]
[repack] simple-local pick pc=1029 op=GGET def=14 range=[14,15]
[repack] slice fail pc=1186 interference-at=1182 op=ISF reg=15 range=[15,16]
[repack] simple-local pick pc=1181 op=TGETV def=15 range=[15,16]
[repack] simple-local pick pc=1030 op=TGETS def=16 range=[15,16]
[repack] proto=19 pc=1186 accept existing FR2 slice [15,16]
[repack] proto=19 pc=1258 accept existing FR2 slice [12,12]
[repack] proto=19 pc=1261 accept existing FR2 slice [12,12]
[repack] proto=19 pc=1267 accept existing FR2 slice [17,19]
[repack] slice fail pc=1268 interference-at=1267 op=CALL reg=15 range=[14,15]
[repack] readonly slice retry fail pc=1268 read-at=1267 op=CALL reg=15 range=[14,15]
[repack] simple-local pick pc=1263 op=MOV def=15 range=[14,15]
[repack] simple-local pick pc=1029 op=GGET def=14 range=[14,15]
[repack] slice fail pc=1268 interference-at=1267 op=CALL reg=15 range=[15,16]
[repack] simple-local pick pc=1263 op=MOV def=15 range=[15,16]
[repack] simple-local pick pc=1030 op=TGETS def=16 range=[15,16]
[repack] proto=19 pc=1268 accept existing FR2 slice [15,16]
[repack] proto=19 pc=1278 accept existing FR2 slice [12,12]
[repack] slice fail pc=1303 interference-at=1269 op=ITERL reg=14 range=[13,14]
[repack] simple-local pick pc=1302 op=TGETS def=13 range=[13,14]
[repack] simple-local pick pc=1029 op=GGET def=14 range=[13,14]
[repack] proto=19 pc=1303 accept existing FR2 slice [13,14]
[repack] proto=19 pc=1311 accept existing FR2 slice [14,15]
[repack] proto=19 pc=1316 accept existing FR2 slice [15,16]
[repack] proto=19 pc=1323 accept existing FR2 slice [16,16]
[repack] slice fail pc=1342 target-at=1047 range=[17,20]
[repack] simple-local pick pc=1341 op=MOV def=19 range=[17,20]
[repack] simple-local pick pc=1340 op=KSTR def=18 range=[17,20]
[repack] simple-local pick pc=1339 op=TGETS def=17 range=[17,20]
[repack] simple-local pick pc=1041 op=TGETV def=20 range=[17,20]
[repack] proto=19 pc=1342 accept existing FR2 slice [17,20]
[repack] proto=19 pc=1354 accept existing FR2 slice [17,17]
[repack] proto=19 pc=1362 skip FR2 arg shift for CALL(C=3,B=1) cat-tail old=[16,17]
[repack] proto=19 pc=1379 accept existing FR2 slice [15,15]
[repack] proto=19 pc=1383 skip FR2 arg shift for pre-shifted CALL(C=3) old=[13,14]
[repack] proto=19 pc=1402 call-selfdef helper enter consumer=CALL producer=TGETS self=MULVV producer_b=2 consumer_span=2 producer_c=163
[repack] proto=19 pc=1402 call-method-basecopy helper enter consumer=CALL producer=MULVV producer_b=13 consumer_span=2 producer_c=14
[repack] proto=19 pc=1402 call-intermediate-producer target-touch reject blocker_pc=1380 op=KSHORT reg=14 producer_pc=1379
[repack] proto=19 pc=1402 call-chain helper enter consumer=CALL producer=MULVV producer_b=13 consumer_span=2 producer_c=14
[repack] proto=19 pc=1402 copy-fallback reason=target-touch-fail insert_pc=1402 count=1 range=[13,13]->[14,14] deferred=0
[rebuild] proto=19 insert_pc=1402 old_proto_total=11457 new_proto_total=11461 old_payload=11455 new_payload=11459 debug_drop=3750
[repack] proto=19 pc=7 accept existing FR2 slice [5,7]
[repack] proto=19 pc=33 accept existing FR2 slice [8,9]
[repack] proto=19 pc=67 accept existing FR2 slice [8,8]
[repack] proto=19 pc=72 accept existing FR2 slice [13,14]
[repack] proto=19 pc=90 skip FR2 arg shift for CALL(C=3,B=1) tgetv-tail old=[17,18]
[repack] proto=19 pc=103 skip FR2 arg shift for CALL(C=3,B=1) tgetv-tail old=[17,18]
[repack] proto=19 pc=231 accept existing FR2 slice [19,20]
[repack] proto=19 pc=241 accept existing FR2 slice [19,19]
[repack] proto=19 pc=262 accept existing FR2 slice [20,20]
[repack] proto=19 pc=277 accept existing FR2 slice [20,20]
[repack] proto=19 pc=283 accept existing FR2 slice [20,20]
[repack] proto=19 pc=291 accept existing FR2 slice [18,19]
[repack] proto=19 pc=324 accept existing FR2 slice [17,19]
[repack] proto=19 pc=348 accept existing FR2 slice [22,23]
[repack] proto=19 pc=377 accept existing FR2 slice [16,18]
[repack] proto=19 pc=407 accept existing FR2 slice [23,23]
[repack] proto=19 pc=411 accept existing FR2 slice [24,24]
[repack] proto=19 pc=425 accept existing FR2 slice [24,24]
[repack] proto=19 pc=454 accept existing FR2 slice [24,24]
[repack] proto=19 pc=479 accept existing FR2 slice [24,25]
[repack] proto=19 pc=489 accept existing FR2 slice [24,24]
[repack] proto=19 pc=510 accept existing FR2 slice [25,25]
[repack] proto=19 pc=525 accept existing FR2 slice [25,25]
[repack] proto=19 pc=531 accept existing FR2 slice [25,25]
[repack] proto=19 pc=621 accept existing FR2 slice [23,24]
[repack] slice fail pc=643 interference-at=634 op=FORL reg=19 range=[18,19]
[repack] simple-local pick pc=642 op=KSHORT def=18 range=[18,19]
[repack] simple-local pick pc=339 op=TGETV def=19 range=[18,19]
[repack] proto=19 pc=643 accept existing FR2 slice [18,19]
[repack] slice fail pc=651 interference-at=632 op=TGETS reg=20 range=[18,20]
[repack] simple-local pick pc=650 op=TGETS def=19 range=[18,20]
[repack] simple-local pick pc=649 op=MOV def=18 range=[18,20]
[repack] simple-local pick pc=630 op=TGETV def=20 range=[18,20]
[repack] proto=19 pc=651 accept existing FR2 slice [18,20]
[repack] proto=19 pc=669 accept existing FR2 slice [23,24]
[repack] proto=19 pc=709 accept existing FR2 slice [12,14]
[repack] slice fail pc=722 target-at=718 range=[16,17]
[repack] simple-local pick pc=721 op=TGETV def=16 range=[16,17]
[repack] simple-local pick pc=657 op=SUBVN def=17 range=[16,17]
[repack] proto=19 pc=722 accept existing FR2 slice [16,17]
[repack] proto=19 pc=733 accept existing FR2 slice [12,14]
[repack] proto=19 pc=736 accept existing FR2 slice [11,11]
[repack] slice fail pc=751 interference-at=750 op=TSETV reg=13 range=[13,14]
[repack] readonly slice retry fail pc=751 target-at=738 range=[13,14]
[repack] simple-local pick pc=748 op=TGETS def=14 range=[13,14]
[repack] simple-local pick pc=730 op=MOV def=13 range=[13,14]
[repack] slice fail pc=751 interference-at=750 op=TSETV reg=14 range=[14,15]
[repack] simple-local pick pc=749 op=KPRI def=15 range=[14,15]
[repack] simple-local pick pc=748 op=TGETS def=14 range=[14,15]
[repack] proto=19 pc=751 accept existing FR2 slice [14,15]
[repack] slice fail pc=767 interference-at=752 op=ITERL reg=13 range=[12,13]
[repack] simple-local pick pc=766 op=TGETS def=12 range=[12,13]
[repack] simple-local pick pc=730 op=MOV def=13 range=[12,13]
[repack] proto=19 pc=767 accept existing FR2 slice [12,13]
[repack] slice fail pc=801 target-at=789 range=[17,18]
[repack] simple-local pick pc=800 op=TGETS def=17 range=[17,18]
[repack] simple-local pick pc=658 op=KSHORT def=18 range=[17,18]
[repack] proto=19 pc=801 accept existing FR2 slice [17,18]
[repack] slice fail pc=842 interference-at=837 op=ISGE reg=19 range=[18,19]
[repack] simple-local pick pc=841 op=KSHORT def=18 range=[18,19]
[repack] simple-local pick pc=836 op=KSHORT def=19 range=[18,19]
[repack] proto=19 pc=842 accept existing FR2 slice [18,19]
[repack] slice fail pc=863 target-at=851 range=[19,20]
[repack] simple-local pick pc=862 op=KSHORT def=19 range=[19,20]
[repack] simple-local pick pc=812 op=KSHORT def=20 range=[19,20]
[repack] proto=19 pc=863 accept existing FR2 slice [19,20]
[repack] slice fail pc=881 interference-at=876 op=ISGE reg=20 range=[19,20]
[repack] simple-local pick pc=880 op=KSHORT def=19 range=[19,20]
[repack] simple-local pick pc=875 op=KSHORT def=20 range=[19,20]
[repack] proto=19 pc=881 accept existing FR2 slice [19,20]
[repack] slice fail pc=904 interference-at=899 op=ISGE reg=24 range=[23,24]
[repack] simple-local pick pc=903 op=KSHORT def=23 range=[23,24]
[repack] simple-local pick pc=898 op=KSHORT def=24 range=[23,24]
[repack] proto=19 pc=904 accept existing FR2 slice [23,24]
[repack] slice fail pc=934 interference-at=929 op=ISGE reg=19 range=[18,19]
[repack] simple-local pick pc=933 op=KSHORT def=18 range=[18,19]
[repack] simple-local pick pc=928 op=KSHORT def=19 range=[18,19]
[repack] proto=19 pc=934 accept existing FR2 slice [18,19]
[repack] slice fail pc=960 target-at=948 range=[19,20]
[repack] simple-local pick pc=959 op=KSHORT def=19 range=[19,20]
[repack] simple-local pick pc=890 op=TGETV def=20 range=[19,20]
[repack] proto=19 pc=960 accept existing FR2 slice [19,20]
[repack] slice fail pc=978 interference-at=973 op=ISGE reg=20 range=[19,20]
[repack] simple-local pick pc=977 op=KSHORT def=19 range=[19,20]
[repack] simple-local pick pc=972 op=KSHORT def=20 range=[19,20]
[repack] proto=19 pc=978 accept existing FR2 slice [19,20]
[repack] slice fail pc=1008 interference-at=1003 op=ISGE reg=24 range=[23,24]
[repack] simple-local pick pc=1007 op=KSHORT def=23 range=[23,24]
[repack] simple-local pick pc=1002 op=KSHORT def=24 range=[23,24]
[repack] proto=19 pc=1008 accept existing FR2 slice [23,24]
[repack] proto=19 pc=1020 accept existing FR2 slice [11,11]
[repack] proto=19 pc=1031 accept existing FR2 slice [16,16]
[repack] proto=19 pc=1044 skip FR2 arg shift for CALL(C=3,B=1) tgetv-tail old=[20,21]
[repack] slice fail pc=1045 interference-at=1044 op=CALL reg=19 range=[18,19]
[repack] readonly slice retry fail pc=1045 read-at=1044 op=CALL reg=19 range=[18,19]
[repack] simple-local pick pc=1038 op=TGETS def=19 range=[18,19]
[repack] simple-local pick pc=992 op=KSHORT def=18 range=[18,19]
[repack] slice fail pc=1045 interference-at=1044 op=CALL reg=19 range=[19,20]
[repack] simple-local pick pc=1041 op=TGETV def=20 range=[19,20]
[repack] simple-local pick pc=1038 op=TGETS def=19 range=[19,20]
[repack] proto=19 pc=1045 accept existing FR2 slice [19,20]
[repack] proto=19 pc=1145 accept existing FR2 slice [12,12]
[repack] proto=19 pc=1163 accept existing FR2 slice [12,12]
[repack] slice fail pc=1171 interference-at=1167 op=ISF reg=15 range=[14,15]
[repack] readonly slice retry fail pc=1171 target-at=1165 range=[14,15]
[repack] simple-local pick pc=1166 op=TGETV def=15 range=[14,15]
[repack] simple-local pick pc=1029 op=GGET def=14 range=[14,15]
[repack] slice fail pc=1171 interference-at=1167 op=ISF reg=15 range=[15,16]
[repack] simple-local pick pc=1166 op=TGETV def=15 range=[15,16]
[repack] simple-local pick pc=1030 op=TGETS def=16 range=[15,16]
[repack] proto=19 pc=1171 accept existing FR2 slice [15,16]
[repack] proto=19 pc=1178 accept existing FR2 slice [12,12]
[repack] slice fail pc=1186 interference-at=1182 op=ISF reg=15 range=[14,15]
[repack] readonly slice retry fail pc=1186 target-at=1180 range=[14,15]
[repack] simple-local pick pc=1181 op=TGETV def=15 range=[14,15]
[repack] simple-local pick pc=1029 op=GGET def=14 range=[14,15]
[repack] slice fail pc=1186 interference-at=1182 op=ISF reg=15 range=[15,16]
[repack] simple-local pick pc=1181 op=TGETV def=15 range=[15,16]
[repack] simple-local pick pc=1030 op=TGETS def=16 range=[15,16]
[repack] proto=19 pc=1186 accept existing FR2 slice [15,16]
[repack] proto=19 pc=1258 accept existing FR2 slice [12,12]
[repack] proto=19 pc=1261 accept existing FR2 slice [12,12]
[repack] proto=19 pc=1267 accept existing FR2 slice [17,19]
[repack] slice fail pc=1268 interference-at=1267 op=CALL reg=15 range=[14,15]
[repack] readonly slice retry fail pc=1268 read-at=1267 op=CALL reg=15 range=[14,15]
[repack] simple-local pick pc=1263 op=MOV def=15 range=[14,15]
[repack] simple-local pick pc=1029 op=GGET def=14 range=[14,15]
[repack] slice fail pc=1268 interference-at=1267 op=CALL reg=15 range=[15,16]
[repack] simple-local pick pc=1263 op=MOV def=15 range=[15,16]
[repack] simple-local pick pc=1030 op=TGETS def=16 range=[15,16]
[repack] proto=19 pc=1268 accept existing FR2 slice [15,16]
[repack] proto=19 pc=1278 accept existing FR2 slice [12,12]
[repack] slice fail pc=1303 interference-at=1269 op=ITERL reg=14 range=[13,14]
[repack] simple-local pick pc=1302 op=TGETS def=13 range=[13,14]
[repack] simple-local pick pc=1029 op=GGET def=14 range=[13,14]
[repack] proto=19 pc=1303 accept existing FR2 slice [13,14]
[repack] proto=19 pc=1311 accept existing FR2 slice [14,15]
[repack] proto=19 pc=1316 accept existing FR2 slice [15,16]
[repack] proto=19 pc=1323 accept existing FR2 slice [16,16]
[repack] slice fail pc=1342 target-at=1047 range=[17,20]
[repack] simple-local pick pc=1341 op=MOV def=19 range=[17,20]
[repack] simple-local pick pc=1340 op=KSTR def=18 range=[17,20]
[repack] simple-local pick pc=1339 op=TGETS def=17 range=[17,20]
[repack] simple-local pick pc=1041 op=TGETV def=20 range=[17,20]
[repack] proto=19 pc=1342 accept existing FR2 slice [17,20]
[repack] proto=19 pc=1354 accept existing FR2 slice [17,17]
[repack] proto=19 pc=1362 skip FR2 arg shift for CALL(C=3,B=1) cat-tail old=[16,17]
[repack] proto=19 pc=1379 accept existing FR2 slice [15,15]
[repack] proto=19 pc=1383 skip FR2 arg shift for pre-shifted CALL(C=3) old=[13,14]
[repack] proto=19 pc=1403 accept existing FR2 slice [14,14]
[repack] proto=19 pc=722 apply proto19 direct CALL window fix MOV/TGETV A15/A16 -> A16/A17
[repack] proto=19 pc=90 apply proto19 caller532 direct CALL window fix MOV/TGETS/TGETV A17/A18 -> A18/A19
[repack] proto=19 pc=103 apply proto19 caller535 direct CALL window fix MOV/TGETS/TGETV A17/A18 -> A18/A19
[repack] proto=19 pc=1044 apply proto19 direct table.insert window fix A20/A21 -> A21/A22
[repack] proto=20 pc=10 reject existing FR2 slice: new-first writer matches old-second old=3(pc=7,TGETS) old2=4(pc=8,TGETS) new=4(pc=8,TGETS)
[repack] proto=21 pc=10 skip FR2 arg shift for CALL(C=3,B=1) cat-tail old=[4,5]
[repack] slice fail pc=16 interference-at=9 op=CAT reg=6 range=[5,6]
[repack] simple-local pick pc=15 op=KSHORT def=5 range=[5,6]
[repack] simple-local pick pc=7 op=TGETS def=6 range=[5,6]
[repack] proto=21 pc=16 accept existing FR2 slice [5,6]
[repack] proto=21 pc=23 reject existing FR2 slice: new-first writer matches old-second old=4(pc=18,MOV) old2=5(pc=20,KSTR) new=5(pc=20,KSTR)
[repack] proto=21 pc=40 reject existing FR2 slice: new-first writer matches old-second old=5(pc=37,MOV) old2=6(pc=39,KSTR) new=6(pc=39,KSTR)
[repack] proto=22 pc=10 skip FR2 arg shift for CALL(C=3,B=1) cat-tail old=[4,5]
[repack] slice fail pc=16 interference-at=9 op=CAT reg=6 range=[5,6]
[repack] simple-local pick pc=15 op=KSHORT def=5 range=[5,6]
[repack] simple-local pick pc=7 op=TGETS def=6 range=[5,6]
[repack] proto=22 pc=16 accept existing FR2 slice [5,6]
[repack] proto=22 pc=23 reject existing FR2 slice: new-first writer matches old-second old=4(pc=18,MOV) old2=5(pc=20,KSTR) new=5(pc=20,KSTR)
[repack] proto=22 pc=40 reject existing FR2 slice: new-first writer matches old-second old=5(pc=37,MOV) old2=6(pc=39,KSTR) new=6(pc=39,KSTR)
[repack] proto=23 pc=6 reject existing FR2 slice: new-first writer matches old-second old=4(pc=0,MOV) old2=5(pc=2,KSTR) new=5(pc=2,KSTR)
[repack] slice fail pc=28 unresolved reg=10 range=[7,10]
[repack] simple-local pick pc=27 op=MOV def=9 range=[7,10]
[repack] simple-local pick pc=26 op=KSTR def=8 range=[7,10]
[repack] simple-local pick pc=25 op=TGETS def=7 range=[7,10]
[repack] simple-local missing reg=10 range=[7,10]
[repack] proto=23 pc=37 accept existing FR2 slice [7,10]
[repack] slice fail pc=4 unresolved reg=6 range=[5,6]
[repack] simple-local pick pc=3 op=KSHORT def=5 range=[5,6]
[repack] simple-local missing reg=6 range=[5,6]
[repack] proto=24 pc=10 reject existing FR2 slice: new-first writer matches old-second old=5(pc=7,MOV) old2=6(pc=9,KSTR) new=6(pc=9,KSTR)
[repack] slice fail pc=28 interference-at=23 op=CALL reg=6 range=[6,6]
[repack] readonly slice retry fail pc=28 write-at=23 op=CALL reg=6 range=[6,6]
[repack] simple-local pick pc=27 op=MULVN def=6 range=[6,6]
[repack] proto=24 pc=47 skip FR2 arg shift for CALL(C=3,B=1) cat-tail old=[6,7]
[repack] proto=25 pc=9 reject existing FR2 slice: new-first writer matches old-second old=4(pc=3,MOV) old2=5(pc=5,KSTR) new=5(pc=5,KSTR)
[repack] proto=27 pc=15 reject existing FR2 slice: new-first writer matches old-second old=4(pc=9,MOV) old2=5(pc=11,KSTR) new=5(pc=11,KSTR)
[repack] proto=27 pc=23 skip FR2 arg shift for CALL(C=3,B=1) cat-tail old=[4,5]
[repack] proto=35 pc=11 reject existing FR2 slice: first-arg seed old=6(pc=9,TGETS) new=7(pc=10,KSHORT)
[repack] proto=43 pc=18 reject existing FR2 slice: new-first writer matches old-second old=9(pc=15,MOV) old2=10(pc=17,KSTR) new=10(pc=17,KSTR)
[repack] proto=43 pc=25 reject existing FR2 slice: first-arg seed old=9(pc=23,TGETS) new=10(pc=24,KSTR)
[repack] proto=43 pc=33 reject existing FR2 slice: new-first writer matches old-second old=15(pc=30,MOV) old2=16(pc=32,KSTR) new=16(pc=32,KSTR)
[repack] proto=43 pc=39 reject existing FR2 slice: new-first writer matches old-second old=15(pc=37,MOV) old2=16(pc=38,KSTR) new=16(pc=38,KSTR)
[repack] slice fail pc=51 unresolved reg=19 range=[18,19]
[repack] simple-local pick pc=50 op=ADDVN def=18 range=[18,19]
[repack] simple-local missing reg=19 range=[18,19]
[repack] slice fail pc=51 interference-at=49 op=CALL reg=18 range=[17,18]
[repack] readonly slice retry fail pc=51 write-at=49 op=CALL reg=18 range=[17,18]
[repack] simple-local pick pc=50 op=ADDVN def=18 range=[17,18]
[repack] simple-local pick pc=46 op=KSHORT def=17 range=[17,18]
[repack] slice fail pc=51 unresolved reg=19 range=[18,19]
[repack] simple-local pick pc=50 op=ADDVN def=18 range=[18,19]
[repack] simple-local missing reg=19 range=[18,19]
[repack] proto=43 pc=51 call-selfdef helper enter consumer=CALL producer=CALL self=ADDVN producer_b=2 consumer_span=3 producer_c=2
[repack] proto=43 pc=51 call-selfdef chain success prefix=[17,17]->[18,18] producer=18 args=[20,20]->base=19 args=[21,21]
[repack] proto=43 pc=66 reject existing FR2 slice: new-first writer matches old-second old=16(pc=64,MOV) old2=17(pc=65,KSTR) new=17(pc=65,KSTR)
[repack] slice fail pc=68 unresolved reg=13 range=[13,14]
[repack] readonly slice retry fail pc=68 write-at=39 op=CALL reg=14 range=[13,14]
[repack] simple-local pick pc=36 op=GGET def=14 range=[13,14]
[repack] simple-local missing reg=13 range=[13,14]
[repack] slice fail pc=68 interference-at=67 op=TSETV reg=15 range=[14,15]
[repack] simple-local pick pc=63 op=TGETS def=15 range=[14,15]
[repack] simple-local pick pc=36 op=GGET def=14 range=[14,15]
[repack] proto=43 pc=68 accept existing FR2 slice [14,15]
[repack] proto=43 pc=75 reject existing FR2 slice: new-first writer matches old-second old=11(pc=73,MOV) old2=12(pc=74,KSTR) new=12(pc=74,KSTR)
[repack] proto=58 pc=4 reject existing FR2 slice: new-first writer matches old-second old=4(pc=1,MOV) old2=5(pc=3,KSTR) new=5(pc=3,KSTR)
[repack] proto=59 pc=4 reject existing FR2 slice: new-first writer matches old-second old=4(pc=1,MOV) old2=5(pc=3,KSTR) new=5(pc=3,KSTR)
[repack] proto=59 pc=9 reject existing FR2 slice: new-first writer matches old-second old=4(pc=6,MOV) old2=5(pc=8,KSTR) new=5(pc=8,KSTR)
[repack] proto=60 pc=4 reject existing FR2 slice: new-first writer matches old-second old=4(pc=1,MOV) old2=5(pc=3,KSTR) new=5(pc=3,KSTR)
[repack] proto=60 pc=9 reject existing FR2 slice: new-first writer matches old-second old=4(pc=6,MOV) old2=5(pc=8,KSTR) new=5(pc=8,KSTR)
[repack] proto=61 pc=4 reject existing FR2 slice: new-first writer matches old-second old=4(pc=1,MOV) old2=5(pc=3,KSTR) new=5(pc=3,KSTR)
[repack] proto=61 pc=12 reject existing FR2 slice: new-first writer matches old-second old=4(pc=9,MOV) old2=5(pc=11,KSTR) new=5(pc=11,KSTR)
[repack] proto=61 pc=20 reject existing FR2 slice: new-first writer matches old-second old=4(pc=17,MOV) old2=5(pc=19,KSTR) new=5(pc=19,KSTR)
[repack] proto=62 pc=7 reject existing FR2 slice: first-arg seed old=5(pc=5,TGETS) new=6(pc=6,KSHORT)
[repack] slice fail pc=9 interference-at=7 op=CALL reg=4 range=[4,4]
[repack] readonly slice retry fail pc=9 write-at=7 op=CALL reg=4 range=[4,4]
[repack] simple-local pick pc=8 op=MULNV def=4 range=[4,4]
[repack] proto=62 pc=27 reject existing FR2 slice: stale new-first old=5(pc=25,MOV) new=6(pc=5,TGETS)
[repack] proto=62 pc=37 skip FR2 arg shift for CALL(C=3,B=1) cat-tail old=[5,6]
[repack] proto=63 pc=12 skip FR2 arg shift for CALL(C=3,B=1) cat-tail old=[4,5]
[repack] proto=63 pc=26 call-selfdef helper enter consumer=CALL producer=TGETS self=SUBVV producer_b=1 consumer_span=2 producer_c=10
[repack] proto=63 pc=26 call-method-basecopy helper enter consumer=CALL producer=SUBVV producer_b=9 consumer_span=2 producer_c=10
[repack] proto=63 pc=26 call-chain helper enter consumer=CALL producer=SUBVV producer_b=9 consumer_span=2 producer_c=10
[repack] proto=63 pc=26 copy-fallback reason=target-touch-fail insert_pc=26 count=1 range=[9,9]->[10,10] deferred=0
[rebuild] proto=63 insert_pc=26 old_proto_total=615 new_proto_total=619 old_payload=613 new_payload=617 debug_drop=141
[repack] proto=63 pc=3 accept existing FR2 slice [5,5]
[repack] proto=63 pc=12 skip FR2 arg shift for CALL(C=3,B=1) cat-tail old=[4,5]
[repack] proto=63 pc=15 accept existing FR2 slice [5,5]
[repack] proto=63 pc=27 accept existing FR2 slice [10,10]
[repack] proto=63 pc=33 call-selfdef helper enter consumer=CALL producer=TGETS self=SUBVV producer_b=1 consumer_span=2 producer_c=11
[repack] proto=63 pc=33 call-method-basecopy helper enter consumer=CALL producer=SUBVV producer_b=10 consumer_span=2 producer_c=11
[repack] proto=63 pc=33 call-chain helper enter consumer=CALL producer=SUBVV producer_b=10 consumer_span=2 producer_c=11
[repack] proto=63 pc=33 copy-fallback reason=target-touch-fail insert_pc=33 count=1 range=[10,10]->[11,11] deferred=0
[rebuild] proto=63 insert_pc=33 old_proto_total=619 new_proto_total=623 old_payload=617 new_payload=621 debug_drop=141
[repack] proto=63 pc=3 accept existing FR2 slice [5,5]
[repack] proto=63 pc=12 skip FR2 arg shift for CALL(C=3,B=1) cat-tail old=[4,5]
[repack] proto=63 pc=15 accept existing FR2 slice [5,5]
[repack] proto=63 pc=27 accept existing FR2 slice [10,10]
[repack] proto=63 pc=34 accept existing FR2 slice [11,11]
[repack] proto=63 pc=45 reject existing FR2 slice: new-first writer matches old-second old=9(pc=39,MOV) old2=10(pc=41,KSTR) new=10(pc=41,KSTR)
[repack] proto=63 pc=50 reject existing FR2 slice: stale new-first old=9(pc=48,MOV) new=10(pc=39,MOV)
[repack] proto=63 pc=56 reject existing FR2 slice: new-first writer matches old-second old=9(pc=51,MOV) old2=10(pc=53,KSTR) new=10(pc=53,KSTR)
[repack] proto=63 pc=63 skip FR2 arg shift for CALL(C=3,B=1) cat-tail old=[9,10]
[repack] proto=64 pc=8 reject existing FR2 slice: new-first writer matches old-second old=5(pc=5,MOV) old2=6(pc=7,KSTR) new=6(pc=7,KSTR)
[repack] proto=64 pc=35 reject existing FR2 slice: new-first writer matches old-second old=6(pc=32,MOV) old2=7(pc=34,KSTR) new=7(pc=34,KSTR)
[repack] proto=64 pc=43 skip FR2 arg shift for CALL(C=3,B=1) cat-tail old=[6,7]
[repack] proto=64 pc=55 accept existing FR2 slice [7,10]
[repack] proto=64 pc=67 accept existing FR2 slice [7,10]
[repack] proto=64 pc=87 reject existing FR2 slice: new-first writer matches old-second old=6(pc=81,MOV) old2=7(pc=83,KSTR) new=7(pc=83,KSTR)
[repack] slice fail pc=102 unresolved reg=11 range=[8,11]
[repack] simple-local pick pc=101 op=MOV def=10 range=[8,11]
[repack] simple-local pick pc=100 op=KSTR def=9 range=[8,11]
[repack] simple-local pick pc=99 op=TGETS def=8 range=[8,11]
[repack] simple-local missing reg=11 range=[8,11]
[repack] proto=64 pc=113 skip FR2 arg shift for CALL(C=3,B=1) cat-tail old=[7,8]
[repack] proto=65 pc=5 reject existing FR2 slice: new-first writer matches old-second old=4(pc=0,MOV) old2=5(pc=2,KSTR) new=5(pc=2,KSTR)
[repack] proto=66 pc=37 skip FR2 arg shift for CALL(C=3,B=1) cat-tail old=[4,5]
[repack] proto=66 pc=41 reject existing FR2 slice: new-first writer matches old-second old=4(pc=38,MOV) old2=5(pc=40,KSTR) new=5(pc=40,KSTR)
[repack] proto=66 pc=47 reject existing FR2 slice: new-first writer matches old-second old=4(pc=44,MOV) old2=5(pc=46,KSTR) new=5(pc=46,KSTR)
[repack] proto=66 pc=53 reject existing FR2 slice: new-first writer matches old-second old=4(pc=48,MOV) old2=5(pc=50,KSTR) new=5(pc=50,KSTR)
[repack] proto=66 pc=59 reject existing FR2 slice: new-first writer matches old-second old=4(pc=54,MOV) old2=5(pc=56,KSTR) new=5(pc=56,KSTR)
[repack] proto=66 pc=69 reject existing FR2 slice: new-first writer matches old-second old=4(pc=66,MOV) old2=5(pc=68,KSTR) new=5(pc=68,KSTR)
[repack] slice fail pc=79 interference-at=59 op=CALL reg=7 range=[6,7]
[repack] simple-local pick pc=78 op=TGETS def=6 range=[6,7]
[repack] simple-local pick pc=57 op=KSHORT def=7 range=[6,7]
[repack] proto=66 pc=79 accept existing FR2 slice [6,7]
[repack] proto=66 pc=83 reject existing FR2 slice: stale new-first old=5(pc=81,MOV) new=6(pc=78,TGETS)
[repack] proto=66 pc=90 reject existing FR2 slice: new-first writer matches old-second old=5(pc=85,MOV) old2=6(pc=87,KSTR) new=6(pc=87,KSTR)
[repack] proto=67 pc=22 call-selfdef helper enter consumer=CALL producer=SUBVV self=MULVN producer_b=7 consumer_span=2 producer_c=8
[repack] proto=67 pc=22 call-method-basecopy helper enter consumer=CALL producer=MULVN producer_b=7 consumer_span=2 producer_c=0
[repack] proto=67 pc=22 call-chain helper enter consumer=CALL producer=MULVN producer_b=7 consumer_span=2 producer_c=0
[repack] proto=67 pc=22 copy-fallback reason=target-touch-fail insert_pc=22 count=1 range=[7,7]->[8,8] deferred=0
[rebuild] proto=67 insert_pc=22 old_proto_total=588 new_proto_total=592 old_payload=586 new_payload=590 debug_drop=121
[repack] proto=67 pc=23 accept existing FR2 slice [8,8]
[repack] proto=67 pc=43 call-selfdef helper enter consumer=CALL producer=TGETS self=DIVVV producer_b=1 consumer_span=2 producer_c=2
[repack] proto=67 pc=43 call-method-basecopy helper enter consumer=CALL producer=DIVVV producer_b=9 consumer_span=2 producer_c=10
[repack] proto=67 pc=43 call-chain helper enter consumer=CALL producer=DIVVV producer_b=9 consumer_span=2 producer_c=10
[repack] proto=67 pc=43 copy-fallback reason=target-touch-fail insert_pc=43 count=1 range=[9,9]->[10,10] deferred=0
[rebuild] proto=67 insert_pc=43 old_proto_total=592 new_proto_total=596 old_payload=590 new_payload=594 debug_drop=121
[repack] proto=67 pc=23 accept existing FR2 slice [8,8]
[repack] proto=67 pc=44 accept existing FR2 slice [10,10]
[repack] proto=67 pc=46 reject existing FR2 slice: new-first writer matches old-second old=6(pc=34,MOV) old2=7(pc=36,KSTR) new=7(pc=36,KSTR)
[repack] slice fail pc=46 interference-at=44 op=CALL reg=8 range=[6,9]
[repack] readonly slice retry fail pc=46 write-at=44 op=CALL reg=8 range=[6,9]
[repack] simple-local pick pc=45 op=KSHORT def=9 range=[6,9]
[repack] simple-local pick pc=38 op=TGETS def=8 range=[6,9]
[repack] simple-local pick pc=36 op=KSTR def=7 range=[6,9]
[repack] simple-local pick pc=34 op=MOV def=6 range=[6,9]
[repack] simple-local reject pc=46 reg=8 nearest=44(CALL) not-selected range=[6,9]
[repack] proto=67 pc=46 reject existing FR2 slice: new-first writer matches old-second old=6(pc=34,MOV) old2=7(pc=36,KSTR) new=7(pc=36,KSTR)
[repack] proto=67 pc=46 call-selfdef helper enter consumer=CALL producer=CALL self=KSHORT producer_b=2 consumer_span=5 producer_c=2
[repack] proto=67 pc=46 call-method-basecopy helper enter consumer=CALL producer=KSHORT producer_b=0 consumer_span=5 producer_c=1
[repack] proto=67 pc=46 call-chain helper enter consumer=CALL producer=KSHORT producer_b=0 consumer_span=5 producer_c=1
[repack] proto=67 pc=46 copy-fallback keep legacy-overlap reason=slice-select-fail old=[6,9] new=[7,10] base=5 nargs=4 b=1
[repack] proto=67 pc=46 copy-fallback reason=slice-select-fail insert_pc=46 count=4 range=[6,9]->[7,10] deferred=0
[rebuild] proto=67 insert_pc=46 old_proto_total=596 new_proto_total=612 old_payload=594 new_payload=610 debug_drop=121
[repack] proto=67 pc=23 accept existing FR2 slice [8,8]
[repack] proto=67 pc=44 accept existing FR2 slice [10,10]
[repack] slice fail pc=50 interference-at=44 op=CALL reg=8 range=[7,10]
[repack] simple-local pick pc=49 op=MOV def=7 range=[7,10]
[repack] simple-local pick pc=48 op=MOV def=8 range=[7,10]
[repack] simple-local pick pc=47 op=MOV def=9 range=[7,10]
[repack] simple-local pick pc=46 op=MOV def=10 range=[7,10]
[repack] proto=67 pc=50 accept existing FR2 slice [7,10]
[repack] proto=67 pc=58 skip FR2 arg shift for CALL(C=3,B=1) cat-tail old=[6,7]
[repack] proto=67 pc=67 skip FR2 arg shift for CALL(C=3,B=1) cat-tail old=[6,7]
[repack] slice fail pc=22 unresolved reg=13 range=[12,13]
[repack] simple-local pick pc=21 op=KSHORT def=12 range=[12,13]
[repack] simple-local missing reg=13 range=[12,13]
[repack] proto=68 pc=33 skip FR2 arg shift for CALL(C=3,B=1) cat-tail old=[12,13]
[repack] slice fail pc=41 interference-at=32 op=CAT reg=17 range=[13,17]
[repack] simple-local pick pc=40 op=KSHORT def=16 range=[13,17]
[repack] simple-local pick pc=39 op=MOV def=15 range=[13,17]
[repack] simple-local pick pc=38 op=KSTR def=14 range=[13,17]
[repack] simple-local pick pc=37 op=MOV def=13 range=[13,17]
[repack] simple-local pick pc=31 op=KSTR def=17 range=[13,17]
[repack] proto=68 pc=41 accept existing FR2 slice [13,17]
[repack] proto=68 pc=51 call-selfdef helper enter consumer=CALL producer=TGETS self=SUBVV producer_b=1 consumer_span=2 producer_c=17
[repack] proto=68 pc=51 call-method-basecopy helper enter consumer=CALL producer=SUBVV producer_b=11 consumer_span=2 producer_c=12
[repack] proto=68 pc=51 call-chain helper enter consumer=CALL producer=SUBVV producer_b=11 consumer_span=2 producer_c=12
[repack] proto=68 pc=51 copy-fallback reason=target-touch-fail insert_pc=51 count=1 range=[11,11]->[12,12] deferred=0
[rebuild] proto=68 insert_pc=51 old_proto_total=914 new_proto_total=918 old_payload=912 new_payload=916 debug_drop=206
[repack] proto=68 pc=12 accept existing FR2 slice [7,7]
[repack] proto=68 pc=22 accept existing FR2 slice [12,13]
[repack] proto=68 pc=33 skip FR2 arg shift for CALL(C=3,B=1) cat-tail old=[12,13]
[repack] slice fail pc=41 interference-at=32 op=CAT reg=17 range=[13,17]
[repack] simple-local pick pc=40 op=KSHORT def=16 range=[13,17]
[repack] simple-local pick pc=39 op=MOV def=15 range=[13,17]
[repack] simple-local pick pc=38 op=KSTR def=14 range=[13,17]
[repack] simple-local pick pc=37 op=MOV def=13 range=[13,17]
[repack] simple-local pick pc=31 op=KSTR def=17 range=[13,17]
[repack] proto=68 pc=41 accept existing FR2 slice [13,17]
[repack] proto=68 pc=52 accept existing FR2 slice [12,12]
[repack] proto=68 pc=58 call-selfdef helper enter consumer=CALL producer=TGETS self=SUBVV producer_b=1 consumer_span=2 producer_c=18
[repack] proto=68 pc=58 call-method-basecopy helper enter consumer=CALL producer=SUBVV producer_b=12 consumer_span=2 producer_c=13
[repack] proto=68 pc=58 call-chain helper enter consumer=CALL producer=SUBVV producer_b=12 consumer_span=2 producer_c=13
[repack] proto=68 pc=58 copy-fallback reason=target-touch-fail insert_pc=58 count=1 range=[12,12]->[13,13] deferred=0
[rebuild] proto=68 insert_pc=58 old_proto_total=918 new_proto_total=922 old_payload=916 new_payload=920 debug_drop=206
[repack] proto=68 pc=12 accept existing FR2 slice [7,7]
[repack] proto=68 pc=22 accept existing FR2 slice [12,13]
[repack] proto=68 pc=33 skip FR2 arg shift for CALL(C=3,B=1) cat-tail old=[12,13]
[repack] slice fail pc=41 interference-at=32 op=CAT reg=17 range=[13,17]
[repack] simple-local pick pc=40 op=KSHORT def=16 range=[13,17]
[repack] simple-local pick pc=39 op=MOV def=15 range=[13,17]
[repack] simple-local pick pc=38 op=KSTR def=14 range=[13,17]
[repack] simple-local pick pc=37 op=MOV def=13 range=[13,17]
[repack] simple-local pick pc=31 op=KSTR def=17 range=[13,17]
[repack] proto=68 pc=41 accept existing FR2 slice [13,17]
[repack] proto=68 pc=52 accept existing FR2 slice [12,12]
[repack] proto=68 pc=59 accept existing FR2 slice [13,13]
[repack] proto=68 pc=74 skip FR2 arg shift for CALL(C=3,B=1) cat-tail old=[11,12]
[repack] slice fail pc=82 interference-at=73 op=CAT reg=16 range=[12,16]
[repack] simple-local pick pc=81 op=KSHORT def=15 range=[12,16]
[repack] simple-local pick pc=80 op=KSHORT def=14 range=[12,16]
[repack] simple-local pick pc=79 op=KSTR def=13 range=[12,16]
[repack] simple-local pick pc=78 op=MOV def=12 range=[12,16]
[repack] simple-local pick pc=72 op=KSTR def=16 range=[12,16]
[repack] proto=68 pc=82 accept existing FR2 slice [12,16]
[repack] proto=68 pc=94 skip FR2 arg shift for CALL(C=3,B=1) cat-tail old=[6,7]
[repack] slice fail pc=102 unresolved reg=9 range=[7,11]
[repack] simple-local pick pc=101 op=KSHORT def=10 range=[7,11]
[repack] simple-local pick pc=100 op=KSHORT def=9 range=[7,11]
[repack] simple-local pick pc=99 op=KSTR def=8 range=[7,11]
[repack] simple-local pick pc=98 op=MOV def=7 range=[7,11]
[repack] simple-local pick pc=77 op=MOV def=11 range=[7,11]
[repack] proto=68 pc=102 accept existing FR2 slice [7,11]
[repack] slice fail pc=39 unresolved reg=9 range=[8,9]
[repack] simple-local pick pc=38 op=MOV def=8 range=[8,9]
[repack] simple-local missing reg=9 range=[8,9]
[repack] proto=69 pc=59 skip FR2 arg shift for CALL(C=3,B=1) cat-tail old=[8,9]
[repack] proto=70 pc=13 reject existing FR2 slice: new-first writer matches old-second old=9(pc=10,MOV) old2=10(pc=12,KSTR) new=10(pc=12,KSTR)
[repack] proto=70 pc=21 reject existing FR2 slice: new-first writer matches old-second old=9(pc=16,MOV) old2=10(pc=18,KSTR) new=10(pc=18,KSTR)
[repack] slice fail pc=15 unresolved reg=8 range=[7,8]
[repack] simple-local pick pc=14 op=LEN def=7 range=[7,8]
[repack] simple-local missing reg=8 range=[7,8]
[repack] proto=71 pc=26 skip FR2 arg shift for CALL(C=3,B=1) cat-tail old=[6,7]
[repack] slice fail pc=34 interference-at=25 op=CAT reg=11 range=[7,11]
[repack] simple-local pick pc=33 op=KSHORT def=10 range=[7,11]
[repack] simple-local pick pc=32 op=KSHORT def=9 range=[7,11]
[repack] simple-local pick pc=31 op=MOV def=8 range=[7,11]
[repack] simple-local pick pc=30 op=MOV def=7 range=[7,11]
[repack] simple-local pick pc=24 op=KSTR def=11 range=[7,11]
[repack] proto=71 pc=34 accept existing FR2 slice [7,11]
[repack] proto=72 pc=3 reject existing FR2 slice: new-first writer matches old-second old=4(pc=0,MOV) old2=5(pc=2,KSTR) new=5(pc=2,KSTR)
[repack] proto=72 pc=9 reject existing FR2 slice: new-first writer matches old-second old=4(pc=6,MOV) old2=5(pc=8,KSTR) new=5(pc=8,KSTR)
[repack] proto=72 pc=37 reject existing FR2 slice: new-first writer matches old-second old=5(pc=34,MOV) old2=6(pc=36,KSTR) new=6(pc=36,KSTR)
[repack] proto=72 pc=45 skip FR2 arg shift for CALL(C=3,B=1) cat-tail old=[5,6]
[repack] proto=72 pc=52 reject existing FR2 slice: new-first writer matches old-second old=4(pc=47,MOV) old2=5(pc=49,KSTR) new=5(pc=49,KSTR)
[repack] proto=73 pc=3 reject existing FR2 slice: new-first writer matches old-second old=4(pc=0,MOV) old2=5(pc=2,KSTR) new=5(pc=2,KSTR)
[repack] proto=73 pc=9 reject existing FR2 slice: new-first writer matches old-second old=4(pc=6,MOV) old2=5(pc=8,KSTR) new=5(pc=8,KSTR)
[repack] proto=73 pc=19 reject existing FR2 slice: new-first writer matches old-second old=4(pc=14,MOV) old2=5(pc=16,KSTR) new=5(pc=16,KSTR)
[repack] proto=74 pc=12 reject existing FR2 slice: new-first writer matches old-second old=5(pc=9,MOV) old2=6(pc=11,KSTR) new=6(pc=11,KSTR)
[repack] proto=74 pc=38 skip FR2 arg shift for CALL(C=3,B=1) cat-tail old=[7,8]
[repack] proto=74 pc=55 skip FR2 arg shift for CALL(C=3,B=1) cat-tail old=[6,7]
[repack] proto=75 pc=16 reject existing FR2 slice: stale new-first old=4(pc=14,MOV) new=5(pc=10,KNUM)
[repack] proto=75 pc=26 reject existing FR2 slice: new-first writer matches old-second old=6(pc=23,MOV) old2=7(pc=25,KSTR) new=7(pc=25,KSTR)
[repack] proto=75 pc=32 reject existing FR2 slice: call-result arg1 aliases old-second old=5(pc=26,CALL) old2=6(pc=31,ADDNV) new=6(pc=31,ADDNV)
[repack] slice fail pc=32 interference-at=26 op=CALL reg=5 range=[5,6]
[repack] readonly slice retry fail pc=32 write-at=26 op=CALL reg=5 range=[5,6]
[repack] simple-local pick pc=31 op=ADDNV def=6 range=[5,6]
[repack] simple-local pick pc=24 op=TGETS def=5 range=[5,6]
[repack] simple-local reject pc=32 reg=5 nearest=26(CALL) not-selected range=[5,6]
[repack] proto=75 pc=32 reject existing FR2 slice: call-result arg1 aliases old-second old=5(pc=26,CALL) old2=6(pc=31,ADDNV) new=6(pc=31,ADDNV)
[repack] proto=75 pc=32 call-selfdef helper enter consumer=CALL producer=MULVN self=ADDNV producer_b=6 consumer_span=3 producer_c=3
[repack] proto=75 pc=32 call-method-basecopy helper enter consumer=CALL producer=ADDNV producer_b=6 consumer_span=3 producer_c=4
[repack] proto=75 pc=32 call-chain helper enter consumer=CALL producer=ADDNV producer_b=6 consumer_span=3 producer_c=4
[repack] proto=75 pc=32 copy-fallback keep legacy-overlap reason=slice-select-fail old=[5,6] new=[6,7] base=4 nargs=2 b=2
[repack] proto=75 pc=32 copy-fallback reason=slice-select-fail insert_pc=32 count=2 range=[5,6]->[6,7] deferred=0
[rebuild] proto=75 insert_pc=32 old_proto_total=775 new_proto_total=783 old_payload=773 new_payload=781 debug_drop=179
[repack] proto=75 pc=11 accept existing FR2 slice [5,5]
[repack] proto=75 pc=16 accept existing FR2 slice [5,5]
[repack] proto=75 pc=26 accept existing FR2 slice [7,8]
[repack] proto=75 pc=34 skip FR2 arg shift for pre-shifted CALL(C=3) old=[5,6]
[repack] slice fail pc=52 unresolved reg=11 range=[7,11]
[repack] simple-local pick pc=51 op=TGETS def=10 range=[7,11]
[repack] simple-local pick pc=48 op=TGETS def=9 range=[7,11]
[repack] simple-local pick pc=45 op=TGETS def=8 range=[7,11]
[repack] simple-local pick pc=42 op=TGETS def=7 range=[7,11]
[repack] simple-local missing reg=11 range=[7,11]
[repack] proto=75 pc=71 skip FR2 arg shift for CALL(C=3,B=1) cat-tail old=[8,9]
[repack] slice fail pc=78 interference-at=70 op=CAT reg=12 range=[9,12]
[repack] simple-local pick pc=77 op=KSHORT def=11 range=[9,12]
[repack] simple-local pick pc=76 op=KSHORT def=10 range=[9,12]
[repack] simple-local pick pc=75 op=MOV def=9 range=[9,12]
[repack] simple-local pick pc=68 op=MOV def=12 range=[9,12]
[repack] proto=75 pc=78 accept existing FR2 slice [9,12]
[repack] proto=76 pc=39 reject existing FR2 slice: new-first writer matches old-second old=5(pc=36,MOV) old2=6(pc=38,KSTR) new=6(pc=38,KSTR)
[repack] proto=76 pc=45 reject existing FR2 slice: new-first writer matches old-second old=5(pc=42,MOV) old2=6(pc=44,KSTR) new=6(pc=44,KSTR)
[repack] slice fail pc=51 unresolved reg=8 range=[7,8]
[repack] simple-local pick pc=50 op=KSHORT def=7 range=[7,8]
[repack] simple-local missing reg=8 range=[7,8]
[repack] slice fail pc=61 interference-at=32 op=ITERL reg=10 range=[9,10]
[repack] simple-local pick pc=60 op=KSHORT def=9 range=[9,10]
[repack] simple-local pick pc=27 op=SUBNV def=10 range=[9,10]
[repack] proto=76 pc=61 accept existing FR2 slice [9,10]
[repack] proto=76 pc=63 reject existing FR2 slice: new-first writer matches old-second old=5(pc=54,MOV) old2=6(pc=56,KSTR) new=6(pc=56,KSTR)
[repack] slice fail pc=63 interference-at=61 op=CALL reg=7 range=[5,8]
[repack] readonly slice retry fail pc=63 write-at=61 op=CALL reg=7 range=[5,8]
[repack] simple-local pick pc=62 op=KSHORT def=8 range=[5,8]
[repack] simple-local pick pc=58 op=TGETS def=7 range=[5,8]
[repack] simple-local pick pc=56 op=KSTR def=6 range=[5,8]
[repack] simple-local pick pc=54 op=MOV def=5 range=[5,8]
[repack] simple-local reject pc=63 reg=7 nearest=61(CALL) not-selected range=[5,8]
[repack] proto=76 pc=63 reject existing FR2 slice: new-first writer matches old-second old=5(pc=54,MOV) old2=6(pc=56,KSTR) new=6(pc=56,KSTR)
[repack] proto=76 pc=63 call-selfdef helper enter consumer=CALL producer=CALL self=KSHORT producer_b=2 consumer_span=5 producer_c=3
[repack] proto=76 pc=63 call-method-basecopy helper enter consumer=CALL producer=KSHORT producer_b=0 consumer_span=5 producer_c=9
[repack] proto=76 pc=63 call-chain helper enter consumer=CALL producer=KSHORT producer_b=0 consumer_span=5 producer_c=9
[repack] proto=76 pc=63 copy-fallback keep legacy-overlap reason=slice-select-fail old=[5,8] new=[6,9] base=4 nargs=4 b=1
[repack] proto=76 pc=63 copy-fallback reason=slice-select-fail insert_pc=63 count=4 range=[5,8]->[6,9] deferred=0
[rebuild] proto=76 insert_pc=63 old_proto_total=547 new_proto_total=563 old_payload=545 new_payload=561 debug_drop=156
[repack] proto=76 pc=9 accept existing FR2 slice [5,5]
[repack] proto=76 pc=15 accept existing FR2 slice [6,6]
[repack] proto=76 pc=24 accept existing FR2 slice [11,11]
[repack] proto=76 pc=39 accept existing FR2 slice: pre-shifted CALL(C=3) hole preserved old=[5,6] new=[6,7]
[repack] proto=76 pc=39 accept existing FR2 slice [6,7]
[repack] proto=76 pc=45 accept existing FR2 slice: pre-shifted CALL(C=3) hole preserved old=[5,6] new=[6,7]
[repack] proto=76 pc=45 accept existing FR2 slice [6,7]
[repack] proto=76 pc=51 accept existing FR2 slice [7,8]
[repack] slice fail pc=61 interference-at=32 op=ITERL reg=10 range=[9,10]
[repack] simple-local pick pc=60 op=KSHORT def=9 range=[9,10]
[repack] simple-local pick pc=27 op=SUBNV def=10 range=[9,10]
[repack] proto=76 pc=61 accept existing FR2 slice [9,10]
[repack] slice fail pc=67 interference-at=61 op=CALL reg=7 range=[6,9]
[repack] simple-local pick pc=66 op=MOV def=6 range=[6,9]
[repack] simple-local pick pc=65 op=MOV def=7 range=[6,9]
[repack] simple-local pick pc=64 op=MOV def=8 range=[6,9]
[repack] simple-local pick pc=63 op=MOV def=9 range=[6,9]
[repack] proto=76 pc=67 accept existing FR2 slice [6,9]
[repack] proto=77 pc=8 reject existing FR2 slice: new-first writer matches old-second old=4(pc=5,MOV) old2=5(pc=7,KSTR) new=5(pc=7,KSTR)
[repack] proto=77 pc=14 reject existing FR2 slice: new-first writer matches old-second old=4(pc=11,MOV) old2=5(pc=13,KSTR) new=5(pc=13,KSTR)
[repack] proto=77 pc=24 reject existing FR2 slice: new-first writer matches old-second old=4(pc=19,MOV) old2=5(pc=21,KSTR) new=5(pc=21,KSTR)
[repack] proto=78 pc=3 reject existing FR2 slice: new-first writer matches old-second old=4(pc=0,MOV) old2=5(pc=2,KSTR) new=5(pc=2,KSTR)
[repack] proto=78 pc=9 reject existing FR2 slice: new-first writer matches old-second old=4(pc=6,MOV) old2=5(pc=8,KSTR) new=5(pc=8,KSTR)
[repack] proto=78 pc=16 reject existing FR2 slice: new-first writer matches old-second old=5(pc=13,MOV) old2=6(pc=15,KSTR) new=6(pc=15,KSTR)
[repack] proto=78 pc=22 reject existing FR2 slice: new-first writer matches old-second old=5(pc=19,MOV) old2=6(pc=21,KSTR) new=6(pc=21,KSTR)
[repack] proto=78 pc=30 reject existing FR2 slice: new-first writer matches old-second old=6(pc=27,MOV) old2=7(pc=29,KSTR) new=7(pc=29,KSTR)
[repack] proto=78 pc=41 reject existing FR2 slice: new-first writer matches old-second old=4(pc=36,MOV) old2=5(pc=38,KSTR) new=5(pc=38,KSTR)
[repack] proto=79 pc=37 reject existing FR2 slice: new-first writer matches old-second old=6(pc=34,MOV) old2=7(pc=36,KSTR) new=7(pc=36,KSTR)
[repack] proto=79 pc=37 reject existing FR2 slice: new-first writer matches old-second old=6(pc=34,MOV) old2=7(pc=36,KSTR) new=7(pc=36,KSTR)
[repack] proto=79 pc=37 live-after fallback call-frame-shift copy insert base=5->6 args=[6,7]->[8,9]
[rebuild] proto=79 insert_pc=37 old_proto_total=888 new_proto_total=900 old_payload=886 new_payload=898 debug_drop=229
[repack] proto=79 pc=3 accept existing FR2 slice [5,5]
[repack] proto=79 pc=9 accept existing FR2 slice [6,6]
[repack] proto=79 pc=18 accept existing FR2 slice [11,11]
[repack] proto=79 pc=27 accept existing FR2 slice [11,12]
[repack] proto=79 pc=40 accept existing FR2 slice [8,9]
[repack] proto=79 pc=48 reject existing FR2 slice: new-first writer matches old-second old=11(pc=45,MOV) old2=12(pc=47,KSTR) new=12(pc=47,KSTR)
[repack] proto=79 pc=54 reject existing FR2 slice: new-first writer matches old-second old=11(pc=51,MOV) old2=12(pc=53,KSTR) new=12(pc=53,KSTR)
[repack] slice fail pc=60 unresolved reg=14 range=[13,14]
[repack] simple-local pick pc=59 op=KSHORT def=13 range=[13,14]
[repack] simple-local missing reg=14 range=[13,14]
[repack] slice fail pc=74 unresolved reg=16 range=[15,16]
[repack] simple-local pick pc=73 op=KSHORT def=15 range=[15,16]
[repack] simple-local missing reg=16 range=[15,16]
[repack] proto=79 pc=76 reject existing FR2 slice: new-first writer matches old-second old=11(pc=67,MOV) old2=12(pc=69,KSTR) new=12(pc=69,KSTR)
[repack] slice fail pc=76 interference-at=74 op=CALL reg=13 range=[11,14]
[repack] readonly slice retry fail pc=76 write-at=74 op=CALL reg=13 range=[11,14]
[repack] simple-local pick pc=75 op=KSHORT def=14 range=[11,14]
[repack] simple-local pick pc=71 op=TGETS def=13 range=[11,14]
[repack] simple-local pick pc=69 op=KSTR def=12 range=[11,14]
[repack] simple-local pick pc=67 op=MOV def=11 range=[11,14]
[repack] simple-local reject pc=76 reg=13 nearest=74(CALL) not-selected range=[11,14]
[repack] proto=79 pc=76 reject existing FR2 slice: new-first writer matches old-second old=11(pc=67,MOV) old2=12(pc=69,KSTR) new=12(pc=69,KSTR)
[repack] proto=79 pc=76 call-selfdef helper enter consumer=CALL producer=CALL self=KSHORT producer_b=2 consumer_span=5 producer_c=3
[repack] proto=79 pc=76 call-method-basecopy helper enter consumer=CALL producer=KSHORT producer_b=0 consumer_span=5 producer_c=5
[repack] proto=79 pc=76 call-chain helper enter consumer=CALL producer=KSHORT producer_b=0 consumer_span=5 producer_c=5
[repack] proto=79 pc=76 copy-fallback keep legacy-overlap reason=slice-select-fail old=[11,14] new=[12,15] base=10 nargs=4 b=1
[repack] proto=79 pc=76 copy-fallback reason=slice-select-fail insert_pc=76 count=4 range=[11,14]->[12,15] deferred=0
[rebuild] proto=79 insert_pc=76 old_proto_total=900 new_proto_total=916 old_payload=898 new_payload=914 debug_drop=229
[repack] proto=79 pc=3 accept existing FR2 slice [5,5]
[repack] proto=79 pc=9 accept existing FR2 slice [6,6]
[repack] proto=79 pc=18 accept existing FR2 slice [11,11]
[repack] proto=79 pc=27 accept existing FR2 slice [11,12]
[repack] proto=79 pc=40 accept existing FR2 slice [8,9]
[repack] proto=79 pc=43 accept existing FR2 slice [7,7]
[repack] proto=79 pc=48 accept existing FR2 slice [12,13]
[repack] proto=79 pc=54 accept existing FR2 slice [12,13]
[repack] proto=79 pc=60 accept existing FR2 slice [13,14]
[repack] proto=79 pc=74 accept existing FR2 slice [15,16]
[repack] slice fail pc=80 interference-at=74 op=CALL reg=13 range=[12,15]
[repack] simple-local pick pc=79 op=MOV def=12 range=[12,15]
[repack] simple-local pick pc=78 op=MOV def=13 range=[12,15]
[repack] simple-local pick pc=77 op=MOV def=14 range=[12,15]
[repack] simple-local pick pc=76 op=MOV def=15 range=[12,15]
[repack] proto=79 pc=80 accept existing FR2 slice [12,15]
[repack] proto=79 pc=84 reject existing FR2 slice: new-first writer matches old-second old=11(pc=81,MOV) old2=12(pc=83,KSTR) new=12(pc=83,KSTR)
[repack] proto=79 pc=90 reject existing FR2 slice: new-first writer matches old-second old=11(pc=87,MOV) old2=12(pc=89,KSTR) new=12(pc=89,KSTR)
[repack] slice fail pc=96 target-at=81 range=[13,14]
[repack] simple-local pick pc=95 op=KSHORT def=13 range=[13,14]
[repack] simple-local pick pc=77 op=MOV def=14 range=[13,14]
[repack] proto=79 pc=96 accept existing FR2 slice [13,14]
[repack] slice fail pc=110 target-at=81 range=[15,16]
[repack] simple-local pick pc=109 op=KSHORT def=15 range=[15,16]
[repack] simple-local pick pc=73 op=KSHORT def=16 range=[15,16]
[repack] proto=79 pc=110 accept existing FR2 slice [15,16]
[repack] proto=79 pc=112 reject existing FR2 slice: new-first writer matches old-second old=11(pc=103,MOV) old2=12(pc=105,KSTR) new=12(pc=105,KSTR)
[repack] slice fail pc=112 interference-at=110 op=CALL reg=13 range=[11,14]
[repack] readonly slice retry fail pc=112 write-at=110 op=CALL reg=13 range=[11,14]
[repack] simple-local pick pc=111 op=KSHORT def=14 range=[11,14]
[repack] simple-local pick pc=107 op=TGETS def=13 range=[11,14]
[repack] simple-local pick pc=105 op=KSTR def=12 range=[11,14]
[repack] simple-local pick pc=103 op=MOV def=11 range=[11,14]
[repack] simple-local reject pc=112 reg=13 nearest=110(CALL) not-selected range=[11,14]
[repack] proto=79 pc=112 reject existing FR2 slice: new-first writer matches old-second old=11(pc=103,MOV) old2=12(pc=105,KSTR) new=12(pc=105,KSTR)
[repack] proto=79 pc=112 call-selfdef helper enter consumer=CALL producer=CALL self=KSHORT producer_b=2 consumer_span=5 producer_c=3
[repack] proto=79 pc=112 call-method-basecopy helper enter consumer=CALL producer=KSHORT producer_b=0 consumer_span=5 producer_c=5
[repack] proto=79 pc=112 call-chain helper enter consumer=CALL producer=KSHORT producer_b=0 consumer_span=5 producer_c=5
[repack] proto=79 pc=112 copy-fallback keep legacy-overlap reason=slice-select-fail old=[11,14] new=[12,15] base=10 nargs=4 b=1
[repack] proto=79 pc=112 copy-fallback reason=slice-select-fail insert_pc=112 count=4 range=[11,14]->[12,15] deferred=0
[rebuild] proto=79 insert_pc=112 old_proto_total=916 new_proto_total=932 old_payload=914 new_payload=930 debug_drop=229
[repack] proto=79 pc=3 accept existing FR2 slice [5,5]
[repack] proto=79 pc=9 accept existing FR2 slice [6,6]
[repack] proto=79 pc=18 accept existing FR2 slice [11,11]
[repack] proto=79 pc=27 accept existing FR2 slice [11,12]
[repack] proto=79 pc=40 accept existing FR2 slice [8,9]
[repack] proto=79 pc=43 accept existing FR2 slice [7,7]
[repack] proto=79 pc=48 accept existing FR2 slice [12,13]
[repack] proto=79 pc=54 accept existing FR2 slice [12,13]
[repack] proto=79 pc=60 accept existing FR2 slice [13,14]
[repack] proto=79 pc=74 accept existing FR2 slice [15,16]
[repack] slice fail pc=80 interference-at=74 op=CALL reg=13 range=[12,15]
[repack] simple-local pick pc=79 op=MOV def=12 range=[12,15]
[repack] simple-local pick pc=78 op=MOV def=13 range=[12,15]
[repack] simple-local pick pc=77 op=MOV def=14 range=[12,15]
[repack] simple-local pick pc=76 op=MOV def=15 range=[12,15]
[repack] proto=79 pc=80 accept existing FR2 slice [12,15]
[repack] proto=79 pc=84 accept existing FR2 slice [12,13]
[repack] proto=79 pc=90 accept existing FR2 slice [12,13]
[repack] slice fail pc=96 target-at=81 range=[13,14]
[repack] simple-local pick pc=95 op=KSHORT def=13 range=[13,14]
[repack] simple-local pick pc=77 op=MOV def=14 range=[13,14]
[repack] proto=79 pc=96 accept existing FR2 slice [13,14]
[repack] slice fail pc=110 target-at=81 range=[15,16]
[repack] simple-local pick pc=109 op=KSHORT def=15 range=[15,16]
[repack] simple-local pick pc=73 op=KSHORT def=16 range=[15,16]
[repack] proto=79 pc=110 accept existing FR2 slice [15,16]
[repack] slice fail pc=116 interference-at=110 op=CALL reg=13 range=[12,15]
[repack] simple-local pick pc=115 op=MOV def=12 range=[12,15]
[repack] simple-local pick pc=114 op=MOV def=13 range=[12,15]
[repack] simple-local pick pc=113 op=MOV def=14 range=[12,15]
[repack] simple-local pick pc=112 op=MOV def=15 range=[12,15]
[repack] proto=79 pc=116 accept existing FR2 slice [12,15]
[repack] slice fail pc=117 interference-at=116 op=CALL reg=10 range=[9,10]
[repack] readonly slice retry fail pc=117 read-at=116 op=CALL reg=10 range=[9,10]
[repack] simple-local pick pc=104 op=TGETS def=10 range=[9,10]
[repack] simple-local pick pc=37 op=MOV def=9 range=[9,10]
[repack] slice fail pc=117 interference-at=116 op=CALL reg=10 range=[10,11]
[repack] simple-local pick pc=104 op=TGETS def=10 range=[10,11]
[repack] simple-local pick pc=103 op=MOV def=11 range=[10,11]
[repack] proto=79 pc=117 accept existing FR2 slice [10,11]
[repack] proto=80 pc=12 reject existing FR2 slice: new-first writer matches old-second old=5(pc=9,MOV) old2=6(pc=11,KSTR) new=6(pc=11,KSTR)
[repack] proto=80 pc=18 reject existing FR2 slice: new-first writer matches old-second old=5(pc=15,MOV) old2=6(pc=17,KSTR) new=6(pc=17,KSTR)
[repack] slice fail pc=24 unresolved reg=8 range=[7,8]
[repack] simple-local pick pc=23 op=KSHORT def=7 range=[7,8]
[repack] simple-local missing reg=8 range=[7,8]
[repack] proto=80 pc=32 reject existing FR2 slice: new-first writer matches old-second old=5(pc=27,MOV) old2=6(pc=29,KSTR) new=6(pc=29,KSTR)
[repack] proto=80 pc=35 reject existing FR2 slice: stale new-first old=5(pc=33,MOV) new=6(pc=27,MOV)
[repack] proto=81 pc=28 skip FR2 arg shift for CALL(C=3,B=1) cat-tail old=[11,12]
[repack] slice fail pc=32 interference-at=27 op=CAT reg=13 range=[12,13]
[repack] simple-local pick pc=31 op=MOV def=12 range=[12,13]
[repack] simple-local pick pc=23 op=TGETS def=13 range=[12,13]
[repack] proto=81 pc=32 accept existing FR2 slice [12,13]
[repack] slice fail pc=39 interference-at=34 op=FORL reg=7 range=[7,7]
[repack] simple-local pick pc=10 op=KSHORT def=7 range=[7,7]
[repack] proto=81 pc=39 accept existing FR2 slice [7,7]
[repack] proto=82 pc=18 call-selfdef helper enter consumer=CALL producer=MULVV self=ADDVV producer_b=5 consumer_span=2 producer_c=6
[repack] proto=82 pc=18 call-method-basecopy helper enter consumer=CALL producer=ADDVV producer_b=4 consumer_span=2 producer_c=5
[repack] proto=82 pc=18 call-chain helper enter consumer=CALL producer=ADDVV producer_b=4 consumer_span=2 producer_c=5
[repack] proto=82 pc=18 copy-fallback reason=target-touch-fail insert_pc=18 count=1 range=[4,4]->[5,5] deferred=0
[rebuild] proto=82 insert_pc=18 old_proto_total=406 new_proto_total=410 old_payload=404 new_payload=408 debug_drop=103
[repack] proto=82 pc=19 accept existing FR2 slice [5,5]
[repack] proto=82 pc=23 reject existing FR2 slice: new-first writer matches old-second old=5(pc=20,MOV) old2=6(pc=22,KSTR) new=6(pc=22,KSTR)
[repack] proto=82 pc=37 reject existing FR2 slice: new-first writer matches old-second old=5(pc=30,MOV) old2=6(pc=34,CAT) new=6(pc=34,CAT)
[repack] proto=83 pc=3 reject existing FR2 slice: new-first writer matches old-second old=4(pc=0,MOV) old2=5(pc=2,KSTR) new=5(pc=2,KSTR)
[repack] proto=84 pc=3 reject existing FR2 slice: new-first writer matches old-second old=4(pc=0,MOV) old2=5(pc=2,KSTR) new=5(pc=2,KSTR)
[repack] proto=84 pc=9 reject existing FR2 slice: new-first writer matches old-second old=4(pc=6,MOV) old2=5(pc=8,KSTR) new=5(pc=8,KSTR)
[repack] slice fail pc=8 unresolved reg=12 range=[11,12]
[repack] simple-local pick pc=7 op=MOV def=11 range=[11,12]
[repack] simple-local missing reg=12 range=[11,12]
[repack] proto=85 pc=14 accept existing FR2 slice [11,12]
[repack] proto=85 pc=24 skip FR2 arg shift for CALL(C=3,B=1) cat-tail old=[10,11]
[repack] slice fail pc=9 unresolved reg=13 range=[12,13]
[repack] simple-local pick pc=8 op=MOV def=12 range=[12,13]
[repack] simple-local missing reg=13 range=[12,13]
[repack] slice fail pc=28 unresolved reg=8 range=[7,8]
[repack] simple-local pick pc=27 op=LEN def=7 range=[7,8]
[repack] simple-local missing reg=8 range=[7,8]
[repack] slice fail pc=32 unresolved reg=9 range=[8,9]
[repack] simple-local pick pc=31 op=TGETV def=8 range=[8,9]
[repack] simple-local missing reg=9 range=[8,9]
[repack] proto=86 pc=42 skip FR2 arg shift for CALL(C=3,B=1) cat-tail old=[7,8]
[repack] proto=87 pc=9 reject existing FR2 slice: new-first writer matches old-second old=4(pc=6,MOV) old2=5(pc=8,KSTR) new=5(pc=8,KSTR)
[repack] proto=87 pc=15 reject existing FR2 slice: new-first writer matches old-second old=4(pc=12,MOV) old2=5(pc=14,KSTR) new=5(pc=14,KSTR)
[repack] slice fail pc=20 unresolved reg=7 range=[6,7]
[repack] simple-local pick pc=19 op=KSHORT def=6 range=[6,7]
[repack] simple-local missing reg=7 range=[6,7]
[repack] proto=87 pc=30 reject existing FR2 slice: new-first writer matches old-second old=4(pc=25,MOV) old2=5(pc=27,KSTR) new=5(pc=27,KSTR)
[repack] slice fail pc=24 unresolved reg=9 range=[8,9]
[repack] simple-local pick pc=23 op=MOV def=8 range=[8,9]
[repack] simple-local missing reg=9 range=[8,9]
[repack] proto=88 pc=44 reject existing FR2 slice: new-first writer matches old-second old=7(pc=41,MOV) old2=8(pc=43,KSTR) new=8(pc=43,KSTR)
[repack] proto=88 pc=50 reject existing FR2 slice: new-first writer matches old-second old=7(pc=47,MOV) old2=8(pc=49,KSTR) new=8(pc=49,KSTR)
[repack] slice fail pc=59 unresolved reg=10 range=[9,10]
[repack] simple-local pick pc=58 op=ADDVN def=9 range=[9,10]
[repack] simple-local missing reg=10 range=[9,10]
[repack] proto=88 pc=67 reject existing FR2 slice: new-first writer matches old-second old=7(pc=62,MOV) old2=8(pc=64,KSTR) new=8(pc=64,KSTR)
[repack] proto=88 pc=71 reject existing FR2 slice: new-first writer matches old-second old=7(pc=68,MOV) old2=8(pc=70,KSTR) new=8(pc=70,KSTR)
[repack] proto=88 pc=77 reject existing FR2 slice: new-first writer matches old-second old=7(pc=74,MOV) old2=8(pc=76,KSTR) new=8(pc=76,KSTR)
[repack] slice fail pc=86 target-at=68 range=[9,10]
[repack] simple-local pick pc=85 op=ADDVN def=9 range=[9,10]
[repack] simple-local pick pc=65 op=KSHORT def=10 range=[9,10]
[repack] proto=88 pc=86 accept existing FR2 slice [9,10]
[repack] proto=88 pc=94 reject existing FR2 slice: new-first writer matches old-second old=7(pc=89,MOV) old2=8(pc=91,KSTR) new=8(pc=91,KSTR)
[repack] proto=89 pc=31 reject existing FR2 slice: new-first writer matches old-second old=4(pc=28,MOV) old2=5(pc=30,KSTR) new=5(pc=30,KSTR)
[repack] proto=89 pc=37 reject existing FR2 slice: new-first writer matches old-second old=4(pc=34,MOV) old2=5(pc=36,KSTR) new=5(pc=36,KSTR)
[repack] slice fail pc=42 unresolved reg=7 range=[6,7]
[repack] simple-local pick pc=41 op=KSHORT def=6 range=[6,7]
[repack] simple-local missing reg=7 range=[6,7]
[repack] proto=89 pc=52 reject existing FR2 slice: new-first writer matches old-second old=4(pc=47,MOV) old2=5(pc=49,KSTR) new=5(pc=49,KSTR)
[repack] proto=90 pc=3 reject existing FR2 slice: new-first writer matches old-second old=4(pc=0,MOV) old2=5(pc=2,KSTR) new=5(pc=2,KSTR)
[repack] proto=90 pc=11 reject existing FR2 slice: stale new-first old=5(pc=9,MOV) new=6(pc=2,KSTR)
[repack] proto=90 pc=18 reject existing FR2 slice: new-first writer matches old-second old=5(pc=13,MOV) old2=6(pc=15,KSTR) new=6(pc=15,KSTR)
[repack] slice fail pc=8 unresolved reg=6 range=[5,6]
[repack] simple-local pick pc=7 op=KNUM def=5 range=[5,6]
[repack] simple-local missing reg=6 range=[5,6]
[repack] proto=91 pc=19 reject existing FR2 slice: new-first writer matches old-second old=5(pc=16,MOV) old2=6(pc=18,KSTR) new=6(pc=18,KSTR)
[repack] proto=91 pc=25 reject existing FR2 slice: new-first writer matches old-second old=5(pc=22,MOV) old2=6(pc=24,KSTR) new=6(pc=24,KSTR)
[repack] slice fail pc=30 unresolved reg=8 range=[7,8]
[repack] simple-local pick pc=29 op=KSHORT def=7 range=[7,8]
[repack] simple-local missing reg=8 range=[7,8]
[repack] proto=91 pc=40 reject existing FR2 slice: new-first writer matches old-second old=5(pc=35,MOV) old2=6(pc=37,KSTR) new=6(pc=37,KSTR)
[repack] proto=92 pc=11 reject existing FR2 slice: new-first writer matches old-second old=4(pc=6,MOV) old2=5(pc=8,KSTR) new=5(pc=8,KSTR)
[repack] proto=92 pc=18 skip FR2 arg shift for CALL(C=3,B=1) cat-tail old=[4,5]
[repack] proto=92 pc=24 reject existing FR2 slice: new-first writer matches old-second old=4(pc=21,MOV) old2=5(pc=23,KSTR) new=5(pc=23,KSTR)
[repack] proto=93 pc=11 reject existing FR2 slice: new-first writer matches old-second old=4(pc=6,MOV) old2=5(pc=8,KSTR) new=5(pc=8,KSTR)
[repack] proto=93 pc=18 skip FR2 arg shift for CALL(C=3,B=1) cat-tail old=[4,5]
[repack] proto=93 pc=24 reject existing FR2 slice: new-first writer matches old-second old=4(pc=21,MOV) old2=5(pc=23,KSTR) new=5(pc=23,KSTR)
[repack] proto=95 pc=11 reject existing FR2 slice: new-first writer matches old-second old=4(pc=6,MOV) old2=5(pc=8,KSTR) new=5(pc=8,KSTR)
[repack] proto=96 pc=18 reject existing FR2 slice: new-first writer matches old-second old=5(pc=15,MOV) old2=6(pc=17,KSTR) new=6(pc=17,KSTR)
[repack] proto=96 pc=24 reject existing FR2 slice: new-first writer matches old-second old=5(pc=21,MOV) old2=6(pc=23,KSTR) new=6(pc=23,KSTR)
[repack] proto=96 pc=33 call-selfdef helper enter consumer=CALL producer=SUBVV self=MULVN producer_b=5 consumer_span=2 producer_c=6
[repack] proto=96 pc=33 call-method-basecopy helper enter consumer=CALL producer=MULVN producer_b=5 consumer_span=2 producer_c=3
[repack] proto=96 pc=33 call-chain helper enter consumer=CALL producer=MULVN producer_b=5 consumer_span=2 producer_c=3
[repack] proto=96 pc=33 copy-fallback reason=target-touch-fail insert_pc=33 count=1 range=[5,5]->[6,6] deferred=0
[rebuild] proto=96 insert_pc=33 old_proto_total=859 new_proto_total=863 old_payload=857 new_payload=861 debug_drop=166
[repack] proto=96 pc=3 accept existing FR2 slice [5,5]
[repack] proto=96 pc=18 accept existing FR2 slice [6,7]
[repack] proto=96 pc=24 accept existing FR2 slice [6,7]
[repack] proto=96 pc=34 accept existing FR2 slice [6,6]
[repack] proto=96 pc=41 call-selfdef helper enter consumer=CALL producer=SUBVV self=MULVN producer_b=6 consumer_span=2 producer_c=7
[repack] proto=96 pc=41 call-method-basecopy helper enter consumer=CALL producer=MULVN producer_b=6 consumer_span=2 producer_c=3
[repack] proto=96 pc=41 call-chain helper enter consumer=CALL producer=MULVN producer_b=6 consumer_span=2 producer_c=3
[repack] proto=96 pc=41 copy-fallback reason=target-touch-fail insert_pc=41 count=1 range=[6,6]->[7,7] deferred=0
[rebuild] proto=96 insert_pc=41 old_proto_total=863 new_proto_total=867 old_payload=861 new_payload=865 debug_drop=166
[repack] proto=96 pc=3 accept existing FR2 slice [5,5]
[repack] proto=96 pc=18 accept existing FR2 slice [6,7]
[repack] proto=96 pc=24 accept existing FR2 slice [6,7]
[repack] proto=96 pc=34 accept existing FR2 slice [6,6]
[repack] proto=96 pc=42 accept existing FR2 slice [7,7]
[repack] proto=96 pc=62 reject existing FR2 slice: new-first writer matches old-second old=7(pc=55,MOV) old2=8(pc=59,CAT) new=8(pc=59,CAT)
[repack] proto=96 pc=70 reject existing FR2 slice: new-first writer matches old-second old=7(pc=63,MOV) old2=8(pc=67,CAT) new=8(pc=67,CAT)
[repack] proto=96 pc=82 skip FR2 arg shift for CALL(C=3,B=1) cat-tail old=[7,8]
[repack] proto=97 pc=16 reject existing FR2 slice: new-first writer matches old-second old=6(pc=13,MOV) old2=7(pc=15,KSTR) new=7(pc=15,KSTR)
[repack] proto=97 pc=18 reject existing FR2 slice: call-result arg1 aliases old-second old=5(pc=16,CALL) old2=6(pc=17,KSHORT) new=6(pc=17,KSHORT)
[repack] slice fail pc=18 interference-at=16 op=CALL reg=5 range=[5,6]
[repack] readonly slice retry fail pc=18 write-at=16 op=CALL reg=5 range=[5,6]
[repack] simple-local pick pc=17 op=KSHORT def=6 range=[5,6]
[repack] simple-local pick pc=14 op=TGETS def=5 range=[5,6]
[repack] simple-local reject pc=18 reg=5 nearest=16(CALL) not-selected range=[5,6]
[repack] proto=97 pc=18 reject existing FR2 slice: call-result arg1 aliases old-second old=5(pc=16,CALL) old2=6(pc=17,KSHORT) new=6(pc=17,KSHORT)
[repack] proto=97 pc=18 call-selfdef helper enter consumer=CALL producer=CALL self=KSHORT producer_b=2 consumer_span=3 producer_c=3
[repack] proto=97 pc=18 call-method-basecopy helper enter consumer=CALL producer=KSHORT producer_b=0 consumer_span=3 producer_c=200
[repack] proto=97 pc=18 call-chain helper enter consumer=CALL producer=KSHORT producer_b=0 consumer_span=3 producer_c=200
[repack] proto=97 pc=18 copy-fallback keep legacy-overlap reason=slice-select-fail old=[5,6] new=[6,7] base=4 nargs=2 b=2
[repack] proto=97 pc=18 copy-fallback reason=slice-select-fail insert_pc=18 count=2 range=[5,6]->[6,7] deferred=0
[rebuild] proto=97 insert_pc=18 old_proto_total=1140 new_proto_total=1148 old_payload=1138 new_payload=1146 debug_drop=227
[repack] proto=97 pc=16 accept existing FR2 slice [7,8]
[repack] proto=97 pc=20 skip FR2 arg shift for pre-shifted CALL(C=3) old=[5,6]
[repack] proto=97 pc=28 reject existing FR2 slice: new-first writer matches old-second old=7(pc=25,MOV) old2=8(pc=27,KSTR) new=8(pc=27,KSTR)
[repack] proto=97 pc=30 reject existing FR2 slice: call-result arg1 aliases old-second old=6(pc=28,CALL) old2=7(pc=29,KSHORT) new=7(pc=29,KSHORT)
[repack] slice fail pc=30 interference-at=28 op=CALL reg=6 range=[6,7]
[repack] readonly slice retry fail pc=30 write-at=28 op=CALL reg=6 range=[6,7]
[repack] simple-local pick pc=29 op=KSHORT def=7 range=[6,7]
[repack] simple-local pick pc=26 op=TGETS def=6 range=[6,7]
[repack] simple-local reject pc=30 reg=6 nearest=28(CALL) not-selected range=[6,7]
[repack] proto=97 pc=30 reject existing FR2 slice: call-result arg1 aliases old-second old=6(pc=28,CALL) old2=7(pc=29,KSHORT) new=7(pc=29,KSHORT)
[repack] proto=97 pc=30 call-selfdef helper enter consumer=CALL producer=CALL self=KSHORT producer_b=2 consumer_span=3 producer_c=3
[repack] proto=97 pc=30 call-method-basecopy helper enter consumer=CALL producer=KSHORT producer_b=0 consumer_span=3 producer_c=200
[repack] proto=97 pc=30 call-chain helper enter consumer=CALL producer=KSHORT producer_b=0 consumer_span=3 producer_c=200
[repack] proto=97 pc=30 copy-fallback keep legacy-overlap reason=slice-select-fail old=[6,7] new=[7,8] base=5 nargs=2 b=2
[repack] proto=97 pc=30 copy-fallback reason=slice-select-fail insert_pc=30 count=2 range=[6,7]->[7,8] deferred=0
[rebuild] proto=97 insert_pc=30 old_proto_total=1148 new_proto_total=1156 old_payload=1146 new_payload=1154 debug_drop=227
[repack] proto=97 pc=16 accept existing FR2 slice [7,8]
[repack] proto=97 pc=20 skip FR2 arg shift for pre-shifted CALL(C=3) old=[5,6]
[repack] proto=97 pc=28 accept existing FR2 slice [8,9]
[repack] proto=97 pc=32 skip FR2 arg shift for pre-shifted CALL(C=3) old=[6,7]
[repack] proto=97 pc=39 reject existing FR2 slice: new-first writer matches old-second old=6(pc=36,MOV) old2=7(pc=38,KSTR) new=7(pc=38,KSTR)
[repack] slice fail pc=54 target-at=47 range=[7,8]
[repack] simple-local pick pc=53 op=KSHORT def=7 range=[7,8]
[repack] simple-local pick pc=38 op=KSTR def=8 range=[7,8]
[repack] proto=97 pc=54 accept existing FR2 slice [7,8]
[repack] slice fail pc=77 interference-at=54 op=CALL reg=5 range=[5,5]
[repack] readonly slice retry fail pc=77 write-at=54 op=CALL reg=5 range=[5,5]
[repack] simple-local pick pc=76 op=DIVVN def=5 range=[5,5]
[repack] slice fail pc=84 target-at=47 range=[8,9]
[repack] simple-local pick pc=83 op=KSHORT def=8 range=[8,9]
[repack] simple-local pick pc=27 op=KSTR def=9 range=[8,9]
[repack] proto=97 pc=84 accept existing FR2 slice [8,9]
[repack] slice fail pc=107 interference-at=84 op=CALL reg=6 range=[6,6]
[repack] readonly slice retry fail pc=107 write-at=84 op=CALL reg=6 range=[6,6]
[repack] simple-local pick pc=106 op=DIVVN def=6 range=[6,6]
[repack] proto=97 pc=121 reject existing FR2 slice: new-first writer matches old-second old=7(pc=114,MOV) old2=8(pc=118,CAT) new=8(pc=118,CAT)
[repack] proto=97 pc=129 reject existing FR2 slice: new-first writer matches old-second old=7(pc=122,MOV) old2=8(pc=126,CAT) new=8(pc=126,CAT)
[repack] proto=97 pc=141 skip FR2 arg shift for CALL(C=3,B=1) cat-tail old=[7,8]
[repack] slice fail pc=4 unresolved reg=6 range=[5,6]
[repack] simple-local pick pc=3 op=KSHORT def=5 range=[5,6]
[repack] simple-local missing reg=6 range=[5,6]
[repack] proto=98 pc=21 call-selfdef helper enter consumer=CALL producer=ADDVV self=MULVV producer_b=7 consumer_span=2 producer_c=3
[repack] proto=98 pc=21 call-method-basecopy helper enter consumer=CALL producer=MULVV producer_b=6 consumer_span=2 producer_c=7
[repack] proto=98 pc=21 call-chain helper enter consumer=CALL producer=MULVV producer_b=6 consumer_span=2 producer_c=7
[repack] proto=98 pc=21 copy-fallback reason=target-touch-fail insert_pc=21 count=1 range=[6,6]->[7,7] deferred=0
[rebuild] proto=98 insert_pc=21 old_proto_total=737 new_proto_total=741 old_payload=735 new_payload=739 debug_drop=152
[repack] proto=98 pc=4 accept existing FR2 slice [5,6]
[repack] proto=98 pc=22 accept existing FR2 slice [7,7]
[repack] slice fail pc=40 unresolved reg=9 range=[8,9]
[repack] simple-local pick pc=39 op=MOV def=8 range=[8,9]
[repack] simple-local missing reg=9 range=[8,9]
[repack] proto=98 pc=59 reject existing FR2 slice: new-first writer matches old-second old=7(pc=52,MOV) old2=8(pc=56,CAT) new=8(pc=56,CAT)
[repack] proto=98 pc=69 skip FR2 arg shift for CALL(C=3,B=1) cat-tail old=[7,8]
[repack] slice fail pc=4 unresolved reg=6 range=[5,6]
[repack] simple-local pick pc=3 op=KSHORT def=5 range=[5,6]
[repack] simple-local missing reg=6 range=[5,6]
[repack] proto=99 pc=21 call-selfdef helper enter consumer=CALL producer=ADDVV self=MULVV producer_b=7 consumer_span=2 producer_c=3
[repack] proto=99 pc=21 call-method-basecopy helper enter consumer=CALL producer=MULVV producer_b=6 consumer_span=2 producer_c=7
[repack] proto=99 pc=21 call-chain helper enter consumer=CALL producer=MULVV producer_b=6 consumer_span=2 producer_c=7
[repack] proto=99 pc=21 copy-fallback reason=target-touch-fail insert_pc=21 count=1 range=[6,6]->[7,7] deferred=0
[rebuild] proto=99 insert_pc=21 old_proto_total=736 new_proto_total=740 old_payload=734 new_payload=738 debug_drop=154
[repack] proto=99 pc=4 accept existing FR2 slice [5,6]
[repack] proto=99 pc=22 accept existing FR2 slice [7,7]
[repack] slice fail pc=40 unresolved reg=9 range=[8,9]
[repack] simple-local pick pc=39 op=MOV def=8 range=[8,9]
[repack] simple-local missing reg=9 range=[8,9]
[repack] proto=99 pc=59 reject existing FR2 slice: new-first writer matches old-second old=7(pc=52,MOV) old2=8(pc=56,CAT) new=8(pc=56,CAT)
[repack] proto=99 pc=69 skip FR2 arg shift for CALL(C=3,B=1) cat-tail old=[7,8]
[repack] proto=100 pc=41 reject existing FR2 slice: new-first writer matches old-second old=6(pc=34,MOV) old2=7(pc=38,CAT) new=7(pc=38,CAT)
[repack] proto=100 pc=49 skip FR2 arg shift for CALL(C=3,B=1) cat-tail old=[6,7]
[repack] proto=101 pc=11 reject existing FR2 slice: new-first writer matches old-second old=4(pc=6,MOV) old2=5(pc=8,KSTR) new=5(pc=8,KSTR)
[repack] proto=102 pc=39 skip FR2 arg shift for CALL(C=3,B=1) cat-tail old=[6,7]
[repack] proto=104 pc=9 reject existing FR2 slice: new-first writer matches old-second old=4(pc=6,MOV) old2=5(pc=8,KSTR) new=5(pc=8,KSTR)
[repack] proto=104 pc=15 reject existing FR2 slice: new-first writer matches old-second old=4(pc=12,MOV) old2=5(pc=14,KSTR) new=5(pc=14,KSTR)
[repack] slice fail pc=20 unresolved reg=7 range=[6,7]
[repack] simple-local pick pc=19 op=KSHORT def=6 range=[6,7]
[repack] simple-local missing reg=7 range=[6,7]
[repack] slice fail pc=26 unresolved reg=8 range=[7,8]
[repack] simple-local pick pc=25 op=KSHORT def=7 range=[7,8]
[repack] simple-local missing reg=8 range=[7,8]
[repack] proto=104 pc=38 reject existing FR2 slice: new-first writer matches old-second old=4(pc=33,MOV) old2=5(pc=35,KSTR) new=5(pc=35,KSTR)
[repack] proto=104 pc=41 reject existing FR2 slice: stale new-first old=4(pc=39,MOV) new=5(pc=33,MOV)
[repack] proto=105 pc=3 reject existing FR2 slice: new-first writer matches old-second old=4(pc=0,MOV) old2=5(pc=2,KSTR) new=5(pc=2,KSTR)
[repack] proto=105 pc=16 reject existing FR2 slice: new-first writer matches old-second old=6(pc=13,MOV) old2=7(pc=15,KSTR) new=7(pc=15,KSTR)
[repack] proto=105 pc=27 reject existing FR2 slice: new-first writer matches old-second old=6(pc=22,MOV) old2=7(pc=24,KSTR) new=7(pc=24,KSTR)
[repack] proto=105 pc=33 reject existing FR2 slice: new-first writer matches old-second old=6(pc=28,MOV) old2=7(pc=30,KSTR) new=7(pc=30,KSTR)
[repack] slice fail pc=48 unresolved reg=11 range=[7,11]
[repack] simple-local pick pc=47 op=KSTR def=10 range=[7,11]
[repack] simple-local pick pc=46 op=KSHORT def=9 range=[7,11]
[repack] simple-local pick pc=45 op=KSHORT def=8 range=[7,11]
[repack] simple-local pick pc=44 op=MOV def=7 range=[7,11]
[repack] simple-local missing reg=11 range=[7,11]
[repack] proto=105 pc=52 reject existing FR2 slice: new-first writer matches old-second old=6(pc=49,MOV) old2=7(pc=51,KSTR) new=7(pc=51,KSTR)
[repack] proto=106 pc=9 reject existing FR2 slice: new-first writer matches old-second old=4(pc=6,MOV) old2=5(pc=8,KSTR) new=5(pc=8,KSTR)
[repack] proto=106 pc=15 reject existing FR2 slice: new-first writer matches old-second old=4(pc=12,MOV) old2=5(pc=14,KSTR) new=5(pc=14,KSTR)
[repack] proto=106 pc=21 reject existing FR2 slice: new-first writer matches old-second old=4(pc=18,MOV) old2=5(pc=20,KSTR) new=5(pc=20,KSTR)
[repack] proto=106 pc=34 reject existing FR2 slice: new-first writer matches old-second old=4(pc=29,MOV) old2=5(pc=31,KSTR) new=5(pc=31,KSTR)
[repack] proto=107 pc=11 reject existing FR2 slice: new-first writer matches old-second old=4(pc=6,MOV) old2=5(pc=8,KSTR) new=5(pc=8,KSTR)
[repack] proto=107 pc=17 reject existing FR2 slice: new-first writer matches old-second old=4(pc=12,MOV) old2=5(pc=14,KSTR) new=5(pc=14,KSTR)
[repack] proto=107 pc=25 skip FR2 arg shift for CALL(C=3,B=1) cat-tail old=[4,5]
[repack] proto=107 pc=31 reject existing FR2 slice: new-first writer matches old-second old=4(pc=28,MOV) old2=5(pc=30,KSTR) new=5(pc=30,KSTR)
[repack] proto=108 pc=11 reject existing FR2 slice: new-first writer matches old-second old=4(pc=6,MOV) old2=5(pc=8,KSTR) new=5(pc=8,KSTR)
[repack] proto=108 pc=19 skip FR2 arg shift for CALL(C=3,B=1) cat-tail old=[4,5]
[repack] slice fail pc=27 unresolved reg=11 range=[10,11]
[repack] simple-local pick pc=26 op=KSHORT def=10 range=[10,11]
[repack] simple-local missing reg=11 range=[10,11]
[repack] proto=109 pc=41 call-selfdef helper enter consumer=CALL producer=MULVV self=ADDVV producer_b=11 consumer_span=2 producer_c=8
[repack] proto=109 pc=41 call-method-basecopy helper enter consumer=CALL producer=ADDVV producer_b=10 consumer_span=2 producer_c=11
[repack] proto=109 pc=41 call-chain helper enter consumer=CALL producer=ADDVV producer_b=10 consumer_span=2 producer_c=11
[repack] proto=109 pc=41 copy-fallback reason=target-touch-fail insert_pc=41 count=1 range=[10,10]->[11,11] deferred=0
[rebuild] proto=109 insert_pc=41 old_proto_total=676 new_proto_total=680 old_payload=674 new_payload=678 debug_drop=150
[repack] proto=109 pc=7 accept existing FR2 slice [5,5]
[repack] proto=109 pc=21 accept existing FR2 slice [10,10]
[repack] proto=109 pc=27 accept existing FR2 slice [10,11]
[repack] proto=109 pc=42 accept existing FR2 slice [11,11]
[repack] proto=109 pc=53 reject existing FR2 slice: new-first writer matches old-second old=11(pc=46,MOV) old2=12(pc=50,CAT) new=12(pc=50,CAT)
[repack] proto=109 pc=61 skip FR2 arg shift for CALL(C=3,B=1) cat-tail old=[11,12]
[repack] slice fail pc=10 unresolved reg=6 range=[5,6]
[repack] simple-local pick pc=9 op=KSHORT def=5 range=[5,6]
[repack] simple-local missing reg=6 range=[5,6]
[repack] proto=111 pc=24 call-selfdef helper enter consumer=CALL producer=MULVV self=ADDVV producer_b=6 consumer_span=2 producer_c=3
[repack] proto=111 pc=24 call-method-basecopy helper enter consumer=CALL producer=ADDVV producer_b=5 consumer_span=2 producer_c=6
[repack] proto=111 pc=24 call-chain helper enter consumer=CALL producer=ADDVV producer_b=5 consumer_span=2 producer_c=6
[repack] proto=111 pc=24 copy-fallback reason=target-touch-fail insert_pc=24 count=1 range=[5,5]->[6,6] deferred=0
[rebuild] proto=111 insert_pc=24 old_proto_total=880 new_proto_total=884 old_payload=878 new_payload=882 debug_drop=184
[repack] proto=111 pc=3 accept existing FR2 slice [5,5]
[repack] proto=111 pc=10 accept existing FR2 slice [5,6]
[repack] proto=111 pc=25 accept existing FR2 slice [6,6]
[repack] proto=111 pc=34 reject existing FR2 slice: new-first writer matches old-second old=6(pc=31,MOV) old2=7(pc=33,KSTR) new=7(pc=33,KSTR)
[repack] proto=111 pc=46 reject existing FR2 slice: new-first writer matches old-second old=11(pc=43,MOV) old2=12(pc=45,KSTR) new=12(pc=45,KSTR)
[repack] proto=111 pc=63 reject existing FR2 slice: new-first writer matches old-second old=11(pc=56,MOV) old2=12(pc=60,CAT) new=12(pc=60,CAT)
[repack] proto=111 pc=71 skip FR2 arg shift for CALL(C=3,B=1) cat-tail old=[11,12]
[repack] proto=111 pc=83 reject existing FR2 slice: new-first writer matches old-second old=11(pc=76,MOV) old2=12(pc=80,CAT) new=12(pc=80,CAT)
[repack] proto=111 pc=93 skip FR2 arg shift for CALL(C=3,B=1) cat-tail old=[11,12]
[repack] slice fail pc=14 unresolved reg=6 range=[5,6]
[repack] simple-local pick pc=13 op=KSHORT def=5 range=[5,6]
[repack] simple-local missing reg=6 range=[5,6]
[repack] proto=112 pc=24 call-selfdef helper enter consumer=CALL producer=MULVV self=ADDVV producer_b=6 consumer_span=2 producer_c=3
[repack] proto=112 pc=24 call-method-basecopy helper enter consumer=CALL producer=ADDVV producer_b=5 consumer_span=2 producer_c=6
[repack] proto=112 pc=24 call-chain helper enter consumer=CALL producer=ADDVV producer_b=5 consumer_span=2 producer_c=6
[repack] proto=112 pc=24 copy-fallback reason=target-touch-fail insert_pc=24 count=1 range=[5,5]->[6,6] deferred=0
[rebuild] proto=112 insert_pc=24 old_proto_total=681 new_proto_total=685 old_payload=679 new_payload=683 debug_drop=156
[repack] proto=112 pc=7 accept existing FR2 slice [5,5]
[repack] proto=112 pc=14 accept existing FR2 slice [5,6]
[repack] proto=112 pc=25 accept existing FR2 slice [6,6]
[repack] proto=112 pc=34 reject existing FR2 slice: new-first writer matches old-second old=6(pc=31,MOV) old2=7(pc=33,KSTR) new=7(pc=33,KSTR)
[repack] proto=112 pc=53 reject existing FR2 slice: new-first writer matches old-second old=11(pc=46,MOV) old2=12(pc=50,CAT) new=12(pc=50,CAT)
[repack] proto=112 pc=60 skip FR2 arg shift for CALL(C=3,B=1) cat-tail old=[11,12]
[repack] slice fail pc=9 unresolved reg=6 range=[5,6]
[repack] simple-local pick pc=8 op=KSHORT def=5 range=[5,6]
[repack] simple-local missing reg=6 range=[5,6]
[repack] proto=113 pc=23 call-selfdef helper enter consumer=CALL producer=MULVV self=ADDVV producer_b=6 consumer_span=2 producer_c=3
[repack] proto=113 pc=23 call-method-basecopy helper enter consumer=CALL producer=ADDVV producer_b=5 consumer_span=2 producer_c=6
[repack] proto=113 pc=23 call-chain helper enter consumer=CALL producer=ADDVV producer_b=5 consumer_span=2 producer_c=6
[repack] proto=113 pc=23 copy-fallback reason=target-touch-fail insert_pc=23 count=1 range=[5,5]->[6,6] deferred=0
[rebuild] proto=113 insert_pc=23 old_proto_total=987 new_proto_total=991 old_payload=985 new_payload=989 debug_drop=225
[repack] proto=113 pc=9 accept existing FR2 slice [5,6]
[repack] proto=113 pc=24 accept existing FR2 slice [6,6]
[repack] proto=113 pc=39 reject existing FR2 slice: new-first writer matches old-second old=7(pc=36,MOV) old2=8(pc=38,KSTR) new=8(pc=38,KSTR)
[repack] proto=113 pc=53 reject existing FR2 slice: new-first writer matches old-second old=12(pc=50,MOV) old2=13(pc=52,KSTR) new=13(pc=52,KSTR)
[repack] proto=113 pc=70 reject existing FR2 slice: new-first writer matches old-second old=13(pc=63,MOV) old2=14(pc=67,CAT) new=14(pc=67,CAT)
[repack] proto=113 pc=80 skip FR2 arg shift for CALL(C=3,B=1) cat-tail old=[13,14]
[repack] proto=113 pc=92 reject existing FR2 slice: new-first writer matches old-second old=12(pc=85,MOV) old2=13(pc=89,CAT) new=13(pc=89,CAT)
[repack] proto=113 pc=102 skip FR2 arg shift for CALL(C=3,B=1) cat-tail old=[12,13]
[repack] proto=113 pc=113 reject existing FR2 slice: new-first writer matches old-second old=12(pc=106,MOV) old2=13(pc=110,CAT) new=13(pc=110,CAT)
[repack] proto=114 pc=3 reject existing FR2 slice: new-first writer matches old-second old=4(pc=0,MOV) old2=5(pc=2,KSTR) new=5(pc=2,KSTR)
[repack] proto=114 pc=37 reject existing FR2 slice: new-first writer matches old-second old=10(pc=34,MOV) old2=11(pc=36,KSTR) new=11(pc=36,KSTR)
[repack] proto=114 pc=48 call-selfdef helper enter consumer=CALL producer=MULVV self=MULVN producer_b=11 consumer_span=2 producer_c=12
[repack] proto=114 pc=48 call-method-basecopy helper enter consumer=CALL producer=MULVN producer_b=11 consumer_span=2 producer_c=1
[repack] proto=114 pc=48 call-chain helper enter consumer=CALL producer=MULVN producer_b=11 consumer_span=2 producer_c=1
[repack] proto=114 pc=48 copy-fallback reason=target-touch-fail insert_pc=48 count=1 range=[11,11]->[12,12] deferred=0
[rebuild] proto=114 insert_pc=48 old_proto_total=1071 new_proto_total=1075 old_payload=1069 new_payload=1073 debug_drop=255
[repack] proto=114 pc=3 accept existing FR2 slice [5,6]
[repack] proto=114 pc=17 accept existing FR2 slice [6,6]
[repack] proto=114 pc=28 accept existing FR2 slice [11,11]
[repack] proto=114 pc=37 accept existing FR2 slice [11,12]
[repack] proto=114 pc=49 accept existing FR2 slice [12,12]
[repack] proto=114 pc=58 call-selfdef helper enter consumer=CALL producer=MULVV self=MULVN producer_b=12 consumer_span=2 producer_c=13
[repack] proto=114 pc=58 call-method-basecopy helper enter consumer=CALL producer=MULVN producer_b=12 consumer_span=2 producer_c=1
[repack] proto=114 pc=58 call-chain helper enter consumer=CALL producer=MULVN producer_b=12 consumer_span=2 producer_c=1
[repack] proto=114 pc=58 copy-fallback reason=target-touch-fail insert_pc=58 count=1 range=[12,12]->[13,13] deferred=0
[rebuild] proto=114 insert_pc=58 old_proto_total=1075 new_proto_total=1079 old_payload=1073 new_payload=1077 debug_drop=255
[repack] proto=114 pc=3 accept existing FR2 slice [5,6]
[repack] proto=114 pc=17 accept existing FR2 slice [6,6]
[repack] proto=114 pc=28 accept existing FR2 slice [11,11]
[repack] proto=114 pc=37 accept existing FR2 slice [11,12]
[repack] proto=114 pc=49 accept existing FR2 slice [12,12]
[repack] proto=114 pc=59 accept existing FR2 slice [13,13]
[repack] proto=114 pc=63 reject existing FR2 slice: new-first writer matches old-second old=13(pc=60,MOV) old2=14(pc=62,KSTR) new=14(pc=62,KSTR)
[repack] proto=114 pc=74 reject existing FR2 slice: new-first writer matches old-second old=13(pc=71,MOV) old2=14(pc=73,KSTR) new=14(pc=73,KSTR)
[repack] proto=114 pc=82 reject existing FR2 slice: new-first writer matches old-second old=13(pc=79,MOV) old2=14(pc=81,KSTR) new=14(pc=81,KSTR)
[repack] proto=114 pc=103 reject existing FR2 slice: new-first writer matches old-second old=13(pc=96,MOV) old2=14(pc=100,CAT) new=14(pc=100,CAT)
[repack] proto=114 pc=113 skip FR2 arg shift for CALL(C=3,B=1) cat-tail old=[13,14]
[repack] proto=114 pc=127 reject existing FR2 slice: new-first writer matches old-second old=13(pc=120,MOV) old2=14(pc=124,CAT) new=14(pc=124,CAT)
[repack] proto=114 pc=137 skip FR2 arg shift for CALL(C=3,B=1) cat-tail old=[13,14]
[repack] proto=115 pc=18 call-selfdef helper enter consumer=CALL producer=SUBVV self=MULVN producer_b=4 consumer_span=2 producer_c=5
[repack] proto=115 pc=18 call-method-basecopy helper enter consumer=CALL producer=MULVN producer_b=4 consumer_span=2 producer_c=2
[repack] proto=115 pc=18 call-chain helper enter consumer=CALL producer=MULVN producer_b=4 consumer_span=2 producer_c=2
[repack] proto=115 pc=18 copy-fallback reason=target-touch-fail insert_pc=18 count=1 range=[4,4]->[5,5] deferred=0
[rebuild] proto=115 insert_pc=18 old_proto_total=519 new_proto_total=523 old_payload=517 new_payload=521 debug_drop=119
[repack] proto=115 pc=19 accept existing FR2 slice [5,5]
[repack] proto=115 pc=37 reject existing FR2 slice: new-first writer matches old-second old=5(pc=30,MOV) old2=6(pc=34,CAT) new=6(pc=34,CAT)
[repack] proto=115 pc=47 skip FR2 arg shift for CALL(C=3,B=1) cat-tail old=[5,6]
[repack] proto=116 pc=5 reject existing FR2 slice: new-first writer matches old-second old=4(pc=0,MOV) old2=5(pc=2,KSTR) new=5(pc=2,KSTR)
[repack] slice fail pc=7 unresolved reg=6 range=[5,6]
[repack] simple-local pick pc=6 op=KSHORT def=5 range=[5,6]
[repack] simple-local missing reg=6 range=[5,6]
[repack] proto=118 pc=32 skip FR2 arg shift for CALL(C=3,B=1) cat-tail old=[5,6]
[repack] proto=118 pc=38 reject existing FR2 slice: new-first writer matches old-second old=5(pc=33,MOV) old2=6(pc=35,KSTR) new=6(pc=35,KSTR)
[repack] proto=118 pc=41 reject existing FR2 slice: stale new-first old=5(pc=39,MOV) new=6(pc=33,MOV)
[repack] proto=118 pc=52 skip FR2 arg shift for CALL(C=3,B=1) cat-tail old=[5,6]
[repack] proto=118 pc=57 reject existing FR2 slice: stale new-first old=5(pc=55,MOV) new=6(pc=51,CAT)
[repack] proto=118 pc=63 reject existing FR2 slice: new-first writer matches old-second old=5(pc=58,MOV) old2=6(pc=60,KSTR) new=6(pc=60,KSTR)
[repack] proto=118 pc=69 reject existing FR2 slice: new-first writer matches old-second old=5(pc=64,MOV) old2=6(pc=66,KSTR) new=6(pc=66,KSTR)
[repack] proto=118 pc=82 skip FR2 arg shift for CALL(C=3,B=1) cat-tail old=[5,6]
[repack] slice fail pc=87 target-at=83 range=[6,8]
[repack] simple-local pick pc=86 op=MOV def=7 range=[6,8]
[repack] simple-local pick pc=85 op=KSHORT def=6 range=[6,8]
[repack] simple-local pick pc=80 op=KSTR def=8 range=[6,8]
[repack] proto=118 pc=87 accept existing FR2 slice [6,8]
[repack] proto=119 pc=5 reject existing FR2 slice: new-first writer matches old-second old=4(pc=2,MOV) old2=5(pc=4,KSTR) new=5(pc=4,KSTR)
[repack] proto=119 pc=11 reject existing FR2 slice: new-first writer matches old-second old=4(pc=8,MOV) old2=5(pc=10,KSTR) new=5(pc=10,KSTR)
[repack] proto=119 pc=17 reject existing FR2 slice: new-first writer matches old-second old=4(pc=14,MOV) old2=5(pc=16,KSTR) new=5(pc=16,KSTR)
[repack] proto=119 pc=26 reject existing FR2 slice: new-first writer matches old-second old=4(pc=23,MOV) old2=5(pc=25,KSTR) new=5(pc=25,KSTR)
[repack] slice fail pc=33 unresolved reg=7 range=[6,7]
[repack] simple-local pick pc=32 op=KSHORT def=6 range=[6,7]
[repack] simple-local missing reg=7 range=[6,7]
[repack] proto=119 pc=42 reject existing FR2 slice: stale new-first old=6(pc=40,MOV) new=7(pc=32,KSHORT)
[repack] proto=119 pc=47 reject existing FR2 slice: new-first writer matches old-second old=6(pc=44,MOV) old2=7(pc=46,KSTR) new=7(pc=46,KSTR)
[repack] slice fail pc=4 unresolved reg=6 range=[5,6]
[repack] simple-local pick pc=3 op=KSHORT def=5 range=[5,6]
[repack] simple-local missing reg=6 range=[5,6]
[repack] proto=120 pc=13 reject existing FR2 slice: new-first writer matches old-second old=5(pc=8,MOV) old2=6(pc=10,KSTR) new=6(pc=10,KSTR)
[repack] proto=120 pc=16 reject existing FR2 slice: stale new-first old=5(pc=14,MOV) new=6(pc=8,MOV)
[repack] proto=120 pc=26 reject existing FR2 slice: new-first writer matches old-second old=5(pc=21,MOV) old2=6(pc=23,KSTR) new=6(pc=23,KSTR)
[repack] proto=120 pc=29 reject existing FR2 slice: stale new-first old=5(pc=27,MOV) new=6(pc=21,MOV)
[repack] proto=120 pc=39 reject existing FR2 slice: new-first writer matches old-second old=5(pc=34,MOV) old2=6(pc=36,KSTR) new=6(pc=36,KSTR)
[repack] proto=120 pc=42 reject existing FR2 slice: stale new-first old=5(pc=40,MOV) new=6(pc=34,MOV)
[repack] proto=121 pc=9 reject existing FR2 slice: first-arg seed old=4(pc=7,TGETS) new=5(pc=8,KSHORT)
[repack] proto=121 pc=38 skip FR2 arg shift for method-self CALL(C=3) old=[11,12] base=10
[repack] proto=121 pc=47 skip FR2 arg shift for CALL(C=3,B=1) cat-tail old=[11,12]
[repack] proto=121 pc=60 skip FR2 arg shift for CALL(C=3,B=1) cat-tail old=[11,12]
[repack] slice fail pc=66 interference-at=61 op=FORL reg=7 range=[7,7]
[repack] simple-local pick pc=17 op=KSHORT def=7 range=[7,7]
[repack] proto=121 pc=66 accept existing FR2 slice [7,7]
[repack] proto=122 pc=7 reject existing FR2 slice: first-arg seed old=5(pc=5,TGETS) new=6(pc=6,KSHORT)
[repack] slice fail pc=9 interference-at=7 op=CALL reg=4 range=[4,4]
[repack] readonly slice retry fail pc=9 write-at=7 op=CALL reg=4 range=[4,4]
[repack] simple-local pick pc=8 op=MULNV def=4 range=[4,4]
[repack] proto=122 pc=15 reject existing FR2 slice: new-first writer matches old-second old=4(pc=12,MOV) old2=5(pc=14,KSTR) new=5(pc=14,KSTR)
[repack] proto=122 pc=23 reject existing FR2 slice: stale new-first old=5(pc=21,MOV) new=6(pc=14,KSTR)
[repack] proto=122 pc=30 reject existing FR2 slice: new-first writer matches old-second old=5(pc=25,MOV) old2=6(pc=27,KSTR) new=6(pc=27,KSTR)
[repack] proto=123 pc=7 reject existing FR2 slice: first-arg seed old=5(pc=5,TGETS) new=6(pc=6,KSHORT)
[repack] slice fail pc=9 interference-at=7 op=CALL reg=4 range=[4,4]
[repack] readonly slice retry fail pc=9 write-at=7 op=CALL reg=4 range=[4,4]
[repack] simple-local pick pc=8 op=MULNV def=4 range=[4,4]
[repack] proto=123 pc=15 reject existing FR2 slice: new-first writer matches old-second old=4(pc=12,MOV) old2=5(pc=14,KSTR) new=5(pc=14,KSTR)
[repack] proto=123 pc=23 reject existing FR2 slice: stale new-first old=5(pc=21,MOV) new=6(pc=14,KSTR)
[repack] proto=123 pc=30 reject existing FR2 slice: new-first writer matches old-second old=5(pc=25,MOV) old2=6(pc=27,KSTR) new=6(pc=27,KSTR)
[repack] proto=124 pc=3 reject existing FR2 slice: new-first writer matches old-second old=4(pc=0,MOV) old2=5(pc=2,KSTR) new=5(pc=2,KSTR)
[repack] proto=124 pc=38 skip FR2 arg shift for CALL(C=3,B=1) cat-tail old=[5,6]
[repack] proto=124 pc=44 reject existing FR2 slice: new-first writer matches old-second old=5(pc=39,MOV) old2=6(pc=41,KSTR) new=6(pc=41,KSTR)
[repack] proto=125 pc=20 reject existing FR2 slice: new-first writer matches old-second old=11(pc=17,MOV) old2=12(pc=19,KSTR) new=12(pc=19,KSTR)
[repack] proto=126 pc=17 reject existing FR2 slice: stale new-first old=5(pc=15,MOV) new=6(pc=3,CALL)
[repack] proto=126 pc=28 skip FR2 arg shift for CALL(C=3,B=1) cat-tail old=[5,6]
[repack] slice fail pc=23 unresolved reg=10 range=[10,11]
[repack] slice fail pc=23 unresolved reg=12 range=[11,12]
[repack] simple-local pick pc=21 op=KSHORT def=11 range=[11,12]
[repack] simple-local missing reg=12 range=[11,12]
[repack] proto=127 pc=23 copy-fallback retarget reason=paired-iterl-live-after target-entry insert_pc=22
[repack] proto=127 pc=23 copy-fallback spill reason=paired-iterl-live-after insert_pc=22 spill=27 first_touch=read pc=24 op=ITERL shift_count=2
[rebuild] proto=127 insert_pc=22 old_proto_total=1553 new_proto_total=1565 old_payload=1551 new_payload=1563 debug_drop=490
[repack] proto=127 pc=11 accept existing FR2 slice [8,8]
[repack] proto=127 pc=19 accept existing FR2 slice [8,8]
[repack] slice fail pc=26 unresolved reg=10 range=[10,11]
[repack] slice fail pc=26 interference-at=25 op=TSETV reg=11 range=[11,12]
[repack] simple-local pick pc=24 op=MOV def=11 range=[11,12]
[repack] simple-local pick pc=23 op=MOV def=12 range=[11,12]
[repack] proto=127 pc=26 accept existing FR2 slice [11,12]
[repack] slice fail pc=58 unresolved reg=16 range=[15,16]
[repack] simple-local pick pc=57 op=KSHORT def=15 range=[15,16]
[repack] simple-local missing reg=16 range=[15,16]
[repack] proto=127 pc=71 skip FR2 arg shift for CALL(C=3,B=1) cat-tail old=[14,15]
[repack] slice fail pc=105 target-at=87 range=[20,21]
[repack] simple-local pick pc=104 op=KSHORT def=20 range=[20,21]
[repack] simple-local pick pc=69 op=TGETS def=21 range=[20,21]
[repack] proto=127 pc=105 accept existing FR2 slice [20,21]
[repack] proto=127 pc=118 skip FR2 arg shift for CALL(C=3,B=1) cat-tail old=[19,20]
[repack] slice fail pc=165 target-at=147 range=[20,21]
[repack] simple-local pick pc=164 op=KSHORT def=20 range=[20,21]
[repack] simple-local pick pc=111 op=KSTR def=21 range=[20,21]
[repack] proto=127 pc=165 accept existing FR2 slice [20,21]
[repack] proto=127 pc=178 skip FR2 arg shift for CALL(C=3,B=1) cat-tail old=[19,20]
[repack] slice fail pc=208 target-at=192 range=[15,16]
[repack] simple-local pick pc=207 op=KSHORT def=15 range=[15,16]
[repack] simple-local pick pc=148 op=TGETV def=16 range=[15,16]
[repack] proto=127 pc=208 accept existing FR2 slice [15,16]
[repack] proto=127 pc=221 skip FR2 arg shift for CALL(C=3,B=1) cat-tail old=[14,15]
[repack] proto=127 pc=71 apply proto127 MinusSkillCD skill log self/message fix A14..A21 -> A15..A22
[repack] slice fail pc=25 unresolved reg=9 range=[9,9]
[repack] simple-local missing reg=9 range=[9,9]
[repack] proto=129 pc=49 reject existing FR2 slice: first-arg seed old=13(pc=47,TGETS) new=14(pc=48,KSTR)
[repack] proto=129 pc=110 call-selfdef helper enter consumer=CALL producer=ADDNV self=MULVV producer_b=22 consumer_span=2 producer_c=1
[repack] proto=129 pc=110 call-method-basecopy helper enter consumer=CALL producer=MULVV producer_b=21 consumer_span=2 producer_c=22
[repack] proto=129 pc=110 call-chain helper enter consumer=CALL producer=MULVV producer_b=21 consumer_span=2 producer_c=22
[repack] proto=129 pc=110 copy-fallback reason=target-touch-fail insert_pc=110 count=1 range=[21,21]->[22,22] deferred=0
[rebuild] proto=129 insert_pc=110 old_proto_total=1569 new_proto_total=1573 old_payload=1567 new_payload=1571 debug_drop=437
[repack] proto=129 pc=25 accept existing FR2 slice [9,9]
[repack] proto=129 pc=49 reject existing FR2 slice: new-first writer matches old-second old=13(pc=37,TGETS) old2=14(pc=47,TGETS) new=14(pc=47,TGETS)
[repack] slice fail pc=49 interference-at=38 op=ISGE reg=13 range=[13,14]
[repack] proto=129 pc=49 reject existing FR2 slice: new-first writer matches old-second old=13(pc=37,TGETS) old2=14(pc=47,TGETS) new=14(pc=47,TGETS)
[repack] proto=129 pc=49 call-selfdef helper enter consumer=CALL producer=TGETS self=KSTR producer_b=14 consumer_span=3 producer_c=14
[repack] proto=129 pc=49 call-method-basecopy helper enter consumer=CALL producer=KSTR producer_b=0 consumer_span=3 producer_c=15
[repack] proto=129 pc=49 call-chain helper enter consumer=CALL producer=KSTR producer_b=0 consumer_span=3 producer_c=15
[repack] proto=129 pc=49 copy-fallback keep legacy-overlap reason=target-touch-fail old=[13,14] new=[14,15] base=12 nargs=2 b=2
[repack] proto=129 pc=49 copy-fallback reason=target-touch-fail insert_pc=49 count=2 range=[13,14]->[14,15] deferred=0
[rebuild] proto=129 insert_pc=49 old_proto_total=1573 new_proto_total=1581 old_payload=1571 new_payload=1579 debug_drop=437
[repack] proto=129 pc=25 accept existing FR2 slice [9,9]
[repack] proto=129 pc=51 skip FR2 arg shift for pre-shifted CALL(C=3) old=[13,14]
[repack] proto=129 pc=77 accept existing FR2 slice [16,16]
[repack] proto=129 pc=108 accept existing FR2 slice [24,24]
[repack] proto=129 pc=113 accept existing FR2 slice [22,22]
[repack] proto=129 pc=126 call-selfdef helper enter consumer=CALL producer=ADDNV self=MULVV producer_b=22 consumer_span=2 producer_c=1
[repack] proto=129 pc=126 call-method-basecopy helper enter consumer=CALL producer=MULVV producer_b=21 consumer_span=2 producer_c=22
[repack] proto=129 pc=126 call-chain helper enter consumer=CALL producer=MULVV producer_b=21 consumer_span=2 producer_c=22
[repack] proto=129 pc=126 copy-fallback reason=target-touch-fail insert_pc=126 count=1 range=[21,21]->[22,22] deferred=0
[rebuild] proto=129 insert_pc=126 old_proto_total=1581 new_proto_total=1585 old_payload=1579 new_payload=1583 debug_drop=437
[repack] proto=129 pc=25 accept existing FR2 slice [9,9]
[repack] proto=129 pc=51 skip FR2 arg shift for pre-shifted CALL(C=3) old=[13,14]
[repack] proto=129 pc=77 accept existing FR2 slice [16,16]
[repack] proto=129 pc=108 accept existing FR2 slice [24,24]
[repack] proto=129 pc=113 accept existing FR2 slice [22,22]
[repack] proto=129 pc=122 accept existing FR2 slice [24,24]
[repack] proto=129 pc=127 accept existing FR2 slice [22,22]
[repack] proto=129 pc=137 reject existing FR2 slice: first-arg seed old=21(pc=135,TGETB) new=22(pc=136,KSTR)
[repack] proto=129 pc=153 reject existing FR2 slice: generic new-first matches old-second old=22(pc=146,MOV) old2=23(pc=148,MOV) new=23(pc=148,MOV)
[repack] proto=129 pc=161 reject existing FR2 slice: generic new-first matches old-second old=22(pc=154,MOV) old2=23(pc=156,MOV) new=23(pc=156,MOV)
[repack] proto=129 pc=167 accept existing FR2 slice [23,26]
[repack] proto=129 pc=173 accept existing FR2 slice [23,26]
[repack] proto=129 pc=187 skip FR2 arg shift for CALL(C=3,B=1) cat-tail old=[22,23]
[repack] proto=130 pc=27 skip FR2 arg shift for method-self CALL(C=3) old=[10,11] base=9
[repack] slice fail pc=42 unresolved reg=12 range=[11,12]
[repack] simple-local pick pc=41 op=MOV def=11 range=[11,12]
[repack] simple-local missing reg=12 range=[11,12]
[repack] slice fail pc=72 unresolved reg=24 range=[22,24]
[repack] simple-local pick pc=71 op=KSHORT def=23 range=[22,24]
[repack] simple-local pick pc=70 op=MOV def=22 range=[22,24]
[repack] simple-local missing reg=24 range=[22,24]
[repack] proto=130 pc=96 skip FR2 arg shift for CALL(C=3,B=1) cat-tail old=[15,16]
[repack] proto=130 pc=107 skip FR2 arg shift for method-self CALL(C=3) old=[16,17] base=15
[repack] proto=130 pc=112 skip FR2 arg shift for method-self CALL(C=3) old=[16,17] base=15
[repack] proto=130 pc=121 skip FR2 arg shift for CALL(C=3,B=1) cat-tail old=[6,7]
[repack] proto=130 pc=124 reject existing FR2 slice: stale new-first old=6(pc=122,MOV) new=7(pc=120,CAT)
[repack] proto=130 pc=127 reject existing FR2 slice: stale new-first old=6(pc=125,MOV) new=7(pc=122,MOV)
[repack] proto=131 pc=16 reject existing FR2 slice: new-first writer matches old-second old=3(pc=13,MOV) old2=4(pc=15,KSTR) new=4(pc=15,KSTR)
[repack] proto=131 pc=20 reject existing FR2 slice: new-first writer matches old-second old=4(pc=17,MOV) old2=5(pc=19,KSTR) new=5(pc=19,KSTR)
[repack] slice fail pc=33 unresolved reg=8 range=[7,8]
[repack] simple-local pick pc=32 op=KPRI def=7 range=[7,8]
[repack] simple-local missing reg=8 range=[7,8]
[repack] slice fail pc=40 unresolved reg=10 range=[7,10]
[repack] simple-local pick pc=39 op=KNUM def=9 range=[7,10]
[repack] simple-local pick pc=38 op=KSHORT def=8 range=[7,10]
[repack] simple-local pick pc=37 op=KSHORT def=7 range=[7,10]
[repack] simple-local missing reg=10 range=[7,10]
[repack] proto=131 pc=101 reject existing FR2 slice: new-first writer matches old-second old=6(pc=96,MOV) old2=7(pc=98,KSTR) new=7(pc=98,KSTR)
[repack] proto=131 pc=107 reject existing FR2 slice: new-first writer matches old-second old=6(pc=102,MOV) old2=7(pc=104,KSTR) new=7(pc=104,KSTR)
[repack] proto=131 pc=113 reject existing FR2 slice: new-first writer matches old-second old=6(pc=108,MOV) old2=7(pc=110,KSTR) new=7(pc=110,KSTR)
[repack] proto=131 pc=119 reject existing FR2 slice: new-first writer matches old-second old=6(pc=114,MOV) old2=7(pc=116,KSTR) new=7(pc=116,KSTR)
[repack] proto=131 pc=125 reject existing FR2 slice: new-first writer matches old-second old=6(pc=120,MOV) old2=7(pc=122,KSTR) new=7(pc=122,KSTR)
[repack] proto=131 pc=131 reject existing FR2 slice: new-first writer matches old-second old=6(pc=126,MOV) old2=7(pc=128,KSTR) new=7(pc=128,KSTR)
[repack] proto=131 pc=137 reject existing FR2 slice: new-first writer matches old-second old=6(pc=132,MOV) old2=7(pc=134,KSTR) new=7(pc=134,KSTR)
[repack] proto=131 pc=143 reject existing FR2 slice: new-first writer matches old-second old=6(pc=138,MOV) old2=7(pc=140,KSTR) new=7(pc=140,KSTR)
[repack] proto=131 pc=149 reject existing FR2 slice: new-first writer matches old-second old=6(pc=144,MOV) old2=7(pc=146,KSTR) new=7(pc=146,KSTR)
[repack] proto=131 pc=155 reject existing FR2 slice: new-first writer matches old-second old=6(pc=150,MOV) old2=7(pc=152,KSTR) new=7(pc=152,KSTR)
[repack] proto=131 pc=161 reject existing FR2 slice: new-first writer matches old-second old=6(pc=156,MOV) old2=7(pc=158,KSTR) new=7(pc=158,KSTR)
[repack] proto=131 pc=167 reject existing FR2 slice: new-first writer matches old-second old=6(pc=162,MOV) old2=7(pc=164,KSTR) new=7(pc=164,KSTR)
[repack] proto=131 pc=173 reject existing FR2 slice: new-first writer matches old-second old=6(pc=168,MOV) old2=7(pc=170,KSTR) new=7(pc=170,KSTR)
[repack] proto=131 pc=179 reject existing FR2 slice: new-first writer matches old-second old=6(pc=174,MOV) old2=7(pc=176,KSTR) new=7(pc=176,KSTR)
[repack] proto=131 pc=185 reject existing FR2 slice: new-first writer matches old-second old=6(pc=180,MOV) old2=7(pc=182,KSTR) new=7(pc=182,KSTR)
[repack] proto=131 pc=191 reject existing FR2 slice: new-first writer matches old-second old=6(pc=186,MOV) old2=7(pc=188,KSTR) new=7(pc=188,KSTR)
[repack] proto=131 pc=197 reject existing FR2 slice: new-first writer matches old-second old=6(pc=192,MOV) old2=7(pc=194,KSTR) new=7(pc=194,KSTR)
[repack] proto=131 pc=224 reject existing FR2 slice: new-first writer matches old-second old=4(pc=221,MOV) old2=5(pc=223,KSTR) new=5(pc=223,KSTR)
[repack] proto=132 pc=27 reject existing FR2 slice: new-first writer matches old-second old=8(pc=24,MOV) old2=9(pc=26,KSTR) new=9(pc=26,KSTR)
[repack] proto=132 pc=31 reject existing FR2 slice: new-first writer matches old-second old=9(pc=28,MOV) old2=10(pc=30,KSTR) new=10(pc=30,KSTR)
[repack] proto=132 pc=35 reject existing FR2 slice: new-first writer matches old-second old=10(pc=32,MOV) old2=11(pc=34,KSTR) new=11(pc=34,KSTR)
[repack] proto=132 pc=40 reject existing FR2 slice: new-first writer matches old-second old=11(pc=38,MOV) old2=12(pc=39,KSTR) new=12(pc=39,KSTR)
[repack] proto=132 pc=45 reject existing FR2 slice: new-first writer matches old-second old=12(pc=41,MOV) old2=13(pc=43,KSTR) new=13(pc=43,KSTR)
[repack] proto=132 pc=51 reject existing FR2 slice: stale new-first old=14(pc=49,MOV) new=15(pc=44,MOV)
[repack] proto=132 pc=54 reject existing FR2 slice: stale new-first old=14(pc=52,MOV) new=15(pc=49,MOV)
[repack] proto=132 pc=56 reject existing FR2 slice: call-result arg1 aliases old-second old=13(pc=54,CALL) old2=14(pc=55,KSHORT) new=14(pc=55,KSHORT)
[repack] slice fail pc=56 interference-at=54 op=CALL reg=13 range=[13,14]
[repack] readonly slice retry fail pc=56 write-at=54 op=CALL reg=13 range=[13,14]
[repack] simple-local pick pc=55 op=KSHORT def=14 range=[13,14]
[repack] simple-local pick pc=53 op=TGETS def=13 range=[13,14]
[repack] simple-local reject pc=56 reg=13 nearest=54(CALL) not-selected range=[13,14]
[repack] proto=132 pc=56 reject existing FR2 slice: call-result arg1 aliases old-second old=13(pc=54,CALL) old2=14(pc=55,KSHORT) new=14(pc=55,KSHORT)
[repack] proto=132 pc=56 call-selfdef helper enter consumer=CALL producer=CALL self=KSHORT producer_b=2 consumer_span=3 producer_c=2
[repack] proto=132 pc=56 call-method-basecopy helper enter consumer=CALL producer=KSHORT producer_b=0 consumer_span=3 producer_c=2
[repack] proto=132 pc=56 call-chain helper enter consumer=CALL producer=KSHORT producer_b=0 consumer_span=3 producer_c=2
[repack] proto=132 pc=56 copy-fallback keep legacy-overlap reason=slice-select-fail old=[13,14] new=[14,15] base=12 nargs=2 b=2
[repack] proto=132 pc=56 copy-fallback reason=slice-select-fail insert_pc=56 count=2 range=[13,14]->[14,15] deferred=0
[rebuild] proto=132 insert_pc=56 old_proto_total=12062 new_proto_total=12070 old_payload=12060 new_payload=12068 debug_drop=3494
[repack] proto=132 pc=10 accept existing FR2 slice [4,4]
[repack] proto=132 pc=14 accept existing FR2 slice [5,5]
[repack] proto=132 pc=20 accept existing FR2 slice [7,7]
[repack] proto=132 pc=23 accept existing FR2 slice [8,8]
[repack] proto=132 pc=27 accept existing FR2 slice [9,10]
[repack] proto=132 pc=31 accept existing FR2 slice [10,11]
[repack] proto=132 pc=35 accept existing FR2 slice [11,12]
[repack] proto=132 pc=40 accept existing FR2 slice [12,13]
[repack] proto=132 pc=45 accept existing FR2 slice [13,15]
[repack] proto=132 pc=51 accept existing FR2 slice [15,15]
[repack] proto=132 pc=54 accept existing FR2 slice [15,15]
[repack] proto=132 pc=58 skip FR2 arg shift for pre-shifted CALL(C=3) old=[13,14]
[repack] proto=132 pc=63 accept existing FR2 slice [15,15]
[repack] proto=132 pc=68 reject existing FR2 slice: new-first writer matches old-second old=14(pc=64,MOV) old2=15(pc=66,KSTR) new=15(pc=66,KSTR)
[repack] proto=132 pc=72 accept existing FR2 slice [16,17]
[repack] slice fail pc=81 unresolved reg=18 range=[17,18]
[repack] simple-local pick pc=80 op=KSHORT def=17 range=[17,18]
[repack] simple-local missing reg=18 range=[17,18]
[repack] slice fail pc=86 unresolved reg=20 range=[18,20]
[repack] simple-local pick pc=85 op=KSHORT def=19 range=[18,20]
[repack] simple-local pick pc=84 op=MOV def=18 range=[18,20]
[repack] simple-local missing reg=20 range=[18,20]
[repack] slice fail pc=86 unresolved reg=20 range=[18,20]
[repack] simple-local pick pc=85 op=KSHORT def=19 range=[18,20]
[repack] simple-local pick pc=84 op=MOV def=18 range=[18,20]
[repack] simple-local missing reg=20 range=[18,20]
[repack] proto=132 pc=86 allow live-after reg=20 due to future FR2 arg shift write (first_touch=read pc=100 op=FORI)
[repack] proto=132 pc=91 live-after fallback call-frame-shift copy insert base=16->17 args=[17,19]->[19,21]
[rebuild] proto=132 insert_pc=91 old_proto_total=12070 new_proto_total=12086 old_payload=12068 new_payload=12084 debug_drop=3494
[repack] proto=132 pc=10 accept existing FR2 slice [4,4]
[repack] proto=132 pc=14 accept existing FR2 slice [5,5]
[repack] proto=132 pc=20 accept existing FR2 slice [7,7]
[repack] proto=132 pc=23 accept existing FR2 slice [8,8]
[repack] proto=132 pc=27 accept existing FR2 slice [9,10]
[repack] proto=132 pc=31 accept existing FR2 slice [10,11]
[repack] proto=132 pc=35 accept existing FR2 slice [11,12]
[repack] proto=132 pc=40 accept existing FR2 slice [12,13]
[repack] proto=132 pc=45 accept existing FR2 slice [13,15]
[repack] proto=132 pc=51 accept existing FR2 slice [15,15]
[repack] proto=132 pc=54 accept existing FR2 slice [15,15]
[repack] proto=132 pc=58 skip FR2 arg shift for pre-shifted CALL(C=3) old=[13,14]
[repack] proto=132 pc=63 accept existing FR2 slice [15,15]
[repack] proto=132 pc=68 accept existing FR2 slice [15,17]
[repack] proto=132 pc=72 accept existing FR2 slice [16,17]
[repack] proto=132 pc=81 accept existing FR2 slice [17,18]
[repack] proto=132 pc=86 accept existing FR2 slice [18,20]
[repack] proto=132 pc=95 accept existing FR2 slice [19,21]
[repack] slice fail pc=99 interference-at=95 op=CALL reg=19 range=[18,19]
[repack] simple-local pick pc=98 op=MOV def=18 range=[18,19]
[repack] simple-local pick pc=93 op=MOV def=19 range=[18,19]
[repack] proto=132 pc=99 accept existing FR2 slice [18,19]
[repack] proto=132 pc=111 reject existing FR2 slice: new-first writer matches old-second old=23(pc=108,MOV) old2=24(pc=110,KSTR) new=24(pc=110,KSTR)
[repack] proto=132 pc=117 accept existing FR2 slice [24,25]
[repack] slice fail pc=129 unresolved reg=26 range=[26,26]
[repack] simple-local missing reg=26 range=[26,26]
[repack] slice fail pc=134 unresolved reg=28 range=[26,28]
[repack] simple-local pick pc=133 op=MOV def=27 range=[26,28]
[repack] simple-local pick pc=132 op=KPRI def=26 range=[26,28]
[repack] simple-local missing reg=28 range=[26,28]
[repack] slice fail pc=146 unresolved reg=31 range=[30,31]
[repack] simple-local pick pc=145 op=TGETS def=30 range=[30,31]
[repack] simple-local missing reg=31 range=[30,31]
[repack] proto=132 pc=169 copy-fallback keep legacy-overlap reason=call6-kstr-tdup-fnew-chain old=[9,10] new=[10,11] base=8 nargs=2 b=2
[repack] proto=132 pc=169 copy-fallback reason=call6-kstr-tdup-fnew-chain insert_pc=169 count=2 range=[9,10]->[10,11] deferred=0
[rebuild] proto=132 insert_pc=169 old_proto_total=12086 new_proto_total=12094 old_payload=12084 new_payload=12092 debug_drop=3494
[repack] proto=132 pc=10 accept existing FR2 slice [4,4]
[repack] proto=132 pc=14 accept existing FR2 slice [5,5]
[repack] proto=132 pc=20 accept existing FR2 slice [7,7]
[repack] proto=132 pc=23 accept existing FR2 slice [8,8]
[repack] proto=132 pc=27 accept existing FR2 slice [9,10]
[repack] proto=132 pc=31 accept existing FR2 slice [10,11]
[repack] proto=132 pc=35 accept existing FR2 slice [11,12]
[repack] proto=132 pc=40 accept existing FR2 slice [12,13]
[repack] proto=132 pc=45 accept existing FR2 slice [13,15]
[repack] proto=132 pc=51 accept existing FR2 slice [15,15]
[repack] proto=132 pc=54 accept existing FR2 slice [15,15]
[repack] proto=132 pc=58 skip FR2 arg shift for pre-shifted CALL(C=3) old=[13,14]
[repack] proto=132 pc=63 accept existing FR2 slice [15,15]
[repack] proto=132 pc=68 accept existing FR2 slice [15,17]
[repack] proto=132 pc=72 accept existing FR2 slice [16,17]
[repack] proto=132 pc=81 accept existing FR2 slice [17,18]
[repack] proto=132 pc=86 accept existing FR2 slice [18,20]
[repack] proto=132 pc=95 accept existing FR2 slice [19,21]
[repack] slice fail pc=99 interference-at=95 op=CALL reg=19 range=[18,19]
[repack] simple-local pick pc=98 op=MOV def=18 range=[18,19]
[repack] simple-local pick pc=93 op=MOV def=19 range=[18,19]
[repack] proto=132 pc=99 accept existing FR2 slice [18,19]
[repack] proto=132 pc=111 accept existing FR2 slice [24,25]
[repack] proto=132 pc=117 accept existing FR2 slice [24,25]
[repack] proto=132 pc=129 accept existing FR2 slice [26,26]
[repack] proto=132 pc=134 accept existing FR2 slice [26,28]
[repack] proto=132 pc=137 accept existing FR2 slice [25,25]
[repack] proto=132 pc=146 accept existing FR2 slice [30,31]
[repack] proto=132 pc=157 accept existing FR2 slice [5,5]
[repack] proto=132 pc=171 skip FR2 arg shift for pre-shifted CALL(C=3) old=[9,10]
[repack] proto=132 pc=196 copy-fallback keep legacy-overlap reason=call6-kstr-tdup-fnew-chain old=[9,10] new=[10,11] base=8 nargs=2 b=2
[repack] proto=132 pc=196 copy-fallback reason=call6-kstr-tdup-fnew-chain insert_pc=196 count=2 range=[9,10]->[10,11] deferred=0
[rebuild] proto=132 insert_pc=196 old_proto_total=12094 new_proto_total=12102 old_payload=12092 new_payload=12100 debug_drop=3494
[repack] proto=132 pc=10 accept existing FR2 slice [4,4]
[repack] proto=132 pc=14 accept existing FR2 slice [5,5]
[repack] proto=132 pc=20 accept existing FR2 slice [7,7]
[repack] proto=132 pc=23 accept existing FR2 slice [8,8]
[repack] proto=132 pc=27 accept existing FR2 slice [9,10]
[repack] proto=132 pc=31 accept existing FR2 slice [10,11]
[repack] proto=132 pc=35 accept existing FR2 slice [11,12]
[repack] proto=132 pc=40 accept existing FR2 slice [12,13]
[repack] proto=132 pc=45 accept existing FR2 slice [13,15]
[repack] proto=132 pc=51 accept existing FR2 slice [15,15]
[repack] proto=132 pc=54 accept existing FR2 slice [15,15]
[repack] proto=132 pc=58 skip FR2 arg shift for pre-shifted CALL(C=3) old=[13,14]
[repack] proto=132 pc=63 accept existing FR2 slice [15,15]
[repack] proto=132 pc=68 accept existing FR2 slice [15,17]
[repack] proto=132 pc=72 accept existing FR2 slice [16,17]
[repack] proto=132 pc=81 accept existing FR2 slice [17,18]
[repack] proto=132 pc=86 accept existing FR2 slice [18,20]
[repack] proto=132 pc=95 accept existing FR2 slice [19,21]
[repack] slice fail pc=99 interference-at=95 op=CALL reg=19 range=[18,19]
[repack] simple-local pick pc=98 op=MOV def=18 range=[18,19]
[repack] simple-local pick pc=93 op=MOV def=19 range=[18,19]
[repack] proto=132 pc=99 accept existing FR2 slice [18,19]
[repack] proto=132 pc=111 accept existing FR2 slice [24,25]
[repack] proto=132 pc=117 accept existing FR2 slice [24,25]
[repack] proto=132 pc=129 accept existing FR2 slice [26,26]
[repack] proto=132 pc=134 accept existing FR2 slice [26,28]
[repack] proto=132 pc=137 accept existing FR2 slice [25,25]
[repack] proto=132 pc=146 accept existing FR2 slice [30,31]
[repack] proto=132 pc=157 accept existing FR2 slice [5,5]
[repack] proto=132 pc=171 skip FR2 arg shift for pre-shifted CALL(C=3) old=[9,10]
[repack] proto=132 pc=179 accept existing FR2 slice [10,12]
[repack] proto=132 pc=198 skip FR2 arg shift for pre-shifted CALL(C=3) old=[9,10]
[repack] proto=132 pc=232 reject existing FR2 slice: new-first writer matches old-second old=10(pc=229,MOV) old2=11(pc=231,KSTR) new=11(pc=231,KSTR)
[repack] proto=132 pc=238 reject existing FR2 slice: new-first writer matches old-second old=10(pc=235,MOV) old2=11(pc=237,KSTR) new=11(pc=237,KSTR)
[repack] proto=132 pc=242 reject existing FR2 slice: new-first writer matches old-second old=10(pc=239,MOV) old2=11(pc=241,KSTR) new=11(pc=241,KSTR)
[repack] proto=132 pc=248 reject existing FR2 slice: new-first writer matches old-second old=10(pc=245,MOV) old2=11(pc=247,KSTR) new=11(pc=247,KSTR)
[repack] proto=132 pc=274 skip FR2 arg shift for CALL(C=3,B=1) cat-tail old=[6,7]
[repack] slice fail pc=284 target-at=251 range=[7,12]
[repack] simple-local pick pc=283 op=KPRI def=11 range=[7,12]
[repack] simple-local pick pc=282 op=KSHORT def=10 range=[7,12]
[repack] simple-local pick pc=281 op=MULVN def=9 range=[7,12]
[repack] simple-local pick pc=279 op=KSTR def=8 range=[7,12]
[repack] simple-local pick pc=278 op=MOV def=7 range=[7,12]
[repack] simple-local pick pc=247 op=KSTR def=12 range=[7,12]
[repack] proto=132 pc=284 accept existing FR2 slice [7,12]
[repack] slice fail pc=305 target-at=287 range=[8,9]
[repack] simple-local pick pc=304 op=KSHORT def=8 range=[8,9]
[repack] simple-local pick pc=281 op=MULVN def=9 range=[8,9]
[repack] proto=132 pc=305 accept existing FR2 slice [8,9]
[repack] slice fail pc=411 interference-at=371 op=TSETS reg=11 range=[10,11]
[repack] simple-local pick pc=410 op=SUBVV def=10 range=[10,11]
[repack] simple-local pick pc=364 op=TGETV def=11 range=[10,11]
[repack] proto=132 pc=411 accept existing FR2 slice [10,11]
[repack] slice fail pc=435 interference-at=433 op=CALL reg=13 range=[12,13]
[repack] simple-local pick pc=434 op=ADDVV def=12 range=[12,13]
[repack] simple-local pick pc=430 op=TGETS def=13 range=[12,13]
[repack] simple-local reject pc=435 reg=13 nearest=433(CALL) not-selected range=[12,13]
[repack] slice fail pc=435 interference-at=433 op=CALL reg=13 range=[12,13]
[repack] simple-local pick pc=434 op=ADDVV def=12 range=[12,13]
[repack] simple-local pick pc=430 op=TGETS def=13 range=[12,13]
[repack] simple-local reject pc=435 reg=13 nearest=433(CALL) not-selected range=[12,13]
[repack] proto=132 pc=435 call-selfdef helper enter consumer=CALL producer=CALL self=ADDVV producer_b=2 consumer_span=3 producer_c=2
[repack] proto=132 pc=435 call-method-basecopy helper enter consumer=CALL producer=ADDVV producer_b=12 consumer_span=3 producer_c=13
[repack] proto=132 pc=435 call-intermediate-producer reject target entry at pc=150 producer_pc=58
[repack] proto=132 pc=435 call-chain helper enter consumer=CALL producer=ADDVV producer_b=12 consumer_span=3 producer_c=13
[repack] proto=132 pc=435 copy-fallback keep legacy-overlap reason=target-touch-fail old=[11,12] new=[12,13] base=10 nargs=2 b=2
[repack] proto=132 pc=435 copy-fallback reason=target-touch-fail insert_pc=435 count=2 range=[11,12]->[12,13] deferred=0
[rebuild] proto=132 insert_pc=435 old_proto_total=12102 new_proto_total=12110 old_payload=12100 new_payload=12108 debug_drop=3494
[repack] proto=132 pc=10 accept existing FR2 slice [4,4]
[repack] proto=132 pc=14 accept existing FR2 slice [5,5]
[repack] proto=132 pc=20 accept existing FR2 slice [7,7]
[repack] proto=132 pc=23 accept existing FR2 slice [8,8]
[repack] proto=132 pc=27 accept existing FR2 slice [9,10]
[repack] proto=132 pc=31 accept existing FR2 slice [10,11]
[repack] proto=132 pc=35 accept existing FR2 slice [11,12]
[repack] proto=132 pc=40 accept existing FR2 slice [12,13]
[repack] proto=132 pc=45 accept existing FR2 slice [13,15]
[repack] proto=132 pc=51 accept existing FR2 slice [15,15]
[repack] proto=132 pc=54 accept existing FR2 slice [15,15]
[repack] proto=132 pc=58 skip FR2 arg shift for pre-shifted CALL(C=3) old=[13,14]
[repack] proto=132 pc=63 accept existing FR2 slice [15,15]
[repack] proto=132 pc=68 accept existing FR2 slice [15,17]
[repack] proto=132 pc=72 accept existing FR2 slice [16,17]
[repack] proto=132 pc=81 accept existing FR2 slice [17,18]
[repack] proto=132 pc=86 accept existing FR2 slice [18,20]
[repack] proto=132 pc=95 accept existing FR2 slice [19,21]
[repack] slice fail pc=99 interference-at=95 op=CALL reg=19 range=[18,19]
[repack] simple-local pick pc=98 op=MOV def=18 range=[18,19]
[repack] simple-local pick pc=93 op=MOV def=19 range=[18,19]
[repack] proto=132 pc=99 accept existing FR2 slice [18,19]
[repack] proto=132 pc=111 accept existing FR2 slice [24,25]
[repack] proto=132 pc=117 accept existing FR2 slice [24,25]
[repack] proto=132 pc=129 accept existing FR2 slice [26,26]
[repack] proto=132 pc=134 accept existing FR2 slice [26,28]
[repack] proto=132 pc=137 accept existing FR2 slice [25,25]
[repack] proto=132 pc=146 accept existing FR2 slice [30,31]
[repack] proto=132 pc=157 accept existing FR2 slice [5,5]
[repack] proto=132 pc=171 skip FR2 arg shift for pre-shifted CALL(C=3) old=[9,10]
[repack] proto=132 pc=179 accept existing FR2 slice [10,12]
[repack] proto=132 pc=198 skip FR2 arg shift for pre-shifted CALL(C=3) old=[9,10]
[repack] proto=132 pc=206 accept existing FR2 slice [10,12]
[repack] proto=132 pc=212 accept existing FR2 slice [6,6]
[repack] proto=132 pc=221 accept existing FR2 slice [6,6]
[repack] proto=132 pc=232 accept existing FR2 slice [11,12]
[repack] proto=132 pc=238 accept existing FR2 slice [11,12]
[repack] proto=132 pc=242 accept existing FR2 slice [11,12]
[repack] proto=132 pc=248 accept existing FR2 slice [11,12]
[repack] proto=132 pc=254 accept existing FR2 slice [6,6]
[repack] proto=132 pc=274 skip FR2 arg shift for CALL(C=3,B=1) cat-tail old=[6,7]
[repack] slice fail pc=284 target-at=251 range=[7,12]
[repack] simple-local pick pc=283 op=KPRI def=11 range=[7,12]
[repack] simple-local pick pc=282 op=KSHORT def=10 range=[7,12]
[repack] simple-local pick pc=281 op=MULVN def=9 range=[7,12]
[repack] simple-local pick pc=279 op=KSTR def=8 range=[7,12]
[repack] simple-local pick pc=278 op=MOV def=7 range=[7,12]
[repack] simple-local pick pc=247 op=KSTR def=12 range=[7,12]
[repack] proto=132 pc=284 accept existing FR2 slice [7,12]
[repack] slice fail pc=305 target-at=287 range=[8,9]
[repack] simple-local pick pc=304 op=KSHORT def=8 range=[8,9]
[repack] simple-local pick pc=281 op=MULVN def=9 range=[8,9]
[repack] proto=132 pc=305 accept existing FR2 slice [8,9]
[repack] proto=132 pc=400 accept existing FR2 slice [8,8]
[repack] proto=132 pc=405 accept existing FR2 slice [9,9]
[repack] slice fail pc=411 interference-at=371 op=TSETS reg=11 range=[10,11]
[repack] simple-local pick pc=410 op=SUBVV def=10 range=[10,11]
[repack] simple-local pick pc=364 op=TGETV def=11 range=[10,11]
[repack] proto=132 pc=411 accept existing FR2 slice [10,11]
[repack] proto=132 pc=433 accept existing FR2 slice [15,15]
[repack] proto=132 pc=437 skip FR2 arg shift for pre-shifted CALL(C=3) old=[11,12]
[repack] proto=132 pc=450 skip FR2 arg shift for CALL(C=3,B=1) cat-tail old=[11,12]
[repack] proto=132 pc=456 reject existing FR2 slice: stale new-first old=13(pc=454,MOV) new=14(pc=448,KSTR)
[repack] proto=132 pc=471 skip FR2 arg shift for CALL(C=3,B=1) cat-tail old=[11,12]
[repack] proto=132 pc=486 skip FR2 arg shift for CALL(C=3,B=1) cat-tail old=[11,12]
[repack] proto=132 pc=502 call-selfdef helper enter consumer=CALL producer=MULVN self=MULVV producer_b=12 consumer_span=2 producer_c=8
[repack] proto=132 pc=502 call-method-basecopy helper enter consumer=CALL producer=MULVV producer_b=12 consumer_span=2 producer_c=10
[repack] proto=132 pc=502 call-intermediate-producer reject target entry at pc=150 producer_pc=58
[repack] proto=132 pc=502 call-chain helper enter consumer=CALL producer=MULVV producer_b=12 consumer_span=2 producer_c=10
[repack] proto=132 pc=502 copy-fallback reason=target-touch-fail insert_pc=502 count=1 range=[12,12]->[13,13] deferred=0
[rebuild] proto=132 insert_pc=502 old_proto_total=12110 new_proto_total=12114 old_payload=12108 new_payload=12112 debug_drop=3494
[repack] proto=132 pc=10 accept existing FR2 slice [4,4]
[repack] proto=132 pc=14 accept existing FR2 slice [5,5]
[repack] proto=132 pc=20 accept existing FR2 slice [7,7]
[repack] proto=132 pc=23 accept existing FR2 slice [8,8]
[repack] proto=132 pc=27 accept existing FR2 slice [9,10]
[repack] proto=132 pc=31 accept existing FR2 slice [10,11]
[repack] proto=132 pc=35 accept existing FR2 slice [11,12]
[repack] proto=132 pc=40 accept existing FR2 slice [12,13]
[repack] proto=132 pc=45 accept existing FR2 slice [13,15]
[repack] proto=132 pc=51 accept existing FR2 slice [15,15]
[repack] proto=132 pc=54 accept existing FR2 slice [15,15]
[repack] proto=132 pc=58 skip FR2 arg shift for pre-shifted CALL(C=3) old=[13,14]
[repack] proto=132 pc=63 accept existing FR2 slice [15,15]
[repack] proto=132 pc=68 accept existing FR2 slice [15,17]
[repack] proto=132 pc=72 accept existing FR2 slice [16,17]
[repack] proto=132 pc=81 accept existing FR2 slice [17,18]
[repack] proto=132 pc=86 accept existing FR2 slice [18,20]
[repack] proto=132 pc=95 accept existing FR2 slice [19,21]
[repack] slice fail pc=99 interference-at=95 op=CALL reg=19 range=[18,19]
[repack] simple-local pick pc=98 op=MOV def=18 range=[18,19]
[repack] simple-local pick pc=93 op=MOV def=19 range=[18,19]
[repack] proto=132 pc=99 accept existing FR2 slice [18,19]
[repack] proto=132 pc=111 accept existing FR2 slice [24,25]
[repack] proto=132 pc=117 accept existing FR2 slice [24,25]
[repack] proto=132 pc=129 accept existing FR2 slice [26,26]
[repack] proto=132 pc=134 accept existing FR2 slice [26,28]
[repack] proto=132 pc=137 accept existing FR2 slice [25,25]
[repack] proto=132 pc=146 accept existing FR2 slice [30,31]
[repack] proto=132 pc=157 accept existing FR2 slice [5,5]
[repack] proto=132 pc=171 skip FR2 arg shift for pre-shifted CALL(C=3) old=[9,10]
[repack] proto=132 pc=179 accept existing FR2 slice [10,12]
[repack] proto=132 pc=198 skip FR2 arg shift for pre-shifted CALL(C=3) old=[9,10]
[repack] proto=132 pc=206 accept existing FR2 slice [10,12]
[repack] proto=132 pc=212 accept existing FR2 slice [6,6]
[repack] proto=132 pc=221 accept existing FR2 slice [6,6]
[repack] proto=132 pc=232 accept existing FR2 slice [11,12]
[repack] proto=132 pc=238 accept existing FR2 slice [11,12]
[repack] proto=132 pc=242 accept existing FR2 slice [11,12]
[repack] proto=132 pc=248 accept existing FR2 slice [11,12]
[repack] proto=132 pc=254 accept existing FR2 slice [6,6]
[repack] proto=132 pc=274 skip FR2 arg shift for CALL(C=3,B=1) cat-tail old=[6,7]
[repack] slice fail pc=284 target-at=251 range=[7,12]
[repack] simple-local pick pc=283 op=KPRI def=11 range=[7,12]
[repack] simple-local pick pc=282 op=KSHORT def=10 range=[7,12]
[repack] simple-local pick pc=281 op=MULVN def=9 range=[7,12]
[repack] simple-local pick pc=279 op=KSTR def=8 range=[7,12]
[repack] simple-local pick pc=278 op=MOV def=7 range=[7,12]
[repack] simple-local pick pc=247 op=KSTR def=12 range=[7,12]
[repack] proto=132 pc=284 accept existing FR2 slice [7,12]
[repack] slice fail pc=305 target-at=287 range=[8,9]
[repack] simple-local pick pc=304 op=KSHORT def=8 range=[8,9]
[repack] simple-local pick pc=281 op=MULVN def=9 range=[8,9]
[repack] proto=132 pc=305 accept existing FR2 slice [8,9]
[repack] proto=132 pc=400 accept existing FR2 slice [8,8]
[repack] proto=132 pc=405 accept existing FR2 slice [9,9]
[repack] slice fail pc=411 interference-at=371 op=TSETS reg=11 range=[10,11]
[repack] simple-local pick pc=410 op=SUBVV def=10 range=[10,11]
[repack] simple-local pick pc=364 op=TGETV def=11 range=[10,11]
[repack] proto=132 pc=411 accept existing FR2 slice [10,11]
[repack] proto=132 pc=433 accept existing FR2 slice [15,15]
[repack] proto=132 pc=437 skip FR2 arg shift for pre-shifted CALL(C=3) old=[11,12]
[repack] proto=132 pc=450 skip FR2 arg shift for CALL(C=3,B=1) cat-tail old=[11,12]
[repack] proto=132 pc=456 accept existing FR2 slice [14,14]
[repack] proto=132 pc=471 skip FR2 arg shift for CALL(C=3,B=1) cat-tail old=[11,12]
[repack] proto=132 pc=486 skip FR2 arg shift for CALL(C=3,B=1) cat-tail old=[11,12]
[repack] proto=132 pc=503 accept existing FR2 slice [13,13]
[repack] proto=132 pc=511 call-selfdef helper enter consumer=CALL producer=MULVN self=MULVV producer_b=13 consumer_span=2 producer_c=8
[repack] proto=132 pc=511 call-method-basecopy helper enter consumer=CALL producer=MULVV producer_b=13 consumer_span=2 producer_c=10
[repack] proto=132 pc=511 call-intermediate-producer target-touch reject blocker_pc=448 op=KSTR reg=14 producer_pc=433
[repack] proto=132 pc=511 call-chain helper enter consumer=CALL producer=MULVV producer_b=13 consumer_span=2 producer_c=10
[repack] proto=132 pc=511 copy-fallback reason=target-touch-fail insert_pc=511 count=1 range=[13,13]->[14,14] deferred=0
[rebuild] proto=132 insert_pc=511 old_proto_total=12114 new_proto_total=12118 old_payload=12112 new_payload=12116 debug_drop=3494
[repack] proto=132 pc=10 accept existing FR2 slice [4,4]
[repack] proto=132 pc=14 accept existing FR2 slice [5,5]
[repack] proto=132 pc=20 accept existing FR2 slice [7,7]
[repack] proto=132 pc=23 accept existing FR2 slice [8,8]
[repack] proto=132 pc=27 accept existing FR2 slice [9,10]
[repack] proto=132 pc=31 accept existing FR2 slice [10,11]
[repack] proto=132 pc=35 accept existing FR2 slice [11,12]
[repack] proto=132 pc=40 accept existing FR2 slice [12,13]
[repack] proto=132 pc=45 accept existing FR2 slice [13,15]
[repack] proto=132 pc=51 accept existing FR2 slice [15,15]
[repack] proto=132 pc=54 accept existing FR2 slice [15,15]
[repack] proto=132 pc=58 skip FR2 arg shift for pre-shifted CALL(C=3) old=[13,14]
[repack] proto=132 pc=63 accept existing FR2 slice [15,15]
[repack] proto=132 pc=68 accept existing FR2 slice [15,17]
[repack] proto=132 pc=72 accept existing FR2 slice [16,17]
[repack] proto=132 pc=81 accept existing FR2 slice [17,18]
[repack] proto=132 pc=86 accept existing FR2 slice [18,20]
[repack] proto=132 pc=95 accept existing FR2 slice [19,21]
[repack] slice fail pc=99 interference-at=95 op=CALL reg=19 range=[18,19]
[repack] simple-local pick pc=98 op=MOV def=18 range=[18,19]
[repack] simple-local pick pc=93 op=MOV def=19 range=[18,19]
[repack] proto=132 pc=99 accept existing FR2 slice [18,19]
[repack] proto=132 pc=111 accept existing FR2 slice [24,25]
[repack] proto=132 pc=117 accept existing FR2 slice [24,25]
[repack] proto=132 pc=129 accept existing FR2 slice [26,26]
[repack] proto=132 pc=134 accept existing FR2 slice [26,28]
[repack] proto=132 pc=137 accept existing FR2 slice [25,25]
[repack] proto=132 pc=146 accept existing FR2 slice [30,31]
[repack] proto=132 pc=157 accept existing FR2 slice [5,5]
[repack] proto=132 pc=171 skip FR2 arg shift for pre-shifted CALL(C=3) old=[9,10]
[repack] proto=132 pc=179 accept existing FR2 slice [10,12]
[repack] proto=132 pc=198 skip FR2 arg shift for pre-shifted CALL(C=3) old=[9,10]
[repack] proto=132 pc=206 accept existing FR2 slice [10,12]
[repack] proto=132 pc=212 accept existing FR2 slice [6,6]
[repack] proto=132 pc=221 accept existing FR2 slice [6,6]
[repack] proto=132 pc=232 accept existing FR2 slice [11,12]
[repack] proto=132 pc=238 accept existing FR2 slice [11,12]
[repack] proto=132 pc=242 accept existing FR2 slice [11,12]
[repack] proto=132 pc=248 accept existing FR2 slice [11,12]
[repack] proto=132 pc=254 accept existing FR2 slice [6,6]
[repack] proto=132 pc=274 skip FR2 arg shift for CALL(C=3,B=1) cat-tail old=[6,7]
[repack] slice fail pc=284 target-at=251 range=[7,12]
[repack] simple-local pick pc=283 op=KPRI def=11 range=[7,12]
[repack] simple-local pick pc=282 op=KSHORT def=10 range=[7,12]
[repack] simple-local pick pc=281 op=MULVN def=9 range=[7,12]
[repack] simple-local pick pc=279 op=KSTR def=8 range=[7,12]
[repack] simple-local pick pc=278 op=MOV def=7 range=[7,12]
[repack] simple-local pick pc=247 op=KSTR def=12 range=[7,12]
[repack] proto=132 pc=284 accept existing FR2 slice [7,12]
[repack] slice fail pc=305 target-at=287 range=[8,9]
[repack] simple-local pick pc=304 op=KSHORT def=8 range=[8,9]
[repack] simple-local pick pc=281 op=MULVN def=9 range=[8,9]
[repack] proto=132 pc=305 accept existing FR2 slice [8,9]
[repack] proto=132 pc=400 accept existing FR2 slice [8,8]
[repack] proto=132 pc=405 accept existing FR2 slice [9,9]
[repack] slice fail pc=411 interference-at=371 op=TSETS reg=11 range=[10,11]
[repack] simple-local pick pc=410 op=SUBVV def=10 range=[10,11]
[repack] simple-local pick pc=364 op=TGETV def=11 range=[10,11]
[repack] proto=132 pc=411 accept existing FR2 slice [10,11]
[repack] proto=132 pc=433 accept existing FR2 slice [15,15]
[repack] proto=132 pc=437 skip FR2 arg shift for pre-shifted CALL(C=3) old=[11,12]
[repack] proto=132 pc=450 skip FR2 arg shift for CALL(C=3,B=1) cat-tail old=[11,12]
[repack] proto=132 pc=456 accept existing FR2 slice [14,14]
[repack] proto=132 pc=471 skip FR2 arg shift for CALL(C=3,B=1) cat-tail old=[11,12]
[repack] proto=132 pc=486 skip FR2 arg shift for CALL(C=3,B=1) cat-tail old=[11,12]
[repack] proto=132 pc=503 accept existing FR2 slice [13,13]
[repack] proto=132 pc=512 accept existing FR2 slice [14,14]
[repack] proto=132 pc=532 skip FR2 arg shift for CALL(C=3,B=1) cat-tail old=[14,15]
[repack] slice fail pc=543 interference-at=542 op=CALL reg=11 range=[10,11]
[repack] readonly slice retry fail pc=543 read-at=542 op=CALL reg=11 range=[10,11]
[repack] simple-local pick pc=538 op=MOV def=11 range=[10,11]
[repack] simple-local pick pc=492 op=SUBVN def=10 range=[10,11]
[repack] slice fail pc=543 interference-at=542 op=CALL reg=11 range=[11,12]
[repack] simple-local pick pc=538 op=MOV def=11 range=[11,12]
[repack] simple-local pick pc=505 op=TGETS def=12 range=[11,12]
[repack] proto=132 pc=543 accept existing FR2 slice [11,12]
[repack] proto=132 pc=548 reject existing FR2 slice: new-first writer matches old-second old=7(pc=545,MOV) old2=8(pc=547,KSTR) new=8(pc=547,KSTR)
[repack] proto=132 pc=554 reject existing FR2 slice: new-first writer matches old-second old=7(pc=551,MOV) old2=8(pc=553,KSTR) new=8(pc=553,KSTR)
[repack] proto=132 pc=606 call-selfdef helper enter consumer=CALL producer=SUBNV self=MULVV producer_b=11 consumer_span=2 producer_c=0
[repack] proto=132 pc=606 call-method-basecopy helper enter consumer=CALL producer=MULVV producer_b=10 consumer_span=2 producer_c=11
[repack] slice fail pc=437 interference-at=433 op=CALL reg=13 range=[12,13]
[repack] readonly slice retry fail pc=437 write-at=433 op=CALL reg=13 range=[12,13]
[repack] simple-local pick pc=436 op=MOV def=12 range=[12,13]
[repack] simple-local pick pc=435 op=MOV def=13 range=[12,13]
[repack] proto=132 pc=606 call-intermediate-producer target-touch reject blocker_pc=427 op=TGETS reg=11 producer_pc=437
[repack] proto=132 pc=606 call-chain helper enter consumer=CALL producer=MULVV producer_b=10 consumer_span=2 producer_c=11
[repack] proto=132 pc=606 copy-fallback reason=target-touch-fail insert_pc=606 count=1 range=[10,10]->[11,11] deferred=0
[rebuild] proto=132 insert_pc=606 old_proto_total=12118 new_proto_total=12122 old_payload=12116 new_payload=12120 debug_drop=3494
[repack] proto=132 pc=10 accept existing FR2 slice [4,4]
[repack] proto=132 pc=14 accept existing FR2 slice [5,5]
[repack] proto=132 pc=20 accept existing FR2 slice [7,7]
[repack] proto=132 pc=23 accept existing FR2 slice [8,8]
[repack] proto=132 pc=27 accept existing FR2 slice [9,10]
[repack] proto=132 pc=31 accept existing FR2 slice [10,11]
[repack] proto=132 pc=35 accept existing FR2 slice [11,12]
[repack] proto=132 pc=40 accept existing FR2 slice [12,13]
[repack] proto=132 pc=45 accept existing FR2 slice [13,15]
[repack] proto=132 pc=51 accept existing FR2 slice [15,15]
[repack] proto=132 pc=54 accept existing FR2 slice [15,15]
[repack] proto=132 pc=58 skip FR2 arg shift for pre-shifted CALL(C=3) old=[13,14]
[repack] proto=132 pc=63 accept existing FR2 slice [15,15]
[repack] proto=132 pc=68 accept existing FR2 slice [15,17]
[repack] proto=132 pc=72 accept existing FR2 slice [16,17]
[repack] proto=132 pc=81 accept existing FR2 slice [17,18]
[repack] proto=132 pc=86 accept existing FR2 slice [18,20]
[repack] proto=132 pc=95 accept existing FR2 slice [19,21]
[repack] slice fail pc=99 interference-at=95 op=CALL reg=19 range=[18,19]
[repack] simple-local pick pc=98 op=MOV def=18 range=[18,19]
[repack] simple-local pick pc=93 op=MOV def=19 range=[18,19]
[repack] proto=132 pc=99 accept existing FR2 slice [18,19]
[repack] proto=132 pc=111 accept existing FR2 slice [24,25]
[repack] proto=132 pc=117 accept existing FR2 slice [24,25]
[repack] proto=132 pc=129 accept existing FR2 slice [26,26]
[repack] proto=132 pc=134 accept existing FR2 slice [26,28]
[repack] proto=132 pc=137 accept existing FR2 slice [25,25]
[repack] proto=132 pc=146 accept existing FR2 slice [30,31]
[repack] proto=132 pc=157 accept existing FR2 slice [5,5]
[repack] proto=132 pc=171 skip FR2 arg shift for pre-shifted CALL(C=3) old=[9,10]
[repack] proto=132 pc=179 accept existing FR2 slice [10,12]
[repack] proto=132 pc=198 skip FR2 arg shift for pre-shifted CALL(C=3) old=[9,10]
[repack] proto=132 pc=206 accept existing FR2 slice [10,12]
[repack] proto=132 pc=212 accept existing FR2 slice [6,6]
[repack] proto=132 pc=221 accept existing FR2 slice [6,6]
[repack] proto=132 pc=232 accept existing FR2 slice [11,12]
[repack] proto=132 pc=238 accept existing FR2 slice [11,12]
[repack] proto=132 pc=242 accept existing FR2 slice [11,12]
[repack] proto=132 pc=248 accept existing FR2 slice [11,12]
[repack] proto=132 pc=254 accept existing FR2 slice [6,6]
[repack] proto=132 pc=274 skip FR2 arg shift for CALL(C=3,B=1) cat-tail old=[6,7]
[repack] slice fail pc=284 target-at=251 range=[7,12]
[repack] simple-local pick pc=283 op=KPRI def=11 range=[7,12]
[repack] simple-local pick pc=282 op=KSHORT def=10 range=[7,12]
[repack] simple-local pick pc=281 op=MULVN def=9 range=[7,12]
[repack] simple-local pick pc=279 op=KSTR def=8 range=[7,12]
[repack] simple-local pick pc=278 op=MOV def=7 range=[7,12]
[repack] simple-local pick pc=247 op=KSTR def=12 range=[7,12]
[repack] proto=132 pc=284 accept existing FR2 slice [7,12]
[repack] slice fail pc=305 target-at=287 range=[8,9]
[repack] simple-local pick pc=304 op=KSHORT def=8 range=[8,9]
[repack] simple-local pick pc=281 op=MULVN def=9 range=[8,9]
[repack] proto=132 pc=305 accept existing FR2 slice [8,9]
[repack] proto=132 pc=400 accept existing FR2 slice [8,8]
[repack] proto=132 pc=405 accept existing FR2 slice [9,9]
[repack] slice fail pc=411 interference-at=371 op=TSETS reg=11 range=[10,11]
[repack] simple-local pick pc=410 op=SUBVV def=10 range=[10,11]
[repack] simple-local pick pc=364 op=TGETV def=11 range=[10,11]
[repack] proto=132 pc=411 accept existing FR2 slice [10,11]
[repack] proto=132 pc=433 accept existing FR2 slice [15,15]
[repack] proto=132 pc=437 skip FR2 arg shift for pre-shifted CALL(C=3) old=[11,12]
[repack] proto=132 pc=450 skip FR2 arg shift for CALL(C=3,B=1) cat-tail old=[11,12]
[repack] proto=132 pc=456 accept existing FR2 slice [14,14]
[repack] proto=132 pc=471 skip FR2 arg shift for CALL(C=3,B=1) cat-tail old=[11,12]
[repack] proto=132 pc=486 skip FR2 arg shift for CALL(C=3,B=1) cat-tail old=[11,12]
[repack] proto=132 pc=503 accept existing FR2 slice [13,13]
[repack] proto=132 pc=512 accept existing FR2 slice [14,14]
[repack] proto=132 pc=532 skip FR2 arg shift for CALL(C=3,B=1) cat-tail old=[14,15]
[repack] proto=132 pc=536 accept existing FR2 slice [8,8]
[repack] proto=132 pc=542 accept existing FR2 slice [13,15]
[repack] slice fail pc=543 interference-at=542 op=CALL reg=11 range=[10,11]
[repack] readonly slice retry fail pc=543 read-at=542 op=CALL reg=11 range=[10,11]
[repack] simple-local pick pc=538 op=MOV def=11 range=[10,11]
[repack] simple-local pick pc=492 op=SUBVN def=10 range=[10,11]
[repack] slice fail pc=543 interference-at=542 op=CALL reg=11 range=[11,12]
[repack] simple-local pick pc=538 op=MOV def=11 range=[11,12]
[repack] simple-local pick pc=505 op=TGETS def=12 range=[11,12]
[repack] proto=132 pc=543 accept existing FR2 slice [11,12]
[repack] proto=132 pc=548 accept existing FR2 slice: pre-shifted CALL(C=3) hole preserved old=[7,8] new=[8,9]
[repack] proto=132 pc=548 accept existing FR2 slice [8,9]
[repack] proto=132 pc=554 accept existing FR2 slice: pre-shifted CALL(C=3) hole preserved old=[7,8] new=[8,9]
[repack] proto=132 pc=554 accept existing FR2 slice [8,9]
[repack] proto=132 pc=594 accept existing FR2 slice [10,10]
[repack] proto=132 pc=599 accept existing FR2 slice [10,10]
[repack] proto=132 pc=607 accept existing FR2 slice [11,11]
[repack] proto=132 pc=615 call-selfdef helper enter consumer=CALL producer=SUBNV self=MULVV producer_b=11 consumer_span=2 producer_c=0
[repack] proto=132 pc=615 call-method-basecopy helper enter consumer=CALL producer=MULVV producer_b=10 consumer_span=2 producer_c=11
[repack] slice fail pc=437 interference-at=433 op=CALL reg=13 range=[12,13]
[repack] readonly slice retry fail pc=437 write-at=433 op=CALL reg=13 range=[12,13]
[repack] simple-local pick pc=436 op=MOV def=12 range=[12,13]
[repack] simple-local pick pc=435 op=MOV def=13 range=[12,13]
[repack] proto=132 pc=615 call-intermediate-producer target-touch reject blocker_pc=427 op=TGETS reg=11 producer_pc=437
[repack] proto=132 pc=615 call-chain helper enter consumer=CALL producer=MULVV producer_b=10 consumer_span=2 producer_c=11
[repack] proto=132 pc=615 copy-fallback reason=target-touch-fail insert_pc=615 count=1 range=[10,10]->[11,11] deferred=0
[rebuild] proto=132 insert_pc=615 old_proto_total=12122 new_proto_total=12126 old_payload=12120 new_payload=12124 debug_drop=3494
[repack] proto=132 pc=10 accept existing FR2 slice [4,4]
[repack] proto=132 pc=14 accept existing FR2 slice [5,5]
[repack] proto=132 pc=20 accept existing FR2 slice [7,7]
[repack] proto=132 pc=23 accept existing FR2 slice [8,8]
[repack] proto=132 pc=27 accept existing FR2 slice [9,10]
[repack] proto=132 pc=31 accept existing FR2 slice [10,11]
[repack] proto=132 pc=35 accept existing FR2 slice [11,12]
[repack] proto=132 pc=40 accept existing FR2 slice [12,13]
[repack] proto=132 pc=45 accept existing FR2 slice [13,15]
[repack] proto=132 pc=51 accept existing FR2 slice [15,15]
[repack] proto=132 pc=54 accept existing FR2 slice [15,15]
[repack] proto=132 pc=58 skip FR2 arg shift for pre-shifted CALL(C=3) old=[13,14]
[repack] proto=132 pc=63 accept existing FR2 slice [15,15]
[repack] proto=132 pc=68 accept existing FR2 slice [15,17]
[repack] proto=132 pc=72 accept existing FR2 slice [16,17]
[repack] proto=132 pc=81 accept existing FR2 slice [17,18]
[repack] proto=132 pc=86 accept existing FR2 slice [18,20]
[repack] proto=132 pc=95 accept existing FR2 slice [19,21]
[repack] slice fail pc=99 interference-at=95 op=CALL reg=19 range=[18,19]
[repack] simple-local pick pc=98 op=MOV def=18 range=[18,19]
[repack] simple-local pick pc=93 op=MOV def=19 range=[18,19]
[repack] proto=132 pc=99 accept existing FR2 slice [18,19]
[repack] proto=132 pc=111 accept existing FR2 slice [24,25]
[repack] proto=132 pc=117 accept existing FR2 slice [24,25]
[repack] proto=132 pc=129 accept existing FR2 slice [26,26]
[repack] proto=132 pc=134 accept existing FR2 slice [26,28]
[repack] proto=132 pc=137 accept existing FR2 slice [25,25]
[repack] proto=132 pc=146 accept existing FR2 slice [30,31]
[repack] proto=132 pc=157 accept existing FR2 slice [5,5]
[repack] proto=132 pc=171 skip FR2 arg shift for pre-shifted CALL(C=3) old=[9,10]
[repack] proto=132 pc=179 accept existing FR2 slice [10,12]
[repack] proto=132 pc=198 skip FR2 arg shift for pre-shifted CALL(C=3) old=[9,10]
[repack] proto=132 pc=206 accept existing FR2 slice [10,12]
[repack] proto=132 pc=212 accept existing FR2 slice [6,6]
[repack] proto=132 pc=221 accept existing FR2 slice [6,6]
[repack] proto=132 pc=232 accept existing FR2 slice [11,12]
[repack] proto=132 pc=238 accept existing FR2 slice [11,12]
[repack] proto=132 pc=242 accept existing FR2 slice [11,12]
[repack] proto=132 pc=248 accept existing FR2 slice [11,12]
[repack] proto=132 pc=254 accept existing FR2 slice [6,6]
[repack] proto=132 pc=274 skip FR2 arg shift for CALL(C=3,B=1) cat-tail old=[6,7]
[repack] slice fail pc=284 target-at=251 range=[7,12]
[repack] simple-local pick pc=283 op=KPRI def=11 range=[7,12]
[repack] simple-local pick pc=282 op=KSHORT def=10 range=[7,12]
[repack] simple-local pick pc=281 op=MULVN def=9 range=[7,12]
[repack] simple-local pick pc=279 op=KSTR def=8 range=[7,12]
[repack] simple-local pick pc=278 op=MOV def=7 range=[7,12]
[repack] simple-local pick pc=247 op=KSTR def=12 range=[7,12]
[repack] proto=132 pc=284 accept existing FR2 slice [7,12]
[repack] slice fail pc=305 target-at=287 range=[8,9]
[repack] simple-local pick pc=304 op=KSHORT def=8 range=[8,9]
[repack] simple-local pick pc=281 op=MULVN def=9 range=[8,9]
[repack] proto=132 pc=305 accept existing FR2 slice [8,9]
[repack] proto=132 pc=400 accept existing FR2 slice [8,8]
[repack] proto=132 pc=405 accept existing FR2 slice [9,9]
[repack] slice fail pc=411 interference-at=371 op=TSETS reg=11 range=[10,11]
[repack] simple-local pick pc=410 op=SUBVV def=10 range=[10,11]
[repack] simple-local pick pc=364 op=TGETV def=11 range=[10,11]
[repack] proto=132 pc=411 accept existing FR2 slice [10,11]
[repack] proto=132 pc=433 accept existing FR2 slice [15,15]
[repack] proto=132 pc=437 skip FR2 arg shift for pre-shifted CALL(C=3) old=[11,12]
[repack] proto=132 pc=450 skip FR2 arg shift for CALL(C=3,B=1) cat-tail old=[11,12]
[repack] proto=132 pc=456 accept existing FR2 slice [14,14]
[repack] proto=132 pc=471 skip FR2 arg shift for CALL(C=3,B=1) cat-tail old=[11,12]
[repack] proto=132 pc=486 skip FR2 arg shift for CALL(C=3,B=1) cat-tail old=[11,12]
[repack] proto=132 pc=503 accept existing FR2 slice [13,13]
[repack] proto=132 pc=512 accept existing FR2 slice [14,14]
[repack] proto=132 pc=532 skip FR2 arg shift for CALL(C=3,B=1) cat-tail old=[14,15]
[repack] proto=132 pc=536 accept existing FR2 slice [8,8]
[repack] proto=132 pc=542 accept existing FR2 slice [13,15]
[repack] slice fail pc=543 interference-at=542 op=CALL reg=11 range=[10,11]
[repack] readonly slice retry fail pc=543 read-at=542 op=CALL reg=11 range=[10,11]
[repack] simple-local pick pc=538 op=MOV def=11 range=[10,11]
[repack] simple-local pick pc=492 op=SUBVN def=10 range=[10,11]
[repack] slice fail pc=543 interference-at=542 op=CALL reg=11 range=[11,12]
[repack] simple-local pick pc=538 op=MOV def=11 range=[11,12]
[repack] simple-local pick pc=505 op=TGETS def=12 range=[11,12]
[repack] proto=132 pc=543 accept existing FR2 slice [11,12]
[repack] proto=132 pc=548 accept existing FR2 slice: pre-shifted CALL(C=3) hole preserved old=[7,8] new=[8,9]
[repack] proto=132 pc=548 accept existing FR2 slice [8,9]
[repack] proto=132 pc=554 accept existing FR2 slice: pre-shifted CALL(C=3) hole preserved old=[7,8] new=[8,9]
[repack] proto=132 pc=554 accept existing FR2 slice [8,9]
[repack] proto=132 pc=594 accept existing FR2 slice [10,10]
[repack] proto=132 pc=599 accept existing FR2 slice [10,10]
[repack] proto=132 pc=607 accept existing FR2 slice [11,11]
[repack] proto=132 pc=616 accept existing FR2 slice [11,11]
[repack] proto=132 pc=629 skip FR2 arg shift for CALL(C=3,B=1) cat-tail old=[10,11]
[repack] proto=132 pc=633 reject existing FR2 slice: new-first writer matches old-second old=7(pc=630,MOV) old2=8(pc=632,KSTR) new=8(pc=632,KSTR)
[repack] proto=132 pc=639 reject existing FR2 slice: new-first writer matches old-second old=7(pc=636,MOV) old2=8(pc=638,KSTR) new=8(pc=638,KSTR)
[repack] proto=132 pc=649 reject existing FR2 slice: stale new-first old=8(pc=647,MOV) new=9(pc=638,KSTR)
[repack] proto=132 pc=654 reject existing FR2 slice: new-first writer matches old-second old=8(pc=651,MOV) old2=9(pc=653,KSTR) new=9(pc=653,KSTR)
[repack] proto=132 pc=661 reject existing FR2 slice: new-first writer matches old-second old=8(pc=655,MOV) old2=9(pc=660,CAT) new=9(pc=660,CAT)
[repack] proto=132 pc=661 reject existing FR2 slice: new-first writer matches old-second old=8(pc=655,MOV) old2=9(pc=660,CAT) new=9(pc=660,CAT)
[repack] proto=132 pc=661 call-selfdef helper enter consumer=CALL producer=KSTR self=CAT producer_b=0 consumer_span=3 producer_c=117
[repack] proto=132 pc=661 call-method-basecopy helper enter consumer=CALL producer=CAT producer_b=9 consumer_span=3 producer_c=10
[repack] proto=132 pc=661 call-intermediate-producer target-touch reject blocker_pc=611 op=TGETS reg=10 producer_pc=616
[repack] proto=132 pc=661 call-chain helper enter consumer=CALL producer=CAT producer_b=9 consumer_span=3 producer_c=10
[repack] proto=132 pc=661 copy-fallback call-frame-shift reason=target-touch-fail insert_pc=661 base=7->8 args=[8,9]->[10,11]
[rebuild] proto=132 insert_pc=661 old_proto_total=12126 new_proto_total=12138 old_payload=12124 new_payload=12136 debug_drop=3494
[repack] proto=132 pc=10 accept existing FR2 slice [4,4]
[repack] proto=132 pc=14 accept existing FR2 slice [5,5]
[repack] proto=132 pc=20 accept existing FR2 slice [7,7]
[repack] proto=132 pc=23 accept existing FR2 slice [8,8]
[repack] proto=132 pc=27 accept existing FR2 slice [9,10]
[repack] proto=132 pc=31 accept existing FR2 slice [10,11]
[repack] proto=132 pc=35 accept existing FR2 slice [11,12]
[repack] proto=132 pc=40 accept existing FR2 slice [12,13]
[repack] proto=132 pc=45 accept existing FR2 slice [13,15]
[repack] proto=132 pc=51 accept existing FR2 slice [15,15]
[repack] proto=132 pc=54 accept existing FR2 slice [15,15]
[repack] proto=132 pc=58 skip FR2 arg shift for pre-shifted CALL(C=3) old=[13,14]
[repack] proto=132 pc=63 accept existing FR2 slice [15,15]
[repack] proto=132 pc=68 accept existing FR2 slice [15,17]
[repack] proto=132 pc=72 accept existing FR2 slice [16,17]
[repack] proto=132 pc=81 accept existing FR2 slice [17,18]
[repack] proto=132 pc=86 accept existing FR2 slice [18,20]
[repack] proto=132 pc=95 accept existing FR2 slice [19,21]
[repack] slice fail pc=99 interference-at=95 op=CALL reg=19 range=[18,19]
[repack] simple-local pick pc=98 op=MOV def=18 range=[18,19]
[repack] simple-local pick pc=93 op=MOV def=19 range=[18,19]
[repack] proto=132 pc=99 accept existing FR2 slice [18,19]
[repack] proto=132 pc=111 accept existing FR2 slice [24,25]
[repack] proto=132 pc=117 accept existing FR2 slice [24,25]
[repack] proto=132 pc=129 accept existing FR2 slice [26,26]
[repack] proto=132 pc=134 accept existing FR2 slice [26,28]
[repack] proto=132 pc=137 accept existing FR2 slice [25,25]
[repack] proto=132 pc=146 accept existing FR2 slice [30,31]
[repack] proto=132 pc=157 accept existing FR2 slice [5,5]
[repack] proto=132 pc=171 skip FR2 arg shift for pre-shifted CALL(C=3) old=[9,10]
[repack] proto=132 pc=179 accept existing FR2 slice [10,12]
[repack] proto=132 pc=198 skip FR2 arg shift for pre-shifted CALL(C=3) old=[9,10]
[repack] proto=132 pc=206 accept existing FR2 slice [10,12]
[repack] proto=132 pc=212 accept existing FR2 slice [6,6]
[repack] proto=132 pc=221 accept existing FR2 slice [6,6]
[repack] proto=132 pc=232 accept existing FR2 slice [11,12]
[repack] proto=132 pc=238 accept existing FR2 slice [11,12]
[repack] proto=132 pc=242 accept existing FR2 slice [11,12]
[repack] proto=132 pc=248 accept existing FR2 slice [11,12]
[repack] proto=132 pc=254 accept existing FR2 slice [6,6]
[repack] proto=132 pc=274 skip FR2 arg shift for CALL(C=3,B=1) cat-tail old=[6,7]
[repack] slice fail pc=284 target-at=251 range=[7,12]
[repack] simple-local pick pc=283 op=KPRI def=11 range=[7,12]
[repack] simple-local pick pc=282 op=KSHORT def=10 range=[7,12]
[repack] simple-local pick pc=281 op=MULVN def=9 range=[7,12]
[repack] simple-local pick pc=279 op=KSTR def=8 range=[7,12]
[repack] simple-local pick pc=278 op=MOV def=7 range=[7,12]
[repack] simple-local pick pc=247 op=KSTR def=12 range=[7,12]
[repack] proto=132 pc=284 accept existing FR2 slice [7,12]
[repack] slice fail pc=305 target-at=287 range=[8,9]
[repack] simple-local pick pc=304 op=KSHORT def=8 range=[8,9]
[repack] simple-local pick pc=281 op=MULVN def=9 range=[8,9]
[repack] proto=132 pc=305 accept existing FR2 slice [8,9]
[repack] proto=132 pc=400 accept existing FR2 slice [8,8]
[repack] proto=132 pc=405 accept existing FR2 slice [9,9]
[repack] slice fail pc=411 interference-at=371 op=TSETS reg=11 range=[10,11]
[repack] simple-local pick pc=410 op=SUBVV def=10 range=[10,11]
[repack] simple-local pick pc=364 op=TGETV def=11 range=[10,11]
[repack] proto=132 pc=411 accept existing FR2 slice [10,11]
[repack] proto=132 pc=433 accept existing FR2 slice [15,15]
[repack] proto=132 pc=437 skip FR2 arg shift for pre-shifted CALL(C=3) old=[11,12]
[repack] proto=132 pc=450 skip FR2 arg shift for CALL(C=3,B=1) cat-tail old=[11,12]
[repack] proto=132 pc=456 accept existing FR2 slice [14,14]
[repack] proto=132 pc=471 skip FR2 arg shift for CALL(C=3,B=1) cat-tail old=[11,12]
[repack] proto=132 pc=486 skip FR2 arg shift for CALL(C=3,B=1) cat-tail old=[11,12]
[repack] proto=132 pc=503 accept existing FR2 slice [13,13]
[repack] proto=132 pc=512 accept existing FR2 slice [14,14]
[repack] proto=132 pc=532 skip FR2 arg shift for CALL(C=3,B=1) cat-tail old=[14,15]
[repack] proto=132 pc=536 accept existing FR2 slice [8,8]
[repack] proto=132 pc=542 accept existing FR2 slice [13,15]
[repack] slice fail pc=543 interference-at=542 op=CALL reg=11 range=[10,11]
[repack] readonly slice retry fail pc=543 read-at=542 op=CALL reg=11 range=[10,11]
[repack] simple-local pick pc=538 op=MOV def=11 range=[10,11]
[repack] simple-local pick pc=492 op=SUBVN def=10 range=[10,11]
[repack] slice fail pc=543 interference-at=542 op=CALL reg=11 range=[11,12]
[repack] simple-local pick pc=538 op=MOV def=11 range=[11,12]
[repack] simple-local pick pc=505 op=TGETS def=12 range=[11,12]
[repack] proto=132 pc=543 accept existing FR2 slice [11,12]
[repack] proto=132 pc=548 accept existing FR2 slice: pre-shifted CALL(C=3) hole preserved old=[7,8] new=[8,9]
[repack] proto=132 pc=548 accept existing FR2 slice [8,9]
[repack] proto=132 pc=554 accept existing FR2 slice: pre-shifted CALL(C=3) hole preserved old=[7,8] new=[8,9]
[repack] proto=132 pc=554 accept existing FR2 slice [8,9]
[repack] proto=132 pc=594 accept existing FR2 slice [10,10]
[repack] proto=132 pc=599 accept existing FR2 slice [10,10]
[repack] proto=132 pc=607 accept existing FR2 slice [11,11]
[repack] proto=132 pc=616 accept existing FR2 slice [11,11]
[repack] proto=132 pc=629 skip FR2 arg shift for CALL(C=3,B=1) cat-tail old=[10,11]
[repack] proto=132 pc=633 accept existing FR2 slice [8,9]
[repack] proto=132 pc=639 accept existing FR2 slice [8,9]
[repack] proto=132 pc=649 accept existing FR2 slice [9,9]
[repack] proto=132 pc=654 accept existing FR2 slice [9,10]
[repack] proto=132 pc=664 accept existing FR2 slice [10,11]
[repack] proto=132 pc=668 reject existing FR2 slice: new-first writer matches old-second old=7(pc=665,MOV) old2=8(pc=667,KSTR) new=8(pc=667,KSTR)
[repack] proto=132 pc=674 reject existing FR2 slice: new-first writer matches old-second old=7(pc=671,MOV) old2=8(pc=673,KSTR) new=8(pc=673,KSTR)
[repack] slice fail pc=693 target-at=665 range=[10,11]
[repack] simple-local pick pc=692 op=KSHORT def=10 range=[10,11]
[repack] simple-local pick pc=661 op=MOV def=11 range=[10,11]
[repack] proto=132 pc=693 accept existing FR2 slice [10,11]
[repack] proto=132 pc=702 reject existing FR2 slice: new-first writer matches old-second old=10(pc=695,MOV) old2=11(pc=699,CAT) new=11(pc=699,CAT)
[repack] proto=132 pc=708 skip FR2 arg shift for CALL(C=3,B=1) cat-tail old=[10,11]
[repack] proto=132 pc=712 reject existing FR2 slice: new-first writer matches old-second old=7(pc=709,MOV) old2=8(pc=711,KSTR) new=8(pc=711,KSTR)
[repack] proto=132 pc=724 reject existing FR2 slice: new-first writer matches old-second old=7(pc=721,MOV) old2=8(pc=723,KSTR) new=8(pc=723,KSTR)
[repack] proto=132 pc=728 reject existing FR2 slice: new-first writer matches old-second old=8(pc=725,MOV) old2=9(pc=727,KSTR) new=9(pc=727,KSTR)
[repack] proto=132 pc=734 reject existing FR2 slice: new-first writer matches old-second old=8(pc=731,MOV) old2=9(pc=733,KSTR) new=9(pc=733,KSTR)
[repack] proto=132 pc=746 reject existing FR2 slice: new-first writer matches old-second old=9(pc=743,MOV) old2=10(pc=745,KSTR) new=10(pc=745,KSTR)
[repack] proto=132 pc=753 reject existing FR2 slice: new-first writer matches old-second old=8(pc=748,MOV) old2=9(pc=750,KSTR) new=9(pc=750,KSTR)
[repack] proto=132 pc=757 reject existing FR2 slice: new-first writer matches old-second old=8(pc=754,MOV) old2=9(pc=756,KSTR) new=9(pc=756,KSTR)
[repack] proto=132 pc=765 reject existing FR2 slice: new-first writer matches old-second old=7(pc=762,MOV) old2=8(pc=764,KSTR) new=8(pc=764,KSTR)
[repack] proto=132 pc=771 reject existing FR2 slice: new-first writer matches old-second old=7(pc=768,MOV) old2=8(pc=770,KSTR) new=8(pc=770,KSTR)
[repack] proto=132 pc=783 reject existing FR2 slice: new-first writer matches old-second old=7(pc=780,MOV) old2=8(pc=782,KSTR) new=8(pc=782,KSTR)
[repack] proto=132 pc=787 reject existing FR2 slice: new-first writer matches old-second old=7(pc=784,MOV) old2=8(pc=786,KSTR) new=8(pc=786,KSTR)
[repack] proto=132 pc=793 reject existing FR2 slice: new-first writer matches old-second old=7(pc=790,MOV) old2=8(pc=792,KSTR) new=8(pc=792,KSTR)
[repack] slice fail pc=808 target-at=805 range=[17,18]
[repack] simple-local pick pc=807 op=MOV def=17 range=[17,18]
[repack] simple-local pick pc=525 op=MOV def=18 range=[17,18]
[repack] proto=132 pc=808 accept existing FR2 slice [17,18]
[repack] proto=132 pc=815 reject existing FR2 slice: proto132 GetBuff method self window old=[16,17] new=[17,18]
[repack] slice fail pc=825 target-at=805 range=[18,19]
[repack] simple-local pick pc=824 op=KSHORT def=18 range=[18,19]
[repack] simple-local pick pc=526 op=KSTR def=19 range=[18,19]
[repack] proto=132 pc=825 accept existing FR2 slice [18,19]
[repack] proto=132 pc=834 reject existing FR2 slice: new-first writer matches old-second old=11(pc=831,MOV) old2=12(pc=833,KSTR) new=12(pc=833,KSTR)
[repack] proto=132 pc=852 call-selfdef helper enter consumer=CALL producer=TGETS self=TGETV producer_b=10 consumer_span=2 producer_c=29
[repack] proto=132 pc=852 call-method-basecopy helper enter consumer=CALL producer=TGETV producer_b=12 consumer_span=2 producer_c=13
[repack] proto=132 pc=852 call-intermediate-producer target-touch reject blocker_pc=506 op=TGETS reg=13 producer_pc=512
[repack] proto=132 pc=852 call-chain helper enter consumer=CALL producer=TGETV producer_b=12 consumer_span=2 producer_c=13
[repack] proto=132 pc=852 copy-fallback reason=target-touch-fail insert_pc=852 count=1 range=[12,12]->[13,13] deferred=0
[rebuild] proto=132 insert_pc=852 old_proto_total=12138 new_proto_total=12142 old_payload=12136 new_payload=12140 debug_drop=3494
[repack] proto=132 pc=10 accept existing FR2 slice [4,4]
[repack] proto=132 pc=14 accept existing FR2 slice [5,5]
[repack] proto=132 pc=20 accept existing FR2 slice [7,7]
[repack] proto=132 pc=23 accept existing FR2 slice [8,8]
[repack] proto=132 pc=27 accept existing FR2 slice [9,10]
[repack] proto=132 pc=31 accept existing FR2 slice [10,11]
[repack] proto=132 pc=35 accept existing FR2 slice [11,12]
[repack] proto=132 pc=40 accept existing FR2 slice [12,13]
[repack] proto=132 pc=45 accept existing FR2 slice [13,15]
[repack] proto=132 pc=51 accept existing FR2 slice [15,15]
[repack] proto=132 pc=54 accept existing FR2 slice [15,15]
[repack] proto=132 pc=58 skip FR2 arg shift for pre-shifted CALL(C=3) old=[13,14]
[repack] proto=132 pc=63 accept existing FR2 slice [15,15]
[repack] proto=132 pc=68 accept existing FR2 slice [15,17]
[repack] proto=132 pc=72 accept existing FR2 slice [16,17]
[repack] proto=132 pc=81 accept existing FR2 slice [17,18]
[repack] proto=132 pc=86 accept existing FR2 slice [18,20]
[repack] proto=132 pc=95 accept existing FR2 slice [19,21]
[repack] slice fail pc=99 interference-at=95 op=CALL reg=19 range=[18,19]
[repack] simple-local pick pc=98 op=MOV def=18 range=[18,19]
[repack] simple-local pick pc=93 op=MOV def=19 range=[18,19]
[repack] proto=132 pc=99 accept existing FR2 slice [18,19]
[repack] proto=132 pc=111 accept existing FR2 slice [24,25]
[repack] proto=132 pc=117 accept existing FR2 slice [24,25]
[repack] proto=132 pc=129 accept existing FR2 slice [26,26]
[repack] proto=132 pc=134 accept existing FR2 slice [26,28]
[repack] proto=132 pc=137 accept existing FR2 slice [25,25]
[repack] proto=132 pc=146 accept existing FR2 slice [30,31]
[repack] proto=132 pc=157 accept existing FR2 slice [5,5]
[repack] proto=132 pc=171 skip FR2 arg shift for pre-shifted CALL(C=3) old=[9,10]
[repack] proto=132 pc=179 accept existing FR2 slice [10,12]
[repack] proto=132 pc=198 skip FR2 arg shift for pre-shifted CALL(C=3) old=[9,10]
[repack] proto=132 pc=206 accept existing FR2 slice [10,12]
[repack] proto=132 pc=212 accept existing FR2 slice [6,6]
[repack] proto=132 pc=221 accept existing FR2 slice [6,6]
[repack] proto=132 pc=232 accept existing FR2 slice [11,12]
[repack] proto=132 pc=238 accept existing FR2 slice [11,12]
[repack] proto=132 pc=242 accept existing FR2 slice [11,12]
[repack] proto=132 pc=248 accept existing FR2 slice [11,12]
[repack] proto=132 pc=254 accept existing FR2 slice [6,6]
[repack] proto=132 pc=274 skip FR2 arg shift for CALL(C=3,B=1) cat-tail old=[6,7]
[repack] slice fail pc=284 target-at=251 range=[7,12]
[repack] simple-local pick pc=283 op=KPRI def=11 range=[7,12]
[repack] simple-local pick pc=282 op=KSHORT def=10 range=[7,12]
[repack] simple-local pick pc=281 op=MULVN def=9 range=[7,12]
[repack] simple-local pick pc=279 op=KSTR def=8 range=[7,12]
[repack] simple-local pick pc=278 op=MOV def=7 range=[7,12]
[repack] simple-local pick pc=247 op=KSTR def=12 range=[7,12]
[repack] proto=132 pc=284 accept existing FR2 slice [7,12]
[repack] slice fail pc=305 target-at=287 range=[8,9]
[repack] simple-local pick pc=304 op=KSHORT def=8 range=[8,9]
[repack] simple-local pick pc=281 op=MULVN def=9 range=[8,9]
[repack] proto=132 pc=305 accept existing FR2 slice [8,9]
[repack] proto=132 pc=400 accept existing FR2 slice [8,8]
[repack] proto=132 pc=405 accept existing FR2 slice [9,9]
[repack] slice fail pc=411 interference-at=371 op=TSETS reg=11 range=[10,11]
[repack] simple-local pick pc=410 op=SUBVV def=10 range=[10,11]
[repack] simple-local pick pc=364 op=TGETV def=11 range=[10,11]
[repack] proto=132 pc=411 accept existing FR2 slice [10,11]
[repack] proto=132 pc=433 accept existing FR2 slice [15,15]
[repack] proto=132 pc=437 skip FR2 arg shift for pre-shifted CALL(C=3) old=[11,12]
[repack] proto=132 pc=450 skip FR2 arg shift for CALL(C=3,B=1) cat-tail old=[11,12]
[repack] proto=132 pc=456 accept existing FR2 slice [14,14]
[repack] proto=132 pc=471 skip FR2 arg shift for CALL(C=3,B=1) cat-tail old=[11,12]
[repack] proto=132 pc=486 skip FR2 arg shift for CALL(C=3,B=1) cat-tail old=[11,12]
[repack] proto=132 pc=503 accept existing FR2 slice [13,13]
[repack] proto=132 pc=512 accept existing FR2 slice [14,14]
[repack] proto=132 pc=532 skip FR2 arg shift for CALL(C=3,B=1) cat-tail old=[14,15]
[repack] proto=132 pc=536 accept existing FR2 slice [8,8]
[repack] proto=132 pc=542 accept existing FR2 slice [13,15]
[repack] slice fail pc=543 interference-at=542 op=CALL reg=11 range=[10,11]
[repack] readonly slice retry fail pc=543 read-at=542 op=CALL reg=11 range=[10,11]
[repack] simple-local pick pc=538 op=MOV def=11 range=[10,11]
[repack] simple-local pick pc=492 op=SUBVN def=10 range=[10,11]
[repack] slice fail pc=543 interference-at=542 op=CALL reg=11 range=[11,12]
[repack] simple-local pick pc=538 op=MOV def=11 range=[11,12]
[repack] simple-local pick pc=505 op=TGETS def=12 range=[11,12]
[repack] proto=132 pc=543 accept existing FR2 slice [11,12]
[repack] proto=132 pc=548 accept existing FR2 slice: pre-shifted CALL(C=3) hole preserved old=[7,8] new=[8,9]
[repack] proto=132 pc=548 accept existing FR2 slice [8,9]
[repack] proto=132 pc=554 accept existing FR2 slice: pre-shifted CALL(C=3) hole preserved old=[7,8] new=[8,9]
[repack] proto=132 pc=554 accept existing FR2 slice [8,9]
[repack] proto=132 pc=594 accept existing FR2 slice [10,10]
[repack] proto=132 pc=599 accept existing FR2 slice [10,10]
[repack] proto=132 pc=607 accept existing FR2 slice [11,11]
[repack] proto=132 pc=616 accept existing FR2 slice [11,11]
[repack] proto=132 pc=629 skip FR2 arg shift for CALL(C=3,B=1) cat-tail old=[10,11]
[repack] proto=132 pc=633 accept existing FR2 slice [8,9]
[repack] proto=132 pc=639 accept existing FR2 slice [8,9]
[repack] proto=132 pc=649 accept existing FR2 slice [9,9]
[repack] proto=132 pc=654 accept existing FR2 slice [9,10]
[repack] proto=132 pc=664 accept existing FR2 slice [10,11]
[repack] proto=132 pc=668 accept existing FR2 slice [8,9]
[repack] proto=132 pc=674 accept existing FR2 slice [8,9]
[repack] proto=132 pc=685 accept existing FR2 slice [9,9]
[repack] slice fail pc=693 target-at=665 range=[10,11]
[repack] simple-local pick pc=692 op=KSHORT def=10 range=[10,11]
[repack] simple-local pick pc=661 op=MOV def=11 range=[10,11]
[repack] proto=132 pc=693 accept existing FR2 slice [10,11]
[repack] proto=132 pc=702 accept existing FR2 slice [11,14]
[repack] proto=132 pc=708 skip FR2 arg shift for CALL(C=3,B=1) cat-tail old=[10,11]
[repack] proto=132 pc=712 accept existing FR2 slice [8,9]
[repack] proto=132 pc=718 accept existing FR2 slice [8,8]
[repack] proto=132 pc=724 accept existing FR2 slice [8,9]
[repack] proto=132 pc=728 accept existing FR2 slice [9,10]
[repack] proto=132 pc=734 accept existing FR2 slice [9,10]
[repack] proto=132 pc=740 accept existing FR2 slice [11,11]
[repack] proto=132 pc=746 accept existing FR2 slice: pre-shifted CALL(C=3) hole preserved old=[9,10] new=[10,11]
[repack] proto=132 pc=746 accept existing FR2 slice [10,11]
[repack] proto=132 pc=753 accept existing FR2 slice [9,12]
[repack] proto=132 pc=757 accept existing FR2 slice [9,10]
[repack] proto=132 pc=765 accept existing FR2 slice [8,9]
[repack] proto=132 pc=771 accept existing FR2 slice [8,9]
[repack] proto=132 pc=777 accept existing FR2 slice [8,8]
[repack] proto=132 pc=783 accept existing FR2 slice [8,9]
[repack] proto=132 pc=787 accept existing FR2 slice [8,9]
[repack] proto=132 pc=793 accept existing FR2 slice [8,9]
[repack] proto=132 pc=798 accept existing FR2 slice [9,9]
[repack] proto=132 pc=803 accept existing FR2 slice [12,12]
[repack] slice fail pc=808 target-at=805 range=[17,18]
[repack] simple-local pick pc=807 op=MOV def=17 range=[17,18]
[repack] simple-local pick pc=525 op=MOV def=18 range=[17,18]
[repack] proto=132 pc=808 accept existing FR2 slice [17,18]
[repack] proto=132 pc=815 accept existing FR2 slice [17,18]
[repack] slice fail pc=825 target-at=805 range=[18,19]
[repack] simple-local pick pc=824 op=KSHORT def=18 range=[18,19]
[repack] simple-local pick pc=526 op=KSTR def=19 range=[18,19]
[repack] proto=132 pc=825 accept existing FR2 slice [18,19]
[repack] proto=132 pc=834 accept existing FR2 slice: pre-shifted CALL(C=3) hole preserved old=[11,12] new=[12,13]
[repack] proto=132 pc=834 accept existing FR2 slice [12,13]
[repack] proto=132 pc=853 accept existing FR2 slice [13,13]
[repack] slice fail pc=872 target-at=855 range=[18,19]
[repack] simple-local pick pc=871 op=TGETS def=18 range=[18,19]
[repack] simple-local pick pc=526 op=KSTR def=19 range=[18,19]
[repack] proto=132 pc=872 accept existing FR2 slice [18,19]
[repack] proto=132 pc=877 reject existing FR2 slice: stale new-first old=17(pc=875,MOV) new=18(pc=871,TGETS)
[repack] slice fail pc=878 interference-at=877 op=CALL reg=16 range=[15,16]
[repack] readonly slice retry fail pc=878 read-at=877 op=CALL reg=16 range=[15,16]
[repack] simple-local pick pc=876 op=TGETS def=16 range=[15,16]
[repack] simple-local pick pc=813 op=TGETS def=15 range=[15,16]
[repack] slice fail pc=878 interference-at=877 op=CALL reg=16 range=[16,17]
[repack] simple-local pick pc=876 op=TGETS def=16 range=[16,17]
[repack] simple-local pick pc=869 op=MOV def=17 range=[16,17]
[repack] proto=132 pc=878 accept existing FR2 slice [16,17]
[repack] proto=132 pc=885 reject existing FR2 slice: new-first writer matches old-second old=7(pc=882,MOV) old2=8(pc=884,KSTR) new=8(pc=884,KSTR)
[repack] proto=132 pc=898 skip FR2 arg shift for CALL(C=3,B=1) cat-tail old=[7,8]
[repack] proto=132 pc=909 skip FR2 arg shift for CALL(C=3,B=1) cat-tail old=[7,8]
[repack] proto=132 pc=920 skip FR2 arg shift for CALL(C=3,B=1) cat-tail old=[7,8]
[repack] proto=132 pc=935 skip FR2 arg shift for CALL(C=3,B=1) cat-tail old=[7,8]
[repack] proto=132 pc=950 skip FR2 arg shift for CALL(C=3,B=1) cat-tail old=[7,8]
[repack] proto=132 pc=961 skip FR2 arg shift for CALL(C=3,B=1) cat-tail old=[7,8]
[repack] proto=132 pc=972 skip FR2 arg shift for CALL(C=3,B=1) cat-tail old=[7,8]
[repack] proto=132 pc=983 skip FR2 arg shift for CALL(C=3,B=1) cat-tail old=[7,8]
[repack] proto=132 pc=994 skip FR2 arg shift for CALL(C=3,B=1) cat-tail old=[7,8]
[repack] proto=132 pc=1005 skip FR2 arg shift for CALL(C=3,B=1) cat-tail old=[7,8]
[repack] proto=132 pc=1016 skip FR2 arg shift for CALL(C=3,B=1) cat-tail old=[7,8]
[repack] proto=132 pc=1027 skip FR2 arg shift for CALL(C=3,B=1) cat-tail old=[7,8]
[repack] proto=132 pc=1041 skip FR2 arg shift for CALL(C=3,B=1) cat-tail old=[7,8]
[repack] proto=132 pc=1055 skip FR2 arg shift for CALL(C=3,B=1) cat-tail old=[7,8]
[repack] proto=132 pc=1069 skip FR2 arg shift for CALL(C=3,B=1) cat-tail old=[7,8]
[repack] proto=132 pc=1083 skip FR2 arg shift for CALL(C=3,B=1) cat-tail old=[7,8]
[repack] proto=132 pc=1097 skip FR2 arg shift for CALL(C=3,B=1) cat-tail old=[7,8]
[repack] proto=132 pc=1111 skip FR2 arg shift for CALL(C=3,B=1) cat-tail old=[7,8]
[repack] slice fail pc=1147 target-at=1144 range=[17,18]
[repack] simple-local pick pc=1146 op=MOV def=17 range=[17,18]
[repack] simple-local pick pc=875 op=MOV def=18 range=[17,18]
[repack] proto=132 pc=1147 accept existing FR2 slice [17,18]
[repack] proto=132 pc=1154 reject existing FR2 slice: proto132 GetBuff method self window old=[16,17] new=[17,18]
[repack] slice fail pc=1161 target-at=1144 range=[19,20]
[repack] simple-local pick pc=1160 op=SUBVV def=19 range=[19,20]
[repack] simple-local pick pc=527 op=MOV def=20 range=[19,20]
[repack] proto=132 pc=1161 accept existing FR2 slice [19,20]
[repack] slice fail pc=1169 target-at=1144 range=[19,20]
[repack] simple-local pick pc=1168 op=MOV def=19 range=[19,20]
[repack] simple-local pick pc=527 op=MOV def=20 range=[19,20]
[repack] proto=132 pc=1169 accept existing FR2 slice [19,20]
[repack] proto=132 pc=1183 skip FR2 arg shift for CALL(C=3,B=1) cat-tail old=[10,11]
[repack] proto=132 pc=1191 reject existing FR2 slice: new-first writer matches old-second old=8(pc=1188,MOV) old2=9(pc=1190,KSTR) new=9(pc=1190,KSTR)
[repack] proto=132 pc=1207 skip FR2 arg shift for CALL(C=3,B=1) cat-tail old=[8,9]
[repack] proto=132 pc=1214 accept existing FR2 slice [9,10]
[repack] proto=132 pc=1223 reject existing FR2 slice: new-first writer matches old-second old=8(pc=1220,MOV) old2=9(pc=1222,KSTR) new=9(pc=1222,KSTR)
[repack] proto=132 pc=1240 skip FR2 arg shift for CALL(C=3,B=1) cat-tail old=[8,9]
[repack] proto=132 pc=1249 reject existing FR2 slice: new-first writer matches old-second old=11(pc=1246,MOV) old2=12(pc=1248,KSTR) new=12(pc=1248,KSTR)
[repack] slice fail pc=1252 interference-at=1249 op=CALL reg=10 range=[10,11]
[repack] simple-local pick pc=1251 op=MULNV def=10 range=[10,11]
[repack] simple-local pick pc=1238 op=KSTR def=11 range=[10,11]
[repack] proto=132 pc=1252 accept existing FR2 slice [10,11]
[repack] slice fail pc=1254 interference-at=1252 op=CALL reg=8 range=[8,8]
[repack] readonly slice retry fail pc=1254 write-at=1252 op=CALL reg=8 range=[8,8]
[repack] simple-local pick pc=1253 op=SUBNV def=8 range=[8,8]
[repack] proto=132 pc=1260 reject existing FR2 slice: new-first writer matches old-second old=8(pc=1257,MOV) old2=9(pc=1259,KSTR) new=9(pc=1259,KSTR)
[repack] proto=132 pc=1267 skip FR2 arg shift for CALL(C=3,B=1) cat-tail old=[8,9]
[repack] proto=132 pc=1272 reject existing FR2 slice: new-first writer matches old-second old=8(pc=1269,MOV) old2=9(pc=1271,KSTR) new=9(pc=1271,KSTR)
[repack] proto=132 pc=1288 skip FR2 arg shift for CALL(C=3,B=1) cat-tail old=[8,9]
[repack] proto=132 pc=1294 reject existing FR2 slice: new-first writer matches old-second old=8(pc=1291,MOV) old2=9(pc=1293,KSTR) new=9(pc=1293,KSTR)
[repack] proto=132 pc=1301 reject existing FR2 slice: new-first writer matches old-second old=8(pc=1298,MOV) old2=9(pc=1300,KSTR) new=9(pc=1300,KSTR)
[repack] proto=132 pc=1312 accept existing FR2 slice [9,10]
[repack] proto=132 pc=1317 reject existing FR2 slice: new-first writer matches old-second old=8(pc=1314,MOV) old2=9(pc=1316,KSTR) new=9(pc=1316,KSTR)
[repack] proto=132 pc=1355 reject existing FR2 slice: new-first writer matches old-second old=13(pc=1350,MOV) old2=14(pc=1352,KSTR) new=14(pc=1352,KSTR)
[repack] proto=132 pc=1361 reject existing FR2 slice: new-first writer matches old-second old=13(pc=1356,MOV) old2=14(pc=1358,KSTR) new=14(pc=1358,KSTR)
[repack] proto=132 pc=305 apply proto132 BeforeRoleAction min C3 fix arg chain A7/A8 -> A8/A9
[repack] proto=132 pc=1161 apply proto132 BeforeRoleAction max C3 fix arg chain A18/A19 -> A19/A20
[repack] proto=132 pc=1147 apply proto132 BeforeRoleAction HasBuff self fix A16/A17 -> A17/A18
[repack] proto=132 pc=1169 apply proto132 BeforeRoleAction DeleteBuff self fix A18/A19 -> A19/A20
[repack] proto=132 pc=1183 apply proto132 BeforeRoleAction bf.Log long self fix A10..A15 -> A11..A16
[repack] proto=132 pc=1207 apply proto132 BeforeRoleAction bf.Log short self fix A8..A11 -> A9..A12
[repack] proto=132 pc=1240 apply proto132 BeforeRoleAction bf.Log short self fix A8..A11 -> A9..A12
[repack] proto=132 pc=1267 apply proto132 BeforeRoleAction bf.Log short self fix A8..A10 -> A9..A11
[repack] proto=132 pc=1288 apply proto132 BeforeRoleAction bf.Log short self fix A8..A11 -> A9..A12
[repack] proto=133 pc=11 reject existing FR2 slice: new-first writer matches old-second old=11(pc=8,MOV) old2=12(pc=10,KSTR) new=12(pc=10,KSTR)
[repack] proto=133 pc=25 call-selfdef helper enter consumer=CALL producer=TGETS self=SUBVV producer_b=1 consumer_span=2 producer_c=8
[repack] proto=133 pc=25 call-method-basecopy helper enter consumer=CALL producer=SUBVV producer_b=11 consumer_span=2 producer_c=12
[repack] proto=133 pc=25 call-chain helper enter consumer=CALL producer=SUBVV producer_b=11 consumer_span=2 producer_c=12
[repack] proto=133 pc=25 copy-fallback reason=target-touch-fail insert_pc=25 count=1 range=[11,11]->[12,12] deferred=0
[rebuild] proto=133 insert_pc=25 old_proto_total=524 new_proto_total=528 old_payload=522 new_payload=526 debug_drop=143
[repack] proto=133 pc=2 accept existing FR2 slice [7,7]
[repack] proto=133 pc=11 accept existing FR2 slice [12,13]
[repack] proto=133 pc=17 accept existing FR2 slice [12,12]
[repack] proto=133 pc=26 accept existing FR2 slice [12,12]
[repack] proto=133 pc=32 call-selfdef helper enter consumer=CALL producer=TGETS self=SUBVV producer_b=1 consumer_span=2 producer_c=9
[repack] proto=133 pc=32 call-method-basecopy helper enter consumer=CALL producer=SUBVV producer_b=12 consumer_span=2 producer_c=13
[repack] proto=133 pc=32 call-chain helper enter consumer=CALL producer=SUBVV producer_b=12 consumer_span=2 producer_c=13
[repack] proto=133 pc=32 copy-fallback reason=target-touch-fail insert_pc=32 count=1 range=[12,12]->[13,13] deferred=0
[rebuild] proto=133 insert_pc=32 old_proto_total=528 new_proto_total=532 old_payload=526 new_payload=530 debug_drop=143
[repack] proto=133 pc=2 accept existing FR2 slice [7,7]
[repack] proto=133 pc=11 accept existing FR2 slice [12,13]
[repack] proto=133 pc=17 accept existing FR2 slice [12,12]
[repack] proto=133 pc=26 accept existing FR2 slice [12,12]
[repack] proto=133 pc=33 accept existing FR2 slice [13,13]
[repack] proto=133 pc=43 reject existing FR2 slice: new-first writer matches old-second old=11(pc=38,MOV) old2=12(pc=40,KSTR) new=12(pc=40,KSTR)
[repack] proto=133 pc=51 skip FR2 arg shift for CALL(C=3,B=1) cat-tail old=[11,12]
[repack] proto=134 pc=3 reject existing FR2 slice: new-first writer matches old-second old=6(pc=0,MOV) old2=7(pc=2,KSTR) new=7(pc=2,KSTR)
[repack] proto=134 pc=23 call-selfdef helper enter consumer=CALL producer=TGETS self=SUBVV producer_b=1 consumer_span=2 producer_c=8
[repack] proto=134 pc=23 call-method-basecopy helper enter consumer=CALL producer=SUBVV producer_b=14 consumer_span=2 producer_c=15
[repack] proto=134 pc=23 call-chain helper enter consumer=CALL producer=SUBVV producer_b=14 consumer_span=2 producer_c=15
[repack] proto=134 pc=23 copy-fallback reason=target-touch-fail insert_pc=23 count=1 range=[14,14]->[15,15] deferred=0
[rebuild] proto=134 insert_pc=23 old_proto_total=664 new_proto_total=668 old_payload=662 new_payload=666 debug_drop=188
[repack] proto=134 pc=3 accept existing FR2 slice [7,8]
[repack] proto=134 pc=10 accept existing FR2 slice [9,9]
[repack] proto=134 pc=24 accept existing FR2 slice [15,15]
[repack] proto=134 pc=30 call-selfdef helper enter consumer=CALL producer=TGETS self=SUBVV producer_b=1 consumer_span=2 producer_c=9
[repack] proto=134 pc=30 call-method-basecopy helper enter consumer=CALL producer=SUBVV producer_b=15 consumer_span=2 producer_c=16
[repack] proto=134 pc=30 call-chain helper enter consumer=CALL producer=SUBVV producer_b=15 consumer_span=2 producer_c=16
[repack] proto=134 pc=30 copy-fallback reason=target-touch-fail insert_pc=30 count=1 range=[15,15]->[16,16] deferred=0
[rebuild] proto=134 insert_pc=30 old_proto_total=668 new_proto_total=672 old_payload=666 new_payload=670 debug_drop=188
[repack] proto=134 pc=3 accept existing FR2 slice [7,8]
[repack] proto=134 pc=10 accept existing FR2 slice [9,9]
[repack] proto=134 pc=24 accept existing FR2 slice [15,15]
[repack] proto=134 pc=31 accept existing FR2 slice [16,16]
[repack] slice fail pc=51 unresolved reg=10 range=[9,10]
[repack] simple-local pick pc=50 op=LEN def=9 range=[9,10]
[repack] simple-local missing reg=10 range=[9,10]
[repack] proto=134 pc=73 skip FR2 arg shift for CALL(C=3,B=1) cat-tail old=[9,10]
[repack] proto=135 pc=19 skip FR2 arg shift for CALL(C=3,B=1) cat-tail old=[6,7]
[repack] proto=136 pc=5 reject existing FR2 slice: first-arg seed old=6(pc=2,TGETS) new=7(pc=3,KSHORT)
[repack] proto=136 pc=28 reject existing FR2 slice: new-first writer matches old-second old=7(pc=25,MOV) old2=8(pc=27,KSTR) new=8(pc=27,KSTR)
[repack] proto=136 pc=34 reject existing FR2 slice: new-first writer matches old-second old=7(pc=31,MOV) old2=8(pc=33,KSTR) new=8(pc=33,KSTR)
[repack] proto=136 pc=45 reject existing FR2 slice: new-first writer matches old-second old=7(pc=40,MOV) old2=8(pc=42,KSTR) new=8(pc=42,KSTR)
[repack] proto=136 pc=49 reject existing FR2 slice: new-first writer matches old-second old=7(pc=46,MOV) old2=8(pc=48,KSTR) new=8(pc=48,KSTR)
[repack] proto=136 pc=60 reject existing FR2 slice: new-first writer matches old-second old=7(pc=57,MOV) old2=8(pc=59,KSTR) new=8(pc=59,KSTR)
[repack] proto=136 pc=71 skip FR2 arg shift for CALL(C=3,B=1) cat-tail old=[7,8]
[repack] proto=137 pc=6 reject existing FR2 slice: new-first writer matches old-second old=6(pc=3,MOV) old2=7(pc=5,KSTR) new=7(pc=5,KSTR)
[repack] proto=137 pc=12 reject existing FR2 slice: new-first writer matches old-second old=6(pc=9,MOV) old2=7(pc=11,KSTR) new=7(pc=11,KSTR)
[repack] proto=137 pc=18 reject existing FR2 slice: stale new-first old=7(pc=16,MOV) new=8(pc=11,KSTR)
[repack] proto=138 pc=14 reject existing FR2 slice: new-first writer matches old-second old=7(pc=11,MOV) old2=8(pc=13,KSTR) new=8(pc=13,KSTR)
[repack] slice fail pc=22 unresolved reg=10 range=[9,10]
[repack] simple-local pick pc=21 op=KSHORT def=9 range=[9,10]
[repack] simple-local missing reg=10 range=[9,10]
[repack] proto=138 pc=29 accept existing FR2 slice [9,10]
[repack] proto=138 pc=33 reject existing FR2 slice: stale new-first old=8(pc=31,MOV) new=9(pc=28,KSHORT)
[repack] proto=138 pc=40 reject existing FR2 slice: new-first writer matches old-second old=8(pc=35,MOV) old2=9(pc=37,KSTR) new=9(pc=37,KSTR)
[repack] proto=138 pc=48 skip FR2 arg shift for CALL(C=3,B=1) cat-tail old=[8,9]
[repack] proto=138 pc=122 reject existing FR2 slice: new-first writer matches old-second old=9(pc=119,MOV) old2=10(pc=121,KSTR) new=10(pc=121,KSTR)
[repack] proto=138 pc=131 accept existing FR2 slice [10,11]
[repack] proto=138 pc=135 reject existing FR2 slice: stale new-first old=9(pc=133,MOV) new=10(pc=130,KSHORT)
[repack] proto=138 pc=142 reject existing FR2 slice: new-first writer matches old-second old=9(pc=137,MOV) old2=10(pc=139,KSTR) new=10(pc=139,KSTR)
[repack] proto=138 pc=150 skip FR2 arg shift for CALL(C=3,B=1) cat-tail old=[9,10]
[repack] proto=139 pc=19 reject existing FR2 slice: new-first writer matches old-second old=7(pc=12,MOV) old2=8(pc=16,CAT) new=8(pc=16,CAT)
[repack] proto=140 pc=11 reject existing FR2 slice: first-arg seed old=7(pc=8,TGETS) new=8(pc=9,KSHORT)
[repack] proto=140 pc=27 reject existing FR2 slice: new-first writer matches old-second old=7(pc=24,MOV) old2=8(pc=26,KSTR) new=8(pc=26,KSTR)
[repack] proto=140 pc=35 accept existing FR2 slice [9,10]
[repack] proto=140 pc=42 accept existing FR2 slice [9,10]
[repack] proto=140 pc=46 reject existing FR2 slice: stale new-first old=8(pc=44,MOV) new=9(pc=41,KSHORT)
[repack] proto=140 pc=53 reject existing FR2 slice: new-first writer matches old-second old=8(pc=48,MOV) old2=9(pc=50,KSTR) new=9(pc=50,KSTR)
[repack] proto=140 pc=61 skip FR2 arg shift for CALL(C=3,B=1) cat-tail old=[8,9]
[repack] proto=140 pc=65 reject existing FR2 slice: new-first writer matches old-second old=8(pc=62,MOV) old2=9(pc=64,KSTR) new=9(pc=64,KSTR)
[repack] slice fail pc=80 interference-at=60 op=CAT reg=11 range=[10,11]
[repack] simple-local pick pc=79 op=KSHORT def=10 range=[10,11]
[repack] simple-local pick pc=59 op=KSTR def=11 range=[10,11]
[repack] proto=140 pc=80 accept existing FR2 slice [10,11]
[repack] proto=140 pc=88 reject existing FR2 slice: new-first writer matches old-second old=10(pc=83,MOV) old2=11(pc=85,KSTR) new=11(pc=85,KSTR)
[repack] proto=140 pc=97 reject existing FR2 slice: new-first writer matches old-second old=10(pc=92,MOV) old2=11(pc=94,KSTR) new=11(pc=94,KSTR)
[repack] proto=140 pc=106 reject existing FR2 slice: new-first writer matches old-second old=10(pc=101,MOV) old2=11(pc=103,KSTR) new=11(pc=103,KSTR)
[repack] proto=140 pc=115 reject existing FR2 slice: new-first writer matches old-second old=10(pc=110,MOV) old2=11(pc=112,KSTR) new=11(pc=112,KSTR)
[repack] proto=140 pc=124 reject existing FR2 slice: new-first writer matches old-second old=10(pc=119,MOV) old2=11(pc=121,KSTR) new=11(pc=121,KSTR)
[repack] proto=140 pc=127 reject existing FR2 slice: stale new-first old=10(pc=125,MOV) new=11(pc=119,MOV)
[repack] slice fail pc=29 unresolved reg=11 range=[10,11]
[repack] simple-local pick pc=28 op=LEN def=10 range=[10,11]
[repack] simple-local missing reg=11 range=[10,11]
[repack] slice fail pc=39 unresolved reg=13 range=[12,13]
[repack] simple-local pick pc=38 op=MOV def=12 range=[12,13]
[repack] simple-local missing reg=13 range=[12,13]
[repack] proto=141 pc=51 reject existing FR2 slice: generic new-first matches old-second old=12(pc=46,MOV) old2=13(pc=48,MOV) new=13(pc=48,MOV)
[repack] proto=141 pc=61 skip FR2 arg shift for CALL(C=3,B=1) cat-tail old=[12,13]
[repack] proto=142 pc=30 skip FR2 arg shift for CALL(C=3,B=1) tgetv-tail old=[12,13]
[repack] slice fail pc=40 unresolved reg=10 range=[9,10]
[repack] simple-local pick pc=39 op=LEN def=9 range=[9,10]
[repack] simple-local missing reg=10 range=[9,10]
[repack] proto=142 pc=50 call-selfdef helper enter consumer=CALL producer=TGETS self=MULVV producer_b=1 consumer_span=2 producer_c=12
[repack] proto=142 pc=50 call-method-basecopy helper enter consumer=CALL producer=MULVV producer_b=10 consumer_span=2 producer_c=11
[repack] proto=142 pc=50 call-chain helper enter consumer=CALL producer=MULVV producer_b=10 consumer_span=2 producer_c=11
[repack] proto=142 pc=50 copy-fallback reason=target-touch-fail insert_pc=50 count=1 range=[10,10]->[11,11] deferred=0
[rebuild] proto=142 insert_pc=50 old_proto_total=733 new_proto_total=737 old_payload=731 new_payload=735 debug_drop=207
[repack] proto=142 pc=30 skip FR2 arg shift for CALL(C=3,B=1) tgetv-tail old=[12,13]
[repack] proto=142 pc=40 accept existing FR2 slice [9,10]
[repack] proto=142 pc=51 accept existing FR2 slice [11,11]
[repack] slice fail pc=57 target-at=32 range=[12,13]
[repack] simple-local pick pc=56 op=ADDVV def=12 range=[12,13]
[repack] simple-local pick pc=29 op=TGETV def=13 range=[12,13]
[repack] proto=142 pc=57 accept existing FR2 slice [12,13]
[repack] proto=142 pc=70 skip FR2 arg shift for CALL(C=3,B=1) cat-tail old=[11,12]
[repack] slice fail pc=74 interference-at=69 op=CAT reg=13 range=[12,13]
[repack] simple-local pick pc=73 op=TGETS def=12 range=[12,13]
[repack] simple-local pick pc=63 op=TGETS def=13 range=[12,13]
[repack] proto=142 pc=74 accept existing FR2 slice [12,13]
[repack] proto=143 pc=18 skip FR2 arg shift for CALL(C=3,B=1) cat-tail old=[7,8]
[repack] proto=143 pc=30 reject existing FR2 slice: new-first writer matches old-second old=12(pc=27,MOV) old2=13(pc=29,KSTR) new=13(pc=29,KSTR)
[repack] proto=143 pc=38 reject existing FR2 slice: new-first writer matches old-second old=13(pc=33,MOV) old2=14(pc=35,KSTR) new=14(pc=35,KSTR)
[repack] proto=144 pc=16 call-selfdef helper enter consumer=CALL producer=TGETS self=SUBVV producer_b=1 consumer_span=2 producer_c=7
[repack] proto=144 pc=16 call-method-basecopy helper enter consumer=CALL producer=SUBVV producer_b=7 consumer_span=2 producer_c=8
[repack] proto=144 pc=16 call-chain helper enter consumer=CALL producer=SUBVV producer_b=7 consumer_span=2 producer_c=8
[repack] proto=144 pc=16 copy-fallback reason=target-touch-fail insert_pc=16 count=1 range=[7,7]->[8,8] deferred=0
[rebuild] proto=144 insert_pc=16 old_proto_total=1000 new_proto_total=1004 old_payload=998 new_payload=1002 debug_drop=246
[repack] proto=144 pc=17 accept existing FR2 slice [8,8]
[repack] slice fail pc=44 unresolved reg=12 range=[11,12]
[repack] simple-local pick pc=43 op=MULVN def=11 range=[11,12]
[repack] simple-local missing reg=12 range=[11,12]
[repack] proto=144 pc=49 reject existing FR2 slice: new-first writer matches old-second old=11(pc=46,MOV) old2=12(pc=48,KSTR) new=12(pc=48,KSTR)
[repack] proto=144 pc=68 reject existing FR2 slice: new-first writer matches old-second old=11(pc=61,MOV) old2=12(pc=65,CAT) new=12(pc=65,CAT)
[repack] proto=144 pc=78 skip FR2 arg shift for CALL(C=3,B=1) cat-tail old=[11,12]
[repack] proto=144 pc=83 reject existing FR2 slice: new-first writer matches old-second old=10(pc=80,MOV) old2=11(pc=82,KSTR) new=11(pc=82,KSTR)
[repack] proto=144 pc=95 accept existing FR2 slice [11,12]
[repack] proto=144 pc=100 reject existing FR2 slice: new-first writer matches old-second old=11(pc=97,MOV) old2=12(pc=99,KSTR) new=12(pc=99,KSTR)
[repack] proto=144 pc=119 reject existing FR2 slice: new-first writer matches old-second old=11(pc=112,MOV) old2=12(pc=116,CAT) new=12(pc=116,CAT)
[repack] proto=144 pc=129 skip FR2 arg shift for CALL(C=3,B=1) cat-tail old=[11,12]
[repack] proto=145 pc=20 skip FR2 arg shift for CALL(C=3,B=1) cat-tail old=[6,7]
[repack] proto=145 pc=24 reject existing FR2 slice: new-first writer matches old-second old=6(pc=21,MOV) old2=7(pc=23,KSTR) new=7(pc=23,KSTR)
[repack] proto=145 pc=32 reject existing FR2 slice: new-first writer matches old-second old=7(pc=27,MOV) old2=8(pc=29,KSTR) new=8(pc=29,KSTR)
[repack] slice fail pc=45 target-at=34 range=[8,9]
[repack] simple-local pick pc=44 op=TGETS def=8 range=[8,9]
[repack] simple-local pick pc=29 op=KSTR def=9 range=[8,9]
[repack] proto=145 pc=45 accept existing FR2 slice [8,9]
[repack] proto=145 pc=49 reject existing FR2 slice: stale new-first old=7(pc=47,MOV) new=8(pc=44,TGETS)
[repack] slice fail pc=55 target-at=34 range=[8,9]
[repack] simple-local pick pc=54 op=TGETS def=8 range=[8,9]
[repack] simple-local pick pc=29 op=KSTR def=9 range=[8,9]
[repack] proto=145 pc=55 accept existing FR2 slice [8,9]
[repack] proto=145 pc=64 skip FR2 arg shift for CALL(C=3,B=1) cat-tail old=[7,8]
[repack] proto=145 pc=68 reject existing FR2 slice: new-first writer matches old-second old=7(pc=65,MOV) old2=8(pc=67,KSTR) new=8(pc=67,KSTR)
[repack] proto=145 pc=77 reject existing FR2 slice: new-first writer matches old-second old=7(pc=72,MOV) old2=8(pc=74,KSTR) new=8(pc=74,KSTR)
[repack] slice fail pc=86 target-at=79 range=[8,9]
[repack] simple-local pick pc=85 op=TGETS def=8 range=[8,9]
[repack] simple-local pick pc=74 op=KSTR def=9 range=[8,9]
[repack] proto=145 pc=86 accept existing FR2 slice [8,9]
[repack] proto=145 pc=90 reject existing FR2 slice: stale new-first old=7(pc=88,MOV) new=8(pc=85,TGETS)
[repack] proto=146 pc=18 reject existing FR2 slice: new-first writer matches old-second old=7(pc=11,MOV) old2=8(pc=15,CAT) new=8(pc=15,CAT)
[repack] proto=146 pc=33 skip FR2 arg shift for CALL(C=3,B=1) cat-tail old=[7,8]
[repack] proto=147 pc=17 call-selfdef helper enter consumer=CALL producer=TGETS self=SUBVV producer_b=11 consumer_span=2 producer_c=5
[repack] proto=147 pc=17 call-method-basecopy helper enter consumer=CALL producer=SUBVV producer_b=13 consumer_span=2 producer_c=14
[repack] proto=147 pc=17 call-chain helper enter consumer=CALL producer=SUBVV producer_b=13 consumer_span=2 producer_c=14
[repack] proto=147 pc=17 copy-fallback reason=target-touch-fail insert_pc=17 count=1 range=[13,13]->[14,14] deferred=0
[rebuild] proto=147 insert_pc=17 old_proto_total=394 new_proto_total=398 old_payload=392 new_payload=396 debug_drop=171
[repack] proto=147 pc=6 accept existing FR2 slice [9,9]
[repack] proto=147 pc=18 accept existing FR2 slice [14,14]
[repack] proto=147 pc=24 call-selfdef helper enter consumer=CALL producer=TGETS self=SUBVV producer_b=11 consumer_span=2 producer_c=6
[repack] proto=147 pc=24 call-method-basecopy helper enter consumer=CALL producer=SUBVV producer_b=14 consumer_span=2 producer_c=15
[repack] proto=147 pc=24 call-chain helper enter consumer=CALL producer=SUBVV producer_b=14 consumer_span=2 producer_c=15
[repack] proto=147 pc=24 copy-fallback reason=target-touch-fail insert_pc=24 count=1 range=[14,14]->[15,15] deferred=0
[rebuild] proto=147 insert_pc=24 old_proto_total=398 new_proto_total=402 old_payload=396 new_payload=400 debug_drop=171
[repack] proto=147 pc=6 accept existing FR2 slice [9,9]
[repack] proto=147 pc=18 accept existing FR2 slice [14,14]
[repack] proto=147 pc=25 accept existing FR2 slice [15,15]
[repack] proto=147 pc=41 reject existing FR2 slice: generic new-first matches old-second old=8(pc=35,MOV) old2=9(pc=37,MOV) new=9(pc=37,MOV)
[repack] proto=148 pc=44 reject existing FR2 slice: new-first writer matches old-second old=12(pc=37,MOV) old2=13(pc=41,CAT) new=13(pc=41,CAT)
[repack] proto=150 pc=34 skip FR2 arg shift for CALL(C=3,B=1) cat-tail old=[10,11]
[repack] proto=151 pc=27 reject existing FR2 slice: new-first writer matches old-second old=8(pc=24,MOV) old2=9(pc=26,KSTR) new=9(pc=26,KSTR)
[repack] slice fail pc=38 unresolved reg=11 range=[10,11]
[repack] simple-local pick pc=37 op=KSHORT def=10 range=[10,11]
[repack] simple-local missing reg=11 range=[10,11]
[repack] proto=151 pc=42 reject existing FR2 slice: stale new-first old=9(pc=40,MOV) new=10(pc=36,ADDVN)
[repack] proto=151 pc=49 reject existing FR2 slice: new-first writer matches old-second old=9(pc=44,MOV) old2=10(pc=46,KSTR) new=10(pc=46,KSTR)
[repack] proto=151 pc=67 skip FR2 arg shift for CALL(C=3,B=1) cat-tail old=[9,10]
[repack] proto=151 pc=67 apply proto151 BeforeSkillAnimation shuangbingqi bf.Log self/message fix A9..A12 -> A10..A13
[repack] slice fail pc=9 unresolved reg=8 range=[7,8]
[repack] simple-local pick pc=8 op=MULVN def=7 range=[7,8]
[repack] simple-local missing reg=8 range=[7,8]
[repack] proto=152 pc=15 reject existing FR2 slice: stale new-first old=6(pc=13,MOV) new=7(pc=3,MOV)
[repack] slice fail pc=30 target-at=16 range=[7,8]
[repack] simple-local pick pc=29 op=KSHORT def=7 range=[7,8]
[repack] simple-local pick pc=8 op=MULVN def=8 range=[7,8]
[repack] proto=152 pc=30 accept existing FR2 slice [7,8]
[repack] proto=152 pc=40 reject existing FR2 slice: new-first writer matches old-second old=8(pc=37,MOV) old2=9(pc=39,KSTR) new=9(pc=39,KSTR)
[repack] slice fail pc=52 unresolved reg=13 range=[12,13]
[repack] simple-local pick pc=51 op=KSHORT def=12 range=[12,13]
[repack] simple-local missing reg=13 range=[12,13]
[repack] slice fail pc=55 unresolved reg=11 range=[10,11]
[repack] simple-local pick pc=54 op=KSHORT def=10 range=[10,11]
[repack] simple-local missing reg=11 range=[10,11]
[repack] slice fail pc=55 interference-at=52 op=CALL reg=10 range=[9,10]
[repack] readonly slice retry fail pc=55 write-at=52 op=CALL reg=10 range=[9,10]
[repack] simple-local pick pc=54 op=KSHORT def=10 range=[9,10]
[repack] simple-local pick pc=53 op=ADDVV def=9 range=[9,10]
[repack] slice fail pc=65 unresolved reg=14 range=[13,14]
[repack] simple-local pick pc=64 op=KSHORT def=13 range=[13,14]
[repack] simple-local missing reg=14 range=[13,14]
[repack] proto=152 pc=67 reject existing FR2 slice: new-first writer matches old-second old=9(pc=58,MOV) old2=10(pc=60,KSTR) new=10(pc=60,KSTR)
[repack] slice fail pc=67 interference-at=65 op=CALL reg=11 range=[9,12]
[repack] readonly slice retry fail pc=67 write-at=65 op=CALL reg=11 range=[9,12]
[repack] simple-local pick pc=66 op=KSHORT def=12 range=[9,12]
[repack] simple-local pick pc=62 op=TGETS def=11 range=[9,12]
[repack] simple-local pick pc=60 op=KSTR def=10 range=[9,12]
[repack] simple-local pick pc=58 op=MOV def=9 range=[9,12]
[repack] simple-local reject pc=67 reg=11 nearest=65(CALL) not-selected range=[9,12]
[repack] proto=152 pc=67 reject existing FR2 slice: new-first writer matches old-second old=9(pc=58,MOV) old2=10(pc=60,KSTR) new=10(pc=60,KSTR)
[repack] proto=152 pc=67 call-selfdef helper enter consumer=CALL producer=CALL self=KSHORT producer_b=2 consumer_span=5 producer_c=3
[repack] proto=152 pc=67 call-method-basecopy helper enter consumer=CALL producer=KSHORT producer_b=0 consumer_span=5 producer_c=5
[repack] proto=152 pc=67 call-chain helper enter consumer=CALL producer=KSHORT producer_b=0 consumer_span=5 producer_c=5
[repack] proto=152 pc=67 copy-fallback keep legacy-overlap reason=slice-select-fail old=[9,12] new=[10,13] base=8 nargs=4 b=1
[repack] proto=152 pc=67 copy-fallback reason=slice-select-fail insert_pc=67 count=4 range=[9,12]->[10,13] deferred=0
[rebuild] proto=152 insert_pc=67 old_proto_total=1175 new_proto_total=1191 old_payload=1173 new_payload=1189 debug_drop=248
[repack] proto=152 pc=9 accept existing FR2 slice [7,8]
[repack] proto=152 pc=15 accept existing FR2 slice [7,7]
[repack] slice fail pc=30 target-at=16 range=[7,8]
[repack] simple-local pick pc=29 op=KSHORT def=7 range=[7,8]
[repack] simple-local pick pc=8 op=MULVN def=8 range=[7,8]
[repack] proto=152 pc=30 accept existing FR2 slice [7,8]
[repack] proto=152 pc=40 accept existing FR2 slice [9,10]
[repack] proto=152 pc=52 accept existing FR2 slice [12,13]
[repack] slice fail pc=55 unresolved reg=11 range=[10,11]
[repack] simple-local pick pc=54 op=KSHORT def=11 range=[10,11]
[repack] simple-local pick pc=53 op=ADDVV def=10 range=[10,11]
[repack] proto=152 pc=55 accept existing FR2 slice [10,11]
[repack] proto=152 pc=65 accept existing FR2 slice [13,14]
[repack] slice fail pc=71 interference-at=65 op=CALL reg=11 range=[10,13]
[repack] simple-local pick pc=70 op=MOV def=10 range=[10,13]
[repack] simple-local pick pc=69 op=MOV def=11 range=[10,13]
[repack] simple-local pick pc=68 op=MOV def=12 range=[10,13]
[repack] simple-local pick pc=67 op=MOV def=13 range=[10,13]
[repack] proto=152 pc=71 accept existing FR2 slice [10,13]
[repack] slice fail pc=83 target-at=81 range=[10,10]
[repack] simple-local pick pc=70 op=MOV def=10 range=[10,10]
[repack] proto=152 pc=83 accept existing FR2 slice [10,10]
[repack] slice fail pc=94 target-at=85 range=[7,8]
[repack] simple-local pick pc=93 op=KSHORT def=7 range=[7,8]
[repack] simple-local pick pc=82 op=TGETS def=8 range=[7,8]
[repack] proto=152 pc=94 accept existing FR2 slice [7,8]
[repack] slice fail pc=99 target-at=85 range=[8,9]
[repack] simple-local pick pc=98 op=KSHORT def=8 range=[8,9]
[repack] simple-local pick pc=81 op=MOV def=9 range=[8,9]
[repack] proto=152 pc=99 accept existing FR2 slice [8,9]
[repack] proto=152 pc=112 skip FR2 arg shift for CALL(C=3,B=1) cat-tail old=[7,8]
[repack] slice fail pc=121 target-at=85 range=[11,12]
[repack] simple-local pick pc=120 op=KSHORT def=11 range=[11,12]
[repack] simple-local pick pc=68 op=MOV def=12 range=[11,12]
[repack] proto=152 pc=121 accept existing FR2 slice [11,12]
[repack] proto=152 pc=123 reject existing FR2 slice: new-first writer matches old-second old=7(pc=114,MOV) old2=8(pc=116,KSTR) new=8(pc=116,KSTR)
[repack] slice fail pc=123 interference-at=121 op=CALL reg=9 range=[7,10]
[repack] readonly slice retry fail pc=123 write-at=121 op=CALL reg=9 range=[7,10]
[repack] simple-local pick pc=122 op=KSHORT def=10 range=[7,10]
[repack] simple-local pick pc=118 op=TGETS def=9 range=[7,10]
[repack] simple-local pick pc=116 op=KSTR def=8 range=[7,10]
[repack] simple-local pick pc=114 op=MOV def=7 range=[7,10]
[repack] simple-local reject pc=123 reg=9 nearest=121(CALL) not-selected range=[7,10]
[repack] proto=152 pc=123 reject existing FR2 slice: new-first writer matches old-second old=7(pc=114,MOV) old2=8(pc=116,KSTR) new=8(pc=116,KSTR)
[repack] proto=152 pc=123 call-selfdef helper enter consumer=CALL producer=CALL self=KSHORT producer_b=2 consumer_span=5 producer_c=3
[repack] proto=152 pc=123 call-method-basecopy helper enter consumer=CALL producer=KSHORT producer_b=0 consumer_span=5 producer_c=5
[repack] slice fail pc=123 interference-at=121 op=CALL reg=9 range=[7,9]
[repack] readonly slice retry fail pc=123 write-at=121 op=CALL reg=9 range=[7,9]
[repack] simple-local pick pc=118 op=TGETS def=9 range=[7,9]
[repack] simple-local pick pc=116 op=KSTR def=8 range=[7,9]
[repack] simple-local pick pc=114 op=MOV def=7 range=[7,9]
[repack] simple-local reject pc=123 reg=9 nearest=121(CALL) not-selected range=[7,9]
[repack] proto=152 pc=123 call-intermediate-producer slice reject blocker_pc=121 op=CALL reg=9 producer_pc=52
[repack] proto=152 pc=123 call-chain helper enter consumer=CALL producer=KSHORT producer_b=0 consumer_span=5 producer_c=5
[repack] proto=152 pc=123 copy-fallback keep legacy-overlap reason=slice-select-fail old=[7,10] new=[8,11] base=6 nargs=4 b=1
[repack] proto=152 pc=123 copy-fallback reason=slice-select-fail insert_pc=123 count=4 range=[7,10]->[8,11] deferred=0
[rebuild] proto=152 insert_pc=123 old_proto_total=1191 new_proto_total=1207 old_payload=1189 new_payload=1205 debug_drop=248
[repack] proto=152 pc=9 accept existing FR2 slice [7,8]
[repack] proto=152 pc=15 accept existing FR2 slice [7,7]
[repack] slice fail pc=30 target-at=16 range=[7,8]
[repack] simple-local pick pc=29 op=KSHORT def=7 range=[7,8]
[repack] simple-local pick pc=8 op=MULVN def=8 range=[7,8]
[repack] proto=152 pc=30 accept existing FR2 slice [7,8]
[repack] proto=152 pc=40 accept existing FR2 slice [9,10]
[repack] proto=152 pc=52 accept existing FR2 slice [12,13]
[repack] slice fail pc=55 unresolved reg=11 range=[10,11]
[repack] simple-local pick pc=54 op=KSHORT def=11 range=[10,11]
[repack] simple-local pick pc=53 op=ADDVV def=10 range=[10,11]
[repack] proto=152 pc=55 accept existing FR2 slice [10,11]
[repack] proto=152 pc=65 accept existing FR2 slice [13,14]
[repack] slice fail pc=71 interference-at=65 op=CALL reg=11 range=[10,13]
[repack] simple-local pick pc=70 op=MOV def=10 range=[10,13]
[repack] simple-local pick pc=69 op=MOV def=11 range=[10,13]
[repack] simple-local pick pc=68 op=MOV def=12 range=[10,13]
[repack] simple-local pick pc=67 op=MOV def=13 range=[10,13]
[repack] proto=152 pc=71 accept existing FR2 slice [10,13]
[repack] slice fail pc=83 target-at=81 range=[10,10]
[repack] simple-local pick pc=70 op=MOV def=10 range=[10,10]
[repack] proto=152 pc=83 accept existing FR2 slice [10,10]
[repack] slice fail pc=94 target-at=85 range=[7,8]
[repack] simple-local pick pc=93 op=KSHORT def=7 range=[7,8]
[repack] simple-local pick pc=82 op=TGETS def=8 range=[7,8]
[repack] proto=152 pc=94 accept existing FR2 slice [7,8]
[repack] slice fail pc=99 target-at=85 range=[8,9]
[repack] simple-local pick pc=98 op=KSHORT def=8 range=[8,9]
[repack] simple-local pick pc=81 op=MOV def=9 range=[8,9]
[repack] proto=152 pc=99 accept existing FR2 slice [8,9]
[repack] proto=152 pc=104 accept existing FR2 slice [8,8]
[repack] proto=152 pc=112 skip FR2 arg shift for CALL(C=3,B=1) cat-tail old=[7,8]
[repack] slice fail pc=121 target-at=85 range=[11,12]
[repack] simple-local pick pc=120 op=KSHORT def=11 range=[11,12]
[repack] simple-local pick pc=68 op=MOV def=12 range=[11,12]
[repack] proto=152 pc=121 accept existing FR2 slice [11,12]
[repack] slice fail pc=127 interference-at=121 op=CALL reg=9 range=[8,11]
[repack] simple-local pick pc=126 op=MOV def=8 range=[8,11]
[repack] simple-local pick pc=125 op=MOV def=9 range=[8,11]
[repack] simple-local pick pc=124 op=MOV def=10 range=[8,11]
[repack] simple-local pick pc=123 op=MOV def=11 range=[8,11]
[repack] proto=152 pc=127 accept existing FR2 slice [8,11]
[repack] proto=152 pc=135 skip FR2 arg shift for CALL(C=3,B=1) cat-tail old=[7,8]
[repack] slice fail pc=140 target-at=136 range=[8,10]
[repack] simple-local pick pc=139 op=MOV def=9 range=[8,10]
[repack] simple-local pick pc=138 op=KSHORT def=8 range=[8,10]
[repack] simple-local pick pc=133 op=KSTR def=10 range=[8,10]
[repack] proto=152 pc=140 accept existing FR2 slice [8,10]
[repack] proto=153 pc=12 reject existing FR2 slice: new-first writer matches old-second old=7(pc=7,MOV) old2=8(pc=9,KSTR) new=8(pc=9,KSTR)
[repack] proto=153 pc=19 skip FR2 arg shift for CALL(C=3,B=1) cat-tail old=[7,8]
[repack] proto=153 pc=19 apply proto153 Wushuang bf.Log self/message fix A7..A10 -> A8..A11
[repack] slice fail pc=9 unresolved reg=8 range=[7,8]
[repack] simple-local pick pc=8 op=KSHORT def=7 range=[7,8]
[repack] simple-local missing reg=8 range=[7,8]
[repack] proto=154 pc=13 reject existing FR2 slice: stale new-first old=6(pc=11,MOV) new=7(pc=7,ADDVN)
[repack] proto=155 pc=11 reject existing FR2 slice: stale new-first old=6(pc=9,MOV) new=7(pc=5,KNUM)
[repack] proto=156 pc=8 reject existing FR2 slice: stale new-first old=6(pc=6,MOV) new=7(pc=2,KNUM)
[repack] slice fail pc=2 unresolved reg=7 range=[7,7]
[repack] simple-local missing reg=7 range=[7,7]
[repack] proto=158 pc=19 reject existing FR2 slice: stale new-first old=6(pc=17,MOV) new=7(pc=11,MULVN)
[repack] proto=158 pc=30 reject existing FR2 slice: new-first writer matches old-second old=6(pc=27,MOV) old2=7(pc=29,KSTR) new=7(pc=29,KSTR)
[repack] proto=158 pc=42 reject existing FR2 slice: new-first writer matches old-second old=6(pc=39,MOV) old2=7(pc=41,KSTR) new=7(pc=41,KSTR)
[repack] proto=159 pc=17 skip FR2 arg shift for CALL(C=3,B=1) cat-tail old=[6,7]
[repack] proto=160 pc=14 reject existing FR2 slice: new-first writer matches old-second old=6(pc=9,MOV) old2=7(pc=11,KSTR) new=7(pc=11,KSTR)
[repack] proto=160 pc=20 reject existing FR2 slice: new-first writer matches old-second old=6(pc=15,MOV) old2=7(pc=17,KSTR) new=7(pc=17,KSTR)
[repack] proto=161 pc=14 reject existing FR2 slice: new-first writer matches old-second old=6(pc=9,MOV) old2=7(pc=11,KSTR) new=7(pc=11,KSTR)
[repack] slice fail pc=14 unresolved reg=8 range=[7,8]
[repack] simple-local pick pc=13 op=KPRI def=7 range=[7,8]
[repack] simple-local missing reg=8 range=[7,8]
[repack] proto=162 pc=21 reject existing FR2 slice: generic new-first matches old-second old=7(pc=17,MOV) old2=8(pc=19,MOV) new=8(pc=19,MOV)
[repack] proto=162 pc=25 reject existing FR2 slice: new-first writer matches old-second old=7(pc=22,MOV) old2=8(pc=24,KSTR) new=8(pc=24,KSTR)
[repack] proto=162 pc=38 reject existing FR2 slice: new-first writer matches old-second old=6(pc=35,MOV) old2=7(pc=37,KSTR) new=7(pc=37,KSTR)
[repack] slice fail pc=62 target-at=28 range=[8,9]
[repack] simple-local pick pc=61 op=KPRI def=8 range=[8,9]
[repack] simple-local pick pc=24 op=KSTR def=9 range=[8,9]
[repack] proto=162 pc=62 accept existing FR2 slice [8,9]
[repack] slice fail pc=70 unresolved reg=11 range=[10,11]
[repack] simple-local pick pc=69 op=MOV def=10 range=[10,11]
[repack] simple-local missing reg=11 range=[10,11]
[repack] proto=162 pc=91 reject existing FR2 slice: generic new-first matches old-second old=9(pc=87,MOV) old2=10(pc=89,MOV) new=10(pc=89,MOV)
[repack] proto=162 pc=95 reject existing FR2 slice: new-first writer matches old-second old=9(pc=92,MOV) old2=10(pc=94,KSTR) new=10(pc=94,KSTR)
[repack] proto=163 pc=12 reject existing FR2 slice: new-first writer matches old-second old=6(pc=9,MOV) old2=7(pc=11,KSTR) new=7(pc=11,KSTR)
[repack] proto=163 pc=20 reject existing FR2 slice: stale new-first old=7(pc=18,MOV) new=8(pc=11,KSTR)
[repack] proto=163 pc=27 reject existing FR2 slice: new-first writer matches old-second old=7(pc=22,MOV) old2=8(pc=24,KSTR) new=8(pc=24,KSTR)
[repack] proto=163 pc=35 skip FR2 arg shift for CALL(C=3,B=1) cat-tail old=[7,8]
[repack] proto=163 pc=53 skip FR2 arg shift for CALL(C=3,B=1) cat-tail old=[6,7]
[repack] slice fail pc=53 interference-at=28 op=ITERL reg=13 range=[12,13]
[repack] simple-local pick pc=52 op=KSHORT def=12 range=[12,13]
[repack] simple-local pick pc=18 op=KNUM def=13 range=[12,13]
[repack] proto=164 pc=53 accept existing FR2 slice [12,13]
[repack] proto=164 pc=88 skip FR2 arg shift for CALL(C=3,B=1) cat-tail old=[11,12]
[repack] proto=164 pc=115 skip FR2 arg shift for CALL(C=3,B=1) cat-tail old=[16,17]
[repack] slice fail pc=120 interference-at=114 op=CAT reg=18 range=[17,18]
[repack] simple-local pick pc=119 op=MOV def=17 range=[17,18]
[repack] simple-local pick pc=110 op=TGETS def=18 range=[17,18]
[repack] proto=164 pc=120 accept existing FR2 slice [17,18]
[repack] proto=165 pc=11 reject existing FR2 slice: new-first writer matches old-second old=6(pc=8,MOV) old2=7(pc=10,KSTR) new=7(pc=10,KSTR)
[repack] proto=165 pc=19 reject existing FR2 slice: generic new-first matches old-second old=6(pc=15,MOV) old2=7(pc=17,MOV) new=7(pc=17,MOV)
[repack] proto=165 pc=24 reject existing FR2 slice: generic new-first matches old-second old=7(pc=20,MOV) old2=8(pc=22,MOV) new=8(pc=22,MOV)
[repack] proto=165 pc=49 reject existing FR2 slice: new-first writer matches old-second old=8(pc=46,MOV) old2=9(pc=48,KSTR) new=9(pc=48,KSTR)
[repack] proto=165 pc=53 reject existing FR2 slice: new-first writer matches old-second old=8(pc=50,MOV) old2=9(pc=52,KSTR) new=9(pc=52,KSTR)
[repack] proto=165 pc=58 reject existing FR2 slice: new-first writer matches old-second old=8(pc=55,MOV) old2=9(pc=57,KSTR) new=9(pc=57,KSTR)
[repack] proto=165 pc=62 reject existing FR2 slice: new-first writer matches old-second old=8(pc=59,MOV) old2=9(pc=61,KSTR) new=9(pc=61,KSTR)
[repack] proto=165 pc=68 reject existing FR2 slice: new-first writer matches old-second old=8(pc=63,MOV) old2=9(pc=65,KSTR) new=9(pc=65,KSTR)
[repack] slice fail pc=18 unresolved reg=10 range=[7,10]
[repack] simple-local pick pc=17 op=KSHORT def=9 range=[7,10]
[repack] simple-local pick pc=16 op=KSHORT def=8 range=[7,10]
[repack] simple-local pick pc=15 op=MOV def=7 range=[7,10]
[repack] simple-local missing reg=10 range=[7,10]
[repack] proto=166 pc=26 skip FR2 arg shift for CALL(C=3,B=1) cat-tail old=[6,7]
[repack] proto=167 pc=19 skip FR2 arg shift for CALL(C=3,B=1) cat-tail old=[6,7]
[repack] slice fail pc=27 interference-at=18 op=CAT reg=11 range=[7,11]
[repack] simple-local pick pc=26 op=TGETS def=10 range=[7,11]
[repack] simple-local pick pc=25 op=KSHORT def=9 range=[7,11]
[repack] simple-local pick pc=24 op=KSHORT def=8 range=[7,11]
[repack] simple-local pick pc=23 op=MOV def=7 range=[7,11]
[repack] simple-local pick pc=17 op=KSTR def=11 range=[7,11]
[repack] proto=167 pc=27 accept existing FR2 slice [7,11]
[repack] proto=168 pc=5 reject existing FR2 slice: new-first writer matches old-second old=6(pc=0,MOV) old2=7(pc=2,KSTR) new=7(pc=2,KSTR)
[repack] slice fail pc=22 unresolved reg=11 range=[7,11]
[repack] simple-local pick pc=21 op=KSTR def=10 range=[7,11]
[repack] simple-local pick pc=20 op=KSHORT def=9 range=[7,11]
[repack] simple-local pick pc=19 op=KSHORT def=8 range=[7,11]
[repack] simple-local pick pc=18 op=MOV def=7 range=[7,11]
[repack] simple-local missing reg=11 range=[7,11]
[repack] proto=170 pc=23 reject existing FR2 slice: new-first writer matches old-second old=7(pc=16,MOV) old2=8(pc=20,CAT) new=8(pc=20,CAT)
[repack] proto=170 pc=33 skip FR2 arg shift for CALL(C=3,B=1) cat-tail old=[7,8]
[repack] slice fail pc=26 unresolved reg=10 range=[7,10]
[repack] simple-local pick pc=25 op=KSHORT def=9 range=[7,10]
[repack] simple-local pick pc=24 op=KSHORT def=8 range=[7,10]
[repack] simple-local pick pc=23 op=MOV def=7 range=[7,10]
[repack] simple-local missing reg=10 range=[7,10]
[repack] proto=171 pc=34 skip FR2 arg shift for CALL(C=3,B=1) cat-tail old=[6,7]
[repack] proto=172 pc=14 reject existing FR2 slice: new-first writer matches old-second old=7(pc=11,MOV) old2=8(pc=13,KSTR) new=8(pc=13,KSTR)
[repack] proto=172 pc=32 reject existing FR2 slice: new-first writer matches old-second old=8(pc=27,MOV) old2=9(pc=29,KSTR) new=9(pc=29,KSTR)
[repack] proto=172 pc=36 reject existing FR2 slice: new-first writer matches old-second old=8(pc=33,MOV) old2=9(pc=35,KSTR) new=9(pc=35,KSTR)
[repack] proto=172 pc=41 reject existing FR2 slice: new-first writer matches old-second old=8(pc=38,MOV) old2=9(pc=40,KSTR) new=9(pc=40,KSTR)
[repack] proto=172 pc=56 reject existing FR2 slice: new-first writer matches old-second old=9(pc=53,MOV) old2=10(pc=55,KSTR) new=10(pc=55,KSTR)
[repack] proto=172 pc=62 reject existing FR2 slice: new-first writer matches old-second old=9(pc=57,MOV) old2=10(pc=59,KSTR) new=10(pc=59,KSTR)
[repack] proto=172 pc=72 skip FR2 arg shift for CALL(C=3,B=1) cat-tail old=[9,10]
[repack] proto=172 pc=79 reject existing FR2 slice: new-first writer matches old-second old=9(pc=76,MOV) old2=10(pc=78,KSTR) new=10(pc=78,KSTR)
[repack] proto=173 pc=7 reject existing FR2 slice: new-first writer matches old-second old=11(pc=4,MOV) old2=12(pc=6,KSTR) new=12(pc=6,KSTR)
[repack] proto=173 pc=13 reject existing FR2 slice: new-first writer matches old-second old=11(pc=10,MOV) old2=12(pc=12,KSTR) new=12(pc=12,KSTR)
[repack] proto=173 pc=26 reject existing FR2 slice: new-first writer matches old-second old=11(pc=21,MOV) old2=12(pc=23,KSTR) new=12(pc=23,KSTR)
[repack] proto=174 pc=8 reject existing FR2 slice: new-first writer matches old-second old=6(pc=0,MOV) old2=7(pc=2,KSTR) new=7(pc=2,KSTR)
[repack] proto=174 pc=13 reject existing FR2 slice: generic new-first matches old-second old=6(pc=9,MOV) old2=7(pc=11,MOV) new=7(pc=11,MOV)
[repack] proto=174 pc=18 reject existing FR2 slice: generic new-first matches old-second old=7(pc=14,MOV) old2=8(pc=16,MOV) new=8(pc=16,MOV)
[repack] proto=174 pc=24 live-after fallback copy insert count=3 range=[8,10]->[9,11]
[rebuild] proto=174 insert_pc=24 old_proto_total=1114 new_proto_total=1126 old_payload=1112 new_payload=1124 debug_drop=283
[repack] proto=174 pc=8 accept existing FR2 slice [7,12]
[repack] proto=174 pc=13 accept existing FR2 slice [7,9]
[repack] proto=174 pc=18 accept existing FR2 slice [8,10]
[repack] proto=174 pc=27 accept existing FR2 slice [9,11]
[repack] slice fail pc=73 unresolved reg=17 range=[9,17]
[repack] simple-local pick pc=72 op=MOV def=16 range=[9,17]
[repack] simple-local pick pc=71 op=MOV def=15 range=[9,17]
[repack] simple-local pick pc=70 op=KSTR def=14 range=[9,17]
[repack] simple-local pick pc=69 op=KSTR def=13 range=[9,17]
[repack] simple-local pick pc=68 op=KNUM def=12 range=[9,17]
[repack] simple-local pick pc=67 op=KNUM def=11 range=[9,17]
[repack] simple-local pick pc=66 op=TGETS def=10 range=[9,17]
[repack] simple-local pick pc=65 op=KSHORT def=9 range=[9,17]
[repack] simple-local missing reg=17 range=[9,17]
[repack] proto=174 pc=91 call-selfdef helper enter consumer=CALL producer=TGETS self=SUBVV producer_b=1 consumer_span=2 producer_c=18
[repack] proto=174 pc=91 call-method-basecopy helper enter consumer=CALL producer=SUBVV producer_b=10 consumer_span=2 producer_c=11
[repack] proto=174 pc=91 call-chain helper enter consumer=CALL producer=SUBVV producer_b=10 consumer_span=2 producer_c=11
[repack] proto=174 pc=91 copy-fallback reason=target-touch-fail insert_pc=91 count=1 range=[10,10]->[11,11] deferred=0
[rebuild] proto=174 insert_pc=91 old_proto_total=1126 new_proto_total=1130 old_payload=1124 new_payload=1128 debug_drop=283
[repack] proto=174 pc=8 accept existing FR2 slice [7,12]
[repack] proto=174 pc=13 accept existing FR2 slice [7,9]
[repack] proto=174 pc=18 accept existing FR2 slice [8,10]
[repack] proto=174 pc=27 accept existing FR2 slice [9,11]
[repack] proto=174 pc=43 accept existing FR2 slice [13,15]
[repack] proto=174 pc=73 accept existing FR2 slice [9,17]
[repack] proto=174 pc=77 accept existing FR2 slice [9,9]
[repack] proto=174 pc=86 accept existing FR2 slice [10,10]
[repack] proto=174 pc=92 accept existing FR2 slice [11,11]
[repack] proto=174 pc=107 reject existing FR2 slice: method-like MOV-self seed old=9(pc=102,MOV src=0) new=10(pc=104,TGETS)
[repack] proto=174 pc=120 reject existing FR2 slice: new-first writer matches old-second old=9(pc=108,MOV) old2=10(pc=114,CAT) new=10(pc=114,CAT)
[repack] slice fail pc=120 interference-at=113 op=CALL reg=11 range=[9,14]
[repack] readonly slice retry fail pc=120 write-at=113 op=CALL reg=11 range=[9,14]
[repack] simple-local pick pc=119 op=TGETS def=14 range=[9,14]
[repack] simple-local pick pc=118 op=TGETS def=13 range=[9,14]
[repack] simple-local pick pc=117 op=TGETS def=12 range=[9,14]
[repack] simple-local pick pc=116 op=TGETS def=11 range=[9,14]
[repack] simple-local pick pc=114 op=CAT def=10 range=[9,14]
[repack] simple-local pick pc=108 op=MOV def=9 range=[9,14]
[repack] slice fail pc=135 target-at=125 range=[14,16]
[repack] simple-local pick pc=134 op=MOV def=15 range=[14,16]
[repack] simple-local pick pc=133 op=TGETS def=14 range=[14,16]
[repack] simple-local pick pc=71 op=MOV def=16 range=[14,16]
[repack] proto=174 pc=135 accept existing FR2 slice [14,16]
[repack] proto=175 pc=4 reject existing FR2 slice: generic new-first matches old-second old=6(pc=0,MOV) old2=7(pc=2,MOV) new=7(pc=2,MOV)
[repack] proto=175 pc=9 reject existing FR2 slice: generic new-first matches old-second old=7(pc=5,MOV) old2=8(pc=7,MOV) new=8(pc=7,MOV)
[repack] proto=175 pc=45 reject existing FR2 slice: generic new-first matches old-second old=9(pc=39,MOV) old2=10(pc=41,MOV) new=10(pc=41,MOV)
[repack] proto=175 pc=51 reject existing FR2 slice: stale new-first old=11(pc=49,MOV) new=12(pc=42,TGETS)
[repack] slice fail pc=53 interference-at=51 op=CALL reg=10 range=[10,12]
[repack] simple-local pick pc=52 op=KSTR def=11 range=[10,12]
[repack] simple-local pick pc=50 op=TGETS def=10 range=[10,12]
[repack] simple-local pick pc=49 op=MOV def=12 range=[10,12]
[repack] simple-local reject pc=53 reg=10 nearest=51(CALL) not-selected range=[10,12]
[repack] slice fail pc=53 interference-at=51 op=CALL reg=10 range=[9,11]
[repack] readonly slice retry fail pc=53 write-at=51 op=CALL reg=10 range=[9,11]
[repack] simple-local pick pc=52 op=KSTR def=11 range=[9,11]
[repack] simple-local pick pc=50 op=TGETS def=10 range=[9,11]
[repack] simple-local pick pc=46 op=MOV def=9 range=[9,11]
[repack] simple-local reject pc=53 reg=10 nearest=51(CALL) not-selected range=[9,11]
[repack] slice fail pc=53 interference-at=51 op=CALL reg=10 range=[10,12]
[repack] simple-local pick pc=52 op=KSTR def=11 range=[10,12]
[repack] simple-local pick pc=50 op=TGETS def=10 range=[10,12]
[repack] simple-local pick pc=49 op=MOV def=12 range=[10,12]
[repack] simple-local reject pc=53 reg=10 nearest=51(CALL) not-selected range=[10,12]
[repack] proto=175 pc=53 call-selfdef helper enter consumer=CALL producer=CALL self=KSTR producer_b=2 consumer_span=4 producer_c=2
[repack] proto=175 pc=53 call-method-basecopy helper enter consumer=CALL producer=KSTR producer_b=0 consumer_span=4 producer_c=12
[repack] proto=175 pc=53 call-chain helper enter consumer=CALL producer=KSTR producer_b=0 consumer_span=4 producer_c=12
[repack] proto=175 pc=53 copy-fallback keep legacy-overlap reason=slice-select-fail old=[9,11] new=[10,12] base=8 nargs=3 b=1
[repack] proto=175 pc=53 copy-fallback reason=slice-select-fail insert_pc=53 count=3 range=[9,11]->[10,12] deferred=0
[rebuild] proto=175 insert_pc=53 old_proto_total=881 new_proto_total=893 old_payload=879 new_payload=891 debug_drop=211
[repack] proto=175 pc=4 accept existing FR2 slice [7,9]
[repack] proto=175 pc=9 accept existing FR2 slice [8,10]
[repack] proto=175 pc=14 accept existing FR2 slice [9,11]
[repack] proto=175 pc=24 accept existing FR2 slice [11,11]
[repack] proto=175 pc=45 accept existing FR2 slice [10,14]
[repack] proto=175 pc=51 accept existing FR2 slice [12,12]
[repack] slice fail pc=56 interference-at=51 op=CALL reg=10 range=[10,12]
[repack] simple-local pick pc=55 op=MOV def=10 range=[10,12]
[repack] simple-local pick pc=54 op=MOV def=11 range=[10,12]
[repack] simple-local pick pc=53 op=MOV def=12 range=[10,12]
[repack] proto=175 pc=56 accept existing FR2 slice [10,12]
[repack] slice fail pc=60 interference-at=56 op=CALL reg=11 range=[10,11]
[repack] simple-local pick pc=59 op=MOV def=10 range=[10,11]
[repack] simple-local pick pc=54 op=MOV def=11 range=[10,11]
[repack] proto=175 pc=60 accept existing FR2 slice [10,11]
[repack] slice fail pc=64 interference-at=56 op=CALL reg=11 range=[10,11]
[repack] simple-local pick pc=63 op=MOV def=10 range=[10,11]
[repack] simple-local pick pc=54 op=MOV def=11 range=[10,11]
[repack] proto=175 pc=64 accept existing FR2 slice [10,11]
[repack] slice fail pc=68 interference-at=56 op=CALL reg=11 range=[10,11]
[repack] simple-local pick pc=67 op=MOV def=10 range=[10,11]
[repack] simple-local pick pc=54 op=MOV def=11 range=[10,11]
[repack] proto=175 pc=68 accept existing FR2 slice [10,11]
[repack] proto=175 pc=76 reject existing FR2 slice: stale new-first old=9(pc=74,MOV) new=10(pc=67,MOV)
[repack] proto=175 pc=79 reject existing FR2 slice: stale new-first old=9(pc=77,MOV) new=10(pc=74,MOV)
[repack] slice fail pc=83 interference-at=56 op=CALL reg=11 range=[10,11]
[repack] simple-local pick pc=82 op=TGETS def=10 range=[10,11]
[repack] simple-local pick pc=54 op=MOV def=11 range=[10,11]
[repack] proto=175 pc=83 accept existing FR2 slice [10,11]
[repack] proto=175 pc=93 skip FR2 arg shift for CALL(C=3,B=1) cat-tail old=[9,10]
[repack] proto=176 pc=23 reject existing FR2 slice: call-result arg1 aliases old-second old=8(pc=21,CALL) old2=9(pc=22,MOV) new=9(pc=22,MOV)
[repack] slice fail pc=23 interference-at=21 op=CALL reg=8 range=[8,9]
[repack] readonly slice retry fail pc=23 write-at=21 op=CALL reg=8 range=[8,9]
[repack] simple-local pick pc=22 op=MOV def=9 range=[8,9]
[repack] simple-local pick pc=18 op=TGETS def=8 range=[8,9]
[repack] simple-local reject pc=23 reg=8 nearest=21(CALL) not-selected range=[8,9]
[repack] proto=176 pc=23 reject existing FR2 slice: call-result arg1 aliases old-second old=8(pc=21,CALL) old2=9(pc=22,MOV) new=9(pc=22,MOV)
[repack] proto=176 pc=23 call-selfdef helper enter consumer=CALL producer=CALL self=MOV producer_b=2 consumer_span=3 producer_c=2
[repack] proto=176 pc=23 call-method-basecopy helper enter consumer=CALL producer=MOV producer_b=0 consumer_span=3 producer_c=5
[repack] proto=176 pc=23 call-chain helper enter consumer=CALL producer=MOV producer_b=0 consumer_span=3 producer_c=5
[repack] proto=176 pc=23 copy-fallback keep legacy-overlap reason=slice-select-fail old=[8,9] new=[9,10] base=7 nargs=2 b=2
[repack] proto=176 pc=23 copy-fallback reason=slice-select-fail insert_pc=23 count=2 range=[8,9]->[9,10] deferred=0
[rebuild] proto=176 insert_pc=23 old_proto_total=1015 new_proto_total=1023 old_payload=1013 new_payload=1021 debug_drop=216
[repack] proto=176 pc=21 accept existing FR2 slice [10,10]
[repack] proto=176 pc=25 skip FR2 arg shift for pre-shifted CALL(C=3) old=[8,9]
[repack] proto=176 pc=27 reject existing FR2 slice: call-result arg1 aliases old-second old=7(pc=25,CALL) old2=8(pc=26,TGETS) new=8(pc=26,TGETS)
[repack] slice fail pc=27 interference-at=25 op=CALL reg=7 range=[7,8]
[repack] readonly slice retry fail pc=27 write-at=25 op=CALL reg=7 range=[7,8]
[repack] simple-local pick pc=26 op=TGETS def=8 range=[7,8]
[repack] simple-local pick pc=16 op=TGETS def=7 range=[7,8]
[repack] simple-local reject pc=27 reg=7 nearest=25(CALL) not-selected range=[7,8]
[repack] proto=176 pc=27 reject existing FR2 slice: call-result arg1 aliases old-second old=7(pc=25,CALL) old2=8(pc=26,TGETS) new=8(pc=26,TGETS)
[repack] proto=176 pc=27 call-selfdef helper enter consumer=CALL producer=CALL self=TGETS producer_b=2 consumer_span=3 producer_c=3
[repack] proto=176 pc=27 call-method-basecopy helper enter consumer=CALL producer=TGETS producer_b=1 consumer_span=3 producer_c=3
[repack] slice fail pc=27 interference-at=25 op=CALL reg=7 range=[7,7]
[repack] readonly slice retry fail pc=27 write-at=25 op=CALL reg=7 range=[7,7]
[repack] simple-local pick pc=16 op=TGETS def=7 range=[7,7]
[repack] proto=176 pc=27 call-intermediate-producer target-touch reject blocker_pc=22 op=MOV reg=9 producer_pc=21
[repack] proto=176 pc=27 call-chain helper enter consumer=CALL producer=TGETS producer_b=1 consumer_span=3 producer_c=3
[repack] proto=176 pc=27 copy-fallback keep legacy-overlap reason=slice-select-fail old=[7,8] new=[8,9] base=6 nargs=2 b=2
[repack] proto=176 pc=27 copy-fallback reason=slice-select-fail insert_pc=27 count=2 range=[7,8]->[8,9] deferred=0
[rebuild] proto=176 insert_pc=27 old_proto_total=1023 new_proto_total=1031 old_payload=1021 new_payload=1029 debug_drop=216
[repack] proto=176 pc=21 accept existing FR2 slice [10,10]
[repack] proto=176 pc=25 skip FR2 arg shift for pre-shifted CALL(C=3) old=[8,9]
[repack] proto=176 pc=29 skip FR2 arg shift for pre-shifted CALL(C=3) old=[7,8]
[repack] proto=176 pc=38 skip FR2 arg shift for CALL(C=3,B=1) cat-tail old=[7,8]
[repack] slice fail pc=47 target-at=39 range=[9,10]
[repack] simple-local pick pc=46 op=TGETS def=9 range=[9,10]
[repack] simple-local pick pc=36 op=KSTR def=10 range=[9,10]
[repack] proto=176 pc=47 accept existing FR2 slice [9,10]
[repack] proto=176 pc=60 reject existing FR2 slice: new-first writer matches old-second old=7(pc=55,MOV) old2=8(pc=57,KSTR) new=8(pc=57,KSTR)
[repack] proto=176 pc=75 reject existing FR2 slice: new-first writer matches old-second old=13(pc=72,MOV) old2=14(pc=74,KSTR) new=14(pc=74,KSTR)
[repack] proto=176 pc=87 skip FR2 arg shift for CALL(C=3,B=1) cat-tail old=[13,14]
[repack] slice fail pc=91 interference-at=86 op=CAT reg=15 range=[14,15]
[repack] simple-local pick pc=90 op=MOV def=14 range=[14,15]
[repack] simple-local pick pc=82 op=TGETS def=15 range=[14,15]
[repack] proto=176 pc=91 accept existing FR2 slice [14,15]
[repack] proto=176 pc=97 reject existing FR2 slice: new-first writer matches old-second old=8(pc=93,MOV) old2=9(pc=95,KSTR) new=9(pc=95,KSTR)
[repack] proto=176 pc=105 skip FR2 arg shift for CALL(C=3,B=1) cat-tail old=[8,9]
[repack] slice fail pc=31 unresolved reg=16 range=[13,16]
[repack] simple-local pick pc=30 op=TGETS def=15 range=[13,16]
[repack] simple-local pick pc=29 op=TGETS def=14 range=[13,16]
[repack] simple-local pick pc=28 op=TGETS def=13 range=[13,16]
[repack] simple-local missing reg=16 range=[13,16]
[repack] proto=177 pc=41 skip FR2 arg shift for CALL(C=3,B=1) cat-tail old=[12,13]
[repack] proto=177 pc=71 skip FR2 arg shift for CALL(C=3,B=1) cat-tail old=[7,8]
[repack] slice fail pc=95 unresolved reg=18 range=[12,18]
[repack] simple-local pick pc=94 op=KPRI def=17 range=[12,18]
[repack] simple-local pick pc=89 op=KPRI def=16 range=[12,18]
[repack] simple-local pick pc=88 op=TGETS def=15 range=[12,18]
[repack] simple-local pick pc=87 op=TGETS def=14 range=[12,18]
[repack] simple-local pick pc=86 op=MOV def=13 range=[12,18]
[repack] simple-local pick pc=85 op=MOV def=12 range=[12,18]
[repack] simple-local missing reg=18 range=[12,18]
[repack] proto=177 pc=104 reject existing FR2 slice: new-first writer matches old-second old=6(pc=101,MOV) old2=7(pc=103,KSTR) new=7(pc=103,KSTR)
[repack] proto=177 pc=144 skip FR2 arg shift for CALL(C=3,B=1) cat-tail old=[13,14]
[repack] proto=177 pc=148 reject existing FR2 slice: new-first writer matches old-second old=13(pc=145,MOV) old2=14(pc=147,KSTR) new=14(pc=147,KSTR)
[repack] slice fail pc=158 unresolved reg=19 range=[18,19]
[repack] simple-local pick pc=157 op=MOV def=18 range=[18,19]
[repack] simple-local missing reg=19 range=[18,19]
[repack] proto=177 pc=160 reject existing FR2 slice: new-first writer matches old-second old=14(pc=151,MOV) old2=15(pc=153,KSTR) new=15(pc=153,KSTR)
[repack] slice fail pc=160 interference-at=158 op=CALL reg=16 range=[14,17]
[repack] readonly slice retry fail pc=160 write-at=158 op=CALL reg=16 range=[14,17]
[repack] simple-local pick pc=159 op=KSHORT def=17 range=[14,17]
[repack] simple-local pick pc=155 op=TGETS def=16 range=[14,17]
[repack] simple-local pick pc=153 op=KSTR def=15 range=[14,17]
[repack] simple-local pick pc=151 op=MOV def=14 range=[14,17]
[repack] simple-local reject pc=160 reg=16 nearest=158(CALL) not-selected range=[14,17]
[repack] proto=177 pc=160 reject existing FR2 slice: new-first writer matches old-second old=14(pc=151,MOV) old2=15(pc=153,KSTR) new=15(pc=153,KSTR)
[repack] proto=177 pc=160 call-selfdef helper enter consumer=CALL producer=CALL self=KSHORT producer_b=2 consumer_span=5 producer_c=3
[repack] proto=177 pc=160 call-method-basecopy helper enter consumer=CALL producer=KSHORT producer_b=0 consumer_span=5 producer_c=1
[repack] proto=177 pc=160 call-chain helper enter consumer=CALL producer=KSHORT producer_b=0 consumer_span=5 producer_c=1
[repack] proto=177 pc=160 copy-fallback keep legacy-overlap reason=slice-select-fail old=[14,17] new=[15,18] base=13 nargs=4 b=1
[repack] proto=177 pc=160 copy-fallback reason=slice-select-fail insert_pc=160 count=4 range=[14,17]->[15,18] deferred=0
[rebuild] proto=177 insert_pc=160 old_proto_total=6487 new_proto_total=6503 old_payload=6485 new_payload=6501 debug_drop=1315
[repack] proto=177 pc=18 accept existing FR2 slice [7,7]
[repack] proto=177 pc=21 accept existing FR2 slice [8,8]
[repack] proto=177 pc=31 accept existing FR2 slice [13,16]
[repack] proto=177 pc=41 skip FR2 arg shift for CALL(C=3,B=1) cat-tail old=[12,13]
[repack] proto=177 pc=71 skip FR2 arg shift for CALL(C=3,B=1) cat-tail old=[7,8]
[repack] proto=177 pc=95 accept existing FR2 slice [12,18]
[repack] proto=177 pc=104 accept existing FR2 slice [7,8]
[repack] proto=177 pc=111 accept existing FR2 slice [9,9]
[repack] proto=177 pc=127 accept existing FR2 slice [14,15]
[repack] proto=177 pc=133 accept existing FR2 slice [9,9]
[repack] proto=177 pc=144 skip FR2 arg shift for CALL(C=3,B=1) cat-tail old=[13,14]
[repack] proto=177 pc=148 accept existing FR2 slice [14,15]
[repack] proto=177 pc=158 accept existing FR2 slice [18,19]
[repack] slice fail pc=164 interference-at=158 op=CALL reg=16 range=[15,18]
[repack] simple-local pick pc=163 op=MOV def=15 range=[15,18]
[repack] simple-local pick pc=162 op=MOV def=16 range=[15,18]
[repack] simple-local pick pc=161 op=MOV def=17 range=[15,18]
[repack] simple-local pick pc=160 op=MOV def=18 range=[15,18]
[repack] proto=177 pc=164 accept existing FR2 slice [15,18]
[repack] slice fail pc=175 target-at=166 range=[15,16]
[repack] simple-local pick pc=174 op=KSHORT def=15 range=[15,16]
[repack] simple-local pick pc=162 op=MOV def=16 range=[15,16]
[repack] proto=177 pc=175 accept existing FR2 slice [15,16]
[repack] proto=177 pc=179 reject existing FR2 slice: stale new-first old=14(pc=177,MOV) new=15(pc=174,KSHORT)
[repack] slice fail pc=180 interference-at=178 op=TGETS reg=11 range=[11,12]
[repack] readonly slice retry fail pc=180 write-at=148 op=CALL reg=12 range=[11,12]
[repack] simple-local pick pc=146 op=TGETS def=12 range=[11,12]
[repack] simple-local pick pc=80 op=KSHORT def=11 range=[11,12]
[repack] slice fail pc=180 interference-at=179 op=CALL reg=13 range=[12,13]
[repack] simple-local pick pc=178 op=TGETS def=13 range=[12,13]
[repack] simple-local pick pc=146 op=TGETS def=12 range=[12,13]
[repack] proto=177 pc=180 accept existing FR2 slice [12,13]
[repack] proto=177 pc=185 reject existing FR2 slice: new-first writer matches old-second old=6(pc=182,MOV) old2=7(pc=184,KSTR) new=7(pc=184,KSTR)
[repack] proto=177 pc=225 skip FR2 arg shift for CALL(C=3,B=1) cat-tail old=[13,14]
[repack] proto=177 pc=229 reject existing FR2 slice: new-first writer matches old-second old=13(pc=226,MOV) old2=14(pc=228,KSTR) new=14(pc=228,KSTR)
[repack] slice fail pc=239 target-at=216 range=[18,19]
[repack] simple-local pick pc=238 op=MOV def=18 range=[18,19]
[repack] simple-local pick pc=157 op=MOV def=19 range=[18,19]
[repack] proto=177 pc=239 accept existing FR2 slice [18,19]
[repack] proto=177 pc=241 reject existing FR2 slice: new-first writer matches old-second old=14(pc=232,MOV) old2=15(pc=234,KSTR) new=15(pc=234,KSTR)
[repack] slice fail pc=241 interference-at=239 op=CALL reg=16 range=[14,17]
[repack] readonly slice retry fail pc=241 write-at=239 op=CALL reg=16 range=[14,17]
[repack] simple-local pick pc=240 op=KSHORT def=17 range=[14,17]
[repack] simple-local pick pc=236 op=TGETS def=16 range=[14,17]
[repack] simple-local pick pc=234 op=KSTR def=15 range=[14,17]
[repack] simple-local pick pc=232 op=MOV def=14 range=[14,17]
[repack] simple-local reject pc=241 reg=16 nearest=239(CALL) not-selected range=[14,17]
[repack] proto=177 pc=241 reject existing FR2 slice: new-first writer matches old-second old=14(pc=232,MOV) old2=15(pc=234,KSTR) new=15(pc=234,KSTR)
[repack] proto=177 pc=241 call-selfdef helper enter consumer=CALL producer=CALL self=KSHORT producer_b=2 consumer_span=5 producer_c=3
[repack] proto=177 pc=241 call-method-basecopy helper enter consumer=CALL producer=KSHORT producer_b=0 consumer_span=5 producer_c=1
[repack] proto=177 pc=241 call-chain helper enter consumer=CALL producer=KSHORT producer_b=0 consumer_span=5 producer_c=1
[repack] proto=177 pc=241 copy-fallback keep legacy-overlap reason=slice-select-fail old=[14,17] new=[15,18] base=13 nargs=4 b=1
[repack] proto=177 pc=241 copy-fallback reason=slice-select-fail insert_pc=241 count=4 range=[14,17]->[15,18] deferred=0
[rebuild] proto=177 insert_pc=241 old_proto_total=6503 new_proto_total=6519 old_payload=6501 new_payload=6517 debug_drop=1315
[repack] proto=177 pc=18 accept existing FR2 slice [7,7]
[repack] proto=177 pc=21 accept existing FR2 slice [8,8]
[repack] proto=177 pc=31 accept existing FR2 slice [13,16]
[repack] proto=177 pc=41 skip FR2 arg shift for CALL(C=3,B=1) cat-tail old=[12,13]
[repack] proto=177 pc=71 skip FR2 arg shift for CALL(C=3,B=1) cat-tail old=[7,8]
[repack] proto=177 pc=95 accept existing FR2 slice [12,18]
[repack] proto=177 pc=104 accept existing FR2 slice [7,8]
[repack] proto=177 pc=111 accept existing FR2 slice [9,9]
[repack] proto=177 pc=127 accept existing FR2 slice [14,15]
[repack] proto=177 pc=133 accept existing FR2 slice [9,9]
[repack] proto=177 pc=144 skip FR2 arg shift for CALL(C=3,B=1) cat-tail old=[13,14]
[repack] proto=177 pc=148 accept existing FR2 slice [14,15]
[repack] proto=177 pc=158 accept existing FR2 slice [18,19]
[repack] slice fail pc=164 interference-at=158 op=CALL reg=16 range=[15,18]
[repack] simple-local pick pc=163 op=MOV def=15 range=[15,18]
[repack] simple-local pick pc=162 op=MOV def=16 range=[15,18]
[repack] simple-local pick pc=161 op=MOV def=17 range=[15,18]
[repack] simple-local pick pc=160 op=MOV def=18 range=[15,18]
[repack] proto=177 pc=164 accept existing FR2 slice [15,18]
[repack] slice fail pc=175 target-at=166 range=[15,16]
[repack] simple-local pick pc=174 op=KSHORT def=15 range=[15,16]
[repack] simple-local pick pc=162 op=MOV def=16 range=[15,16]
[repack] proto=177 pc=175 accept existing FR2 slice [15,16]
[repack] proto=177 pc=179 accept existing FR2 slice [15,15]
[repack] slice fail pc=180 interference-at=178 op=TGETS reg=11 range=[11,12]
[repack] readonly slice retry fail pc=180 write-at=148 op=CALL reg=12 range=[11,12]
[repack] simple-local pick pc=146 op=TGETS def=12 range=[11,12]
[repack] simple-local pick pc=80 op=KSHORT def=11 range=[11,12]
[repack] slice fail pc=180 interference-at=179 op=CALL reg=13 range=[12,13]
[repack] simple-local pick pc=178 op=TGETS def=13 range=[12,13]
[repack] simple-local pick pc=146 op=TGETS def=12 range=[12,13]
[repack] proto=177 pc=180 accept existing FR2 slice [12,13]
[repack] proto=177 pc=185 accept existing FR2 slice [7,8]
[repack] proto=177 pc=192 accept existing FR2 slice [9,9]
[repack] proto=177 pc=208 accept existing FR2 slice [14,15]
[repack] proto=177 pc=214 accept existing FR2 slice [9,9]
[repack] proto=177 pc=225 skip FR2 arg shift for CALL(C=3,B=1) cat-tail old=[13,14]
[repack] proto=177 pc=229 accept existing FR2 slice [14,15]
[repack] slice fail pc=239 target-at=216 range=[18,19]
[repack] simple-local pick pc=238 op=MOV def=18 range=[18,19]
[repack] simple-local pick pc=157 op=MOV def=19 range=[18,19]
[repack] proto=177 pc=239 accept existing FR2 slice [18,19]
[repack] slice fail pc=245 interference-at=239 op=CALL reg=16 range=[15,18]
[repack] simple-local pick pc=244 op=MOV def=15 range=[15,18]
[repack] simple-local pick pc=243 op=MOV def=16 range=[15,18]
[repack] simple-local pick pc=242 op=MOV def=17 range=[15,18]
[repack] simple-local pick pc=241 op=MOV def=18 range=[15,18]
[repack] proto=177 pc=245 accept existing FR2 slice [15,18]
[repack] slice fail pc=256 target-at=247 range=[15,16]
[repack] simple-local pick pc=255 op=KSHORT def=15 range=[15,16]
[repack] simple-local pick pc=243 op=MOV def=16 range=[15,16]
[repack] proto=177 pc=256 accept existing FR2 slice [15,16]
[repack] proto=177 pc=260 reject existing FR2 slice: stale new-first old=14(pc=258,MOV) new=15(pc=255,KSHORT)
[repack] slice fail pc=261 interference-at=259 op=TGETS reg=11 range=[11,12]
[repack] readonly slice retry fail pc=261 write-at=229 op=CALL reg=12 range=[11,12]
[repack] simple-local pick pc=227 op=TGETS def=12 range=[11,12]
[repack] simple-local pick pc=80 op=KSHORT def=11 range=[11,12]
[repack] slice fail pc=261 interference-at=260 op=CALL reg=13 range=[12,13]
[repack] simple-local pick pc=259 op=TGETS def=13 range=[12,13]
[repack] simple-local pick pc=227 op=TGETS def=12 range=[12,13]
[repack] proto=177 pc=261 accept existing FR2 slice [12,13]
[repack] proto=177 pc=266 reject existing FR2 slice: new-first writer matches old-second old=6(pc=263,MOV) old2=7(pc=265,KSTR) new=7(pc=265,KSTR)
[repack] proto=177 pc=272 reject existing FR2 slice: new-first writer matches old-second old=6(pc=269,MOV) old2=7(pc=271,KSTR) new=7(pc=271,KSTR)
[repack] proto=177 pc=281 reject existing FR2 slice: new-first writer matches old-second old=6(pc=278,MOV) old2=7(pc=280,KSTR) new=7(pc=280,KSTR)
[repack] proto=177 pc=289 reject existing FR2 slice: new-first writer matches old-second old=7(pc=286,MOV) old2=8(pc=288,KSTR) new=8(pc=288,KSTR)
[repack] proto=177 pc=297 reject existing FR2 slice: new-first writer matches old-second old=6(pc=294,MOV) old2=7(pc=296,KSTR) new=7(pc=296,KSTR)
[repack] proto=177 pc=303 reject existing FR2 slice: new-first writer matches old-second old=6(pc=300,MOV) old2=7(pc=302,KSTR) new=7(pc=302,KSTR)
[repack] proto=177 pc=309 reject existing FR2 slice: new-first writer matches old-second old=6(pc=306,MOV) old2=7(pc=308,KSTR) new=7(pc=308,KSTR)
[repack] proto=177 pc=313 reject existing FR2 slice: new-first writer matches old-second old=7(pc=310,MOV) old2=8(pc=312,KSTR) new=8(pc=312,KSTR)
[repack] slice fail pc=328 interference-at=262 op=ITERL reg=10 range=[9,10]
[repack] simple-local pick pc=327 op=TGETS def=9 range=[9,10]
[repack] simple-local pick pc=84 op=TGETS def=10 range=[9,10]
[repack] proto=177 pc=328 accept existing FR2 slice [9,10]
[repack] proto=177 pc=332 reject existing FR2 slice: new-first writer matches old-second old=9(pc=329,MOV) old2=10(pc=331,KSTR) new=10(pc=331,KSTR)
[repack] proto=177 pc=336 reject existing FR2 slice: new-first writer matches old-second old=9(pc=333,MOV) old2=10(pc=335,KSTR) new=10(pc=335,KSTR)
[repack] proto=177 pc=342 reject existing FR2 slice: new-first writer matches old-second old=9(pc=337,MOV) old2=10(pc=339,KSTR) new=10(pc=339,KSTR)
[repack] slice fail pc=348 interference-at=342 op=CALL reg=11 range=[10,11]
[repack] simple-local pick pc=347 op=SUBVV def=10 range=[10,11]
[repack] simple-local pick pc=339 op=KSTR def=11 range=[10,11]
[repack] proto=177 pc=348 accept existing FR2 slice [10,11]
[repack] proto=177 pc=352 reject existing FR2 slice: stale new-first old=9(pc=350,MOV) new=10(pc=347,SUBVV)
[repack] proto=177 pc=362 skip FR2 arg shift for CALL(C=3,B=1) cat-tail old=[9,10]
[repack] proto=177 pc=366 reject existing FR2 slice: new-first writer matches old-second old=6(pc=363,MOV) old2=7(pc=365,KSTR) new=7(pc=365,KSTR)
[repack] proto=177 pc=392 reject existing FR2 slice: new-first writer matches old-second old=7(pc=385,MOV) old2=8(pc=389,CAT) new=8(pc=389,CAT)
[repack] proto=177 pc=402 skip FR2 arg shift for CALL(C=3,B=1) cat-tail old=[7,8]
[repack] proto=177 pc=406 reject existing FR2 slice: new-first writer matches old-second old=6(pc=403,MOV) old2=7(pc=405,KSTR) new=7(pc=405,KSTR)
[repack] proto=177 pc=412 reject existing FR2 slice: new-first writer matches old-second old=6(pc=409,MOV) old2=7(pc=411,KSTR) new=7(pc=411,KSTR)
[repack] proto=177 pc=426 reject existing FR2 slice: call-result arg1 aliases old-second old=7(pc=419,CALL) old2=8(pc=425,MULVV) new=8(pc=425,MULVV)
[repack] slice fail pc=426 interference-at=419 op=CALL reg=7 range=[7,8]
[repack] readonly slice retry fail pc=426 write-at=419 op=CALL reg=7 range=[7,8]
[repack] simple-local pick pc=425 op=MULVV def=8 range=[7,8]
[repack] simple-local pick pc=416 op=TGETS def=7 range=[7,8]
[repack] simple-local reject pc=426 reg=7 nearest=419(CALL) not-selected range=[7,8]
[repack] proto=177 pc=426 reject existing FR2 slice: call-result arg1 aliases old-second old=7(pc=419,CALL) old2=8(pc=425,MULVV) new=8(pc=425,MULVV)
[repack] proto=177 pc=426 call-selfdef helper enter consumer=CALL producer=TGETS self=MULVV producer_b=5 consumer_span=3 producer_c=11
[repack] proto=177 pc=426 call-method-basecopy helper enter consumer=CALL producer=MULVV producer_b=8 consumer_span=3 producer_c=9
[repack] slice fail pc=426 interference-at=419 op=CALL reg=7 range=[7,7]
[repack] readonly slice retry fail pc=426 write-at=419 op=CALL reg=7 range=[7,7]
[repack] simple-local pick pc=416 op=TGETS def=7 range=[7,7]
[repack] slice fail pc=348 interference-at=342 op=CALL reg=11 range=[10,11]
[repack] readonly slice retry fail pc=348 read-at=342 op=CALL reg=11 range=[10,11]
[repack] simple-local pick pc=347 op=SUBVV def=10 range=[10,11]
[repack] simple-local pick pc=339 op=KSTR def=11 range=[10,11]
[repack] proto=177 pc=426 call-intermediate-producer target-touch reject blocker_pc=342 op=CALL reg=8 producer_pc=348
[repack] proto=177 pc=426 call-chain helper enter consumer=CALL producer=MULVV producer_b=8 consumer_span=3 producer_c=9
[repack] proto=177 pc=426 copy-fallback keep legacy-overlap reason=slice-select-fail old=[7,8] new=[8,9] base=6 nargs=2 b=2
[repack] proto=177 pc=426 copy-fallback reason=slice-select-fail insert_pc=426 count=2 range=[7,8]->[8,9] deferred=0
[rebuild] proto=177 insert_pc=426 old_proto_total=6519 new_proto_total=6527 old_payload=6517 new_payload=6525 debug_drop=1315
[repack] proto=177 pc=18 accept existing FR2 slice [7,7]
[repack] proto=177 pc=21 accept existing FR2 slice [8,8]
[repack] proto=177 pc=31 accept existing FR2 slice [13,16]
[repack] proto=177 pc=41 skip FR2 arg shift for CALL(C=3,B=1) cat-tail old=[12,13]
[repack] proto=177 pc=71 skip FR2 arg shift for CALL(C=3,B=1) cat-tail old=[7,8]
[repack] proto=177 pc=95 accept existing FR2 slice [12,18]
[repack] proto=177 pc=104 accept existing FR2 slice [7,8]
[repack] proto=177 pc=111 accept existing FR2 slice [9,9]
[repack] proto=177 pc=127 accept existing FR2 slice [14,15]
[repack] proto=177 pc=133 accept existing FR2 slice [9,9]
[repack] proto=177 pc=144 skip FR2 arg shift for CALL(C=3,B=1) cat-tail old=[13,14]
[repack] proto=177 pc=148 accept existing FR2 slice [14,15]
[repack] proto=177 pc=158 accept existing FR2 slice [18,19]
[repack] slice fail pc=164 interference-at=158 op=CALL reg=16 range=[15,18]
[repack] simple-local pick pc=163 op=MOV def=15 range=[15,18]
[repack] simple-local pick pc=162 op=MOV def=16 range=[15,18]
[repack] simple-local pick pc=161 op=MOV def=17 range=[15,18]
[repack] simple-local pick pc=160 op=MOV def=18 range=[15,18]
[repack] proto=177 pc=164 accept existing FR2 slice [15,18]
[repack] slice fail pc=175 target-at=166 range=[15,16]
[repack] simple-local pick pc=174 op=KSHORT def=15 range=[15,16]
[repack] simple-local pick pc=162 op=MOV def=16 range=[15,16]
[repack] proto=177 pc=175 accept existing FR2 slice [15,16]
[repack] proto=177 pc=179 accept existing FR2 slice [15,15]
[repack] slice fail pc=180 interference-at=178 op=TGETS reg=11 range=[11,12]
[repack] readonly slice retry fail pc=180 write-at=148 op=CALL reg=12 range=[11,12]
[repack] simple-local pick pc=146 op=TGETS def=12 range=[11,12]
[repack] simple-local pick pc=80 op=KSHORT def=11 range=[11,12]
[repack] slice fail pc=180 interference-at=179 op=CALL reg=13 range=[12,13]
[repack] simple-local pick pc=178 op=TGETS def=13 range=[12,13]
[repack] simple-local pick pc=146 op=TGETS def=12 range=[12,13]
[repack] proto=177 pc=180 accept existing FR2 slice [12,13]
[repack] proto=177 pc=185 accept existing FR2 slice [7,8]
[repack] proto=177 pc=192 accept existing FR2 slice [9,9]
[repack] proto=177 pc=208 accept existing FR2 slice [14,15]
[repack] proto=177 pc=214 accept existing FR2 slice [9,9]
[repack] proto=177 pc=225 skip FR2 arg shift for CALL(C=3,B=1) cat-tail old=[13,14]
[repack] proto=177 pc=229 accept existing FR2 slice [14,15]
[repack] slice fail pc=239 target-at=216 range=[18,19]
[repack] simple-local pick pc=238 op=MOV def=18 range=[18,19]
[repack] simple-local pick pc=157 op=MOV def=19 range=[18,19]
[repack] proto=177 pc=239 accept existing FR2 slice [18,19]
[repack] slice fail pc=245 interference-at=239 op=CALL reg=16 range=[15,18]
[repack] simple-local pick pc=244 op=MOV def=15 range=[15,18]
[repack] simple-local pick pc=243 op=MOV def=16 range=[15,18]
[repack] simple-local pick pc=242 op=MOV def=17 range=[15,18]
[repack] simple-local pick pc=241 op=MOV def=18 range=[15,18]
[repack] proto=177 pc=245 accept existing FR2 slice [15,18]
[repack] slice fail pc=256 target-at=247 range=[15,16]
[repack] simple-local pick pc=255 op=KSHORT def=15 range=[15,16]
[repack] simple-local pick pc=243 op=MOV def=16 range=[15,16]
[repack] proto=177 pc=256 accept existing FR2 slice [15,16]
[repack] proto=177 pc=260 accept existing FR2 slice [15,15]
[repack] slice fail pc=261 interference-at=259 op=TGETS reg=11 range=[11,12]
[repack] readonly slice retry fail pc=261 write-at=229 op=CALL reg=12 range=[11,12]
[repack] simple-local pick pc=227 op=TGETS def=12 range=[11,12]
[repack] simple-local pick pc=80 op=KSHORT def=11 range=[11,12]
[repack] slice fail pc=261 interference-at=260 op=CALL reg=13 range=[12,13]
[repack] simple-local pick pc=259 op=TGETS def=13 range=[12,13]
[repack] simple-local pick pc=227 op=TGETS def=12 range=[12,13]
[repack] proto=177 pc=261 accept existing FR2 slice [12,13]
[repack] proto=177 pc=266 accept existing FR2 slice [7,8]
[repack] proto=177 pc=272 accept existing FR2 slice [7,8]
[repack] proto=177 pc=281 accept existing FR2 slice [7,8]
[repack] proto=177 pc=289 accept existing FR2 slice [8,9]
[repack] proto=177 pc=297 accept existing FR2 slice [7,8]
[repack] proto=177 pc=303 accept existing FR2 slice [7,8]
[repack] proto=177 pc=309 accept existing FR2 slice [7,8]
[repack] proto=177 pc=313 accept existing FR2 slice [8,9]
[repack] slice fail pc=328 interference-at=262 op=ITERL reg=10 range=[9,10]
[repack] simple-local pick pc=327 op=TGETS def=9 range=[9,10]
[repack] simple-local pick pc=84 op=TGETS def=10 range=[9,10]
[repack] proto=177 pc=328 accept existing FR2 slice [9,10]
[repack] proto=177 pc=332 accept existing FR2 slice [10,11]
[repack] proto=177 pc=336 accept existing FR2 slice [10,11]
[repack] proto=177 pc=342 accept existing FR2 slice [10,13]
[repack] slice fail pc=348 interference-at=342 op=CALL reg=11 range=[10,11]
[repack] simple-local pick pc=347 op=SUBVV def=10 range=[10,11]
[repack] simple-local pick pc=339 op=KSTR def=11 range=[10,11]
[repack] proto=177 pc=348 accept existing FR2 slice [10,11]
[repack] proto=177 pc=352 accept existing FR2 slice [10,10]
[repack] proto=177 pc=362 skip FR2 arg shift for CALL(C=3,B=1) cat-tail old=[9,10]
[repack] proto=177 pc=366 accept existing FR2 slice: pre-shifted CALL(C=3) hole preserved old=[6,7] new=[7,8]
[repack] proto=177 pc=366 accept existing FR2 slice [7,8]
[repack] proto=177 pc=377 accept existing FR2 slice [7,7]
[repack] proto=177 pc=392 accept existing FR2 slice [8,10]
[repack] proto=177 pc=402 skip FR2 arg shift for CALL(C=3,B=1) cat-tail old=[7,8]
[repack] proto=177 pc=406 accept existing FR2 slice [7,8]
[repack] proto=177 pc=412 accept existing FR2 slice [7,8]
[repack] proto=177 pc=419 accept existing FR2 slice [9,9]
[repack] proto=177 pc=428 skip FR2 arg shift for pre-shifted CALL(C=3) old=[7,8]
[repack] proto=177 pc=448 reject existing FR2 slice: new-first writer matches old-second old=8(pc=441,MOV) old2=9(pc=445,CAT) new=9(pc=445,CAT)
[repack] proto=177 pc=458 skip FR2 arg shift for CALL(C=3,B=1) cat-tail old=[8,9]
[repack] proto=177 pc=471 skip FR2 arg shift for CALL(C=3,B=1) cat-tail old=[8,9]
[repack] proto=177 pc=479 reject existing FR2 slice: new-first writer matches old-second old=8(pc=476,MOV) old2=9(pc=478,KSTR) new=9(pc=478,KSTR)
[repack] proto=177 pc=487 reject existing FR2 slice: new-first writer matches old-second old=8(pc=484,MOV) old2=9(pc=486,KSTR) new=9(pc=486,KSTR)
[repack] proto=177 pc=496 reject existing FR2 slice: new-first writer matches old-second old=8(pc=491,MOV) old2=9(pc=493,KSTR) new=9(pc=493,KSTR)
[repack] slice fail pc=503 target-at=498 range=[9,10]
[repack] simple-local pick pc=502 op=KSHORT def=9 range=[9,10]
[repack] simple-local pick pc=493 op=KSTR def=10 range=[9,10]
[repack] proto=177 pc=503 accept existing FR2 slice [9,10]
[repack] slice fail pc=510 target-at=498 range=[9,10]
[repack] simple-local pick pc=509 op=KSHORT def=9 range=[9,10]
[repack] simple-local pick pc=493 op=KSTR def=10 range=[9,10]
[repack] proto=177 pc=510 accept existing FR2 slice [9,10]
[repack] proto=177 pc=515 reject existing FR2 slice: new-first writer matches old-second old=8(pc=512,MOV) old2=9(pc=514,KSTR) new=9(pc=514,KSTR)
[repack] proto=177 pc=524 reject existing FR2 slice: new-first writer matches old-second old=8(pc=519,MOV) old2=9(pc=521,KSTR) new=9(pc=521,KSTR)
[repack] slice fail pc=531 target-at=526 range=[9,10]
[repack] simple-local pick pc=530 op=KSHORT def=9 range=[9,10]
[repack] simple-local pick pc=521 op=KSTR def=10 range=[9,10]
[repack] proto=177 pc=531 accept existing FR2 slice [9,10]
[repack] slice fail pc=538 target-at=526 range=[9,10]
[repack] simple-local pick pc=537 op=KSHORT def=9 range=[9,10]
[repack] simple-local pick pc=521 op=KSTR def=10 range=[9,10]
[repack] proto=177 pc=538 accept existing FR2 slice [9,10]
[repack] proto=177 pc=542 reject existing FR2 slice: stale new-first old=8(pc=540,MOV) new=9(pc=537,KSHORT)
[repack] proto=177 pc=572 reject existing FR2 slice: new-first writer matches old-second old=8(pc=569,MOV) old2=9(pc=571,KSTR) new=9(pc=571,KSTR)
[repack] proto=177 pc=591 reject existing FR2 slice: new-first writer matches old-second old=8(pc=584,MOV) old2=9(pc=588,CAT) new=9(pc=588,CAT)
[repack] proto=177 pc=601 skip FR2 arg shift for CALL(C=3,B=1) cat-tail old=[8,9]
[repack] proto=177 pc=605 reject existing FR2 slice: new-first writer matches old-second old=7(pc=602,MOV) old2=8(pc=604,KSTR) new=8(pc=604,KSTR)
[repack] proto=177 pc=620 reject existing FR2 slice: new-first writer matches old-second old=8(pc=617,MOV) old2=9(pc=619,KSTR) new=9(pc=619,KSTR)
[repack] proto=177 pc=639 reject existing FR2 slice: new-first writer matches old-second old=8(pc=632,MOV) old2=9(pc=636,CAT) new=9(pc=636,CAT)
[repack] proto=177 pc=649 skip FR2 arg shift for CALL(C=3,B=1) cat-tail old=[8,9]
[repack] proto=177 pc=653 reject existing FR2 slice: new-first writer matches old-second old=7(pc=650,MOV) old2=8(pc=652,KSTR) new=8(pc=652,KSTR)
[repack] proto=177 pc=662 reject existing FR2 slice: new-first writer matches old-second old=7(pc=659,MOV) old2=8(pc=661,KSTR) new=8(pc=661,KSTR)
[repack] proto=177 pc=678 reject existing FR2 slice: new-first writer matches old-second old=9(pc=675,MOV) old2=10(pc=677,KSTR) new=10(pc=677,KSTR)
[repack] proto=177 pc=698 reject existing FR2 slice: new-first writer matches old-second old=9(pc=693,MOV) old2=10(pc=695,KSTR) new=10(pc=695,KSTR)
[repack] proto=177 pc=709 reject existing FR2 slice: new-first writer matches old-second old=9(pc=706,MOV) old2=10(pc=708,KSTR) new=10(pc=708,KSTR)
[repack] proto=177 pc=717 skip FR2 arg shift for CALL(C=3,B=1) cat-tail old=[9,10]
[repack] proto=177 pc=722 reject existing FR2 slice: new-first writer matches old-second old=7(pc=719,MOV) old2=8(pc=721,KSTR) new=8(pc=721,KSTR)
[repack] proto=177 pc=735 reject existing FR2 slice: new-first writer matches old-second old=7(pc=732,MOV) old2=8(pc=734,KSTR) new=8(pc=734,KSTR)
[repack] proto=177 pc=740 reject existing FR2 slice: new-first writer matches old-second old=7(pc=737,MOV) old2=8(pc=739,KSTR) new=8(pc=739,KSTR)
[repack] proto=177 pc=748 skip FR2 arg shift for CALL(C=3,B=1) cat-tail old=[7,8]
[repack] slice fail pc=760 target-at=754 range=[13,17]
[repack] simple-local pick pc=759 op=MOV def=16 range=[13,17]
[repack] simple-local pick pc=758 op=MOV def=15 range=[13,17]
[repack] simple-local pick pc=757 op=MOV def=14 range=[13,17]
[repack] simple-local pick pc=756 op=MOV def=13 range=[13,17]
[repack] simple-local pick pc=242 op=MOV def=17 range=[13,17]
[repack] proto=177 pc=760 accept existing FR2 slice [13,17]
[repack] slice fail pc=761 interference-at=760 op=CALL reg=11 range=[10,11]
[repack] readonly slice retry fail pc=761 read-at=760 op=CALL reg=11 range=[10,11]
[repack] simple-local pick pc=754 op=MOV def=11 range=[10,11]
[repack] simple-local pick pc=746 op=KSTR def=10 range=[10,11]
[repack] slice fail pc=761 interference-at=760 op=CALL reg=11 range=[11,12]
[repack] simple-local pick pc=755 op=MOV def=12 range=[11,12]
[repack] simple-local pick pc=754 op=MOV def=11 range=[11,12]
[repack] proto=177 pc=761 accept existing FR2 slice [11,12]
[repack] slice fail pc=767 interference-at=762 op=ITERL reg=9 range=[8,9]
[repack] simple-local pick pc=766 op=TGETS def=8 range=[8,9]
[repack] simple-local pick pc=745 op=TGETS def=9 range=[8,9]
[repack] proto=177 pc=767 accept existing FR2 slice [8,9]
[repack] slice fail pc=788 target-at=774 range=[14,18]
[repack] simple-local pick pc=787 op=MOV def=17 range=[14,18]
[repack] simple-local pick pc=786 op=MOV def=16 range=[14,18]
[repack] simple-local pick pc=785 op=MOV def=15 range=[14,18]
[repack] simple-local pick pc=784 op=MOV def=14 range=[14,18]
[repack] simple-local pick pc=241 op=MOV def=18 range=[14,18]
[repack] proto=177 pc=788 accept existing FR2 slice [14,18]
[repack] slice fail pc=789 interference-at=788 op=CALL reg=12 range=[11,12]
[repack] readonly slice retry fail pc=789 read-at=788 op=CALL reg=12 range=[11,12]
[repack] simple-local pick pc=782 op=TGETS def=12 range=[11,12]
[repack] simple-local pick pc=754 op=MOV def=11 range=[11,12]
[repack] slice fail pc=789 interference-at=788 op=CALL reg=12 range=[12,13]
[repack] simple-local pick pc=783 op=MOV def=13 range=[12,13]
[repack] simple-local pick pc=782 op=TGETS def=12 range=[12,13]
[repack] proto=177 pc=789 accept existing FR2 slice [12,13]
[repack] proto=177 pc=820 skip FR2 arg shift for CALL(C=3,B=1) cat-tail old=[9,10]
[repack] proto=177 pc=845 skip FR2 arg shift for CALL(C=3,B=1) cat-tail old=[9,10]
[repack] proto=177 pc=862 skip FR2 arg shift for CALL(C=3,B=1) cat-tail old=[9,10]
[repack] proto=177 pc=876 skip FR2 arg shift for CALL(C=3,B=1) cat-tail old=[9,10]
[repack] proto=177 pc=760 apply proto177 BeforeSkillAnimation callback #1 fix A12..A16 -> A13..A17
[repack] proto=177 pc=788 apply proto177 BeforeSkillAnimation callback #2 fix A13..A17 -> A14..A18
[repack] proto=178 pc=7 reject existing FR2 slice: new-first writer matches old-second old=5(pc=4,MOV) old2=6(pc=6,KSTR) new=6(pc=6,KSTR)
[repack] proto=178 pc=13 reject existing FR2 slice: new-first writer matches old-second old=5(pc=10,MOV) old2=6(pc=12,KSTR) new=6(pc=12,KSTR)
[repack] proto=178 pc=19 reject existing FR2 slice: new-first writer matches old-second old=5(pc=16,MOV) old2=6(pc=18,KSTR) new=6(pc=18,KSTR)
[repack] proto=178 pc=29 reject existing FR2 slice: stale new-first old=6(pc=27,MOV) new=7(pc=18,KSTR)
[repack] proto=178 pc=34 reject existing FR2 slice: new-first writer matches old-second old=6(pc=31,MOV) old2=7(pc=33,KSTR) new=7(pc=33,KSTR)
[repack] proto=178 pc=41 skip FR2 arg shift for CALL(C=3,B=1) cat-tail old=[6,7]
[repack] proto=178 pc=63 skip FR2 arg shift for CALL(C=3,B=1) cat-tail old=[5,6]
[repack] proto=178 pc=67 reject existing FR2 slice: new-first writer matches old-second old=5(pc=64,MOV) old2=6(pc=66,KSTR) new=6(pc=66,KSTR)
[repack] proto=178 pc=83 reject existing FR2 slice: new-first writer matches old-second old=5(pc=80,MOV) old2=6(pc=82,KSTR) new=6(pc=82,KSTR)
[repack] proto=178 pc=95 reject existing FR2 slice: new-first writer matches old-second old=5(pc=92,MOV) old2=6(pc=94,KSTR) new=6(pc=94,KSTR)
[repack] proto=178 pc=110 reject existing FR2 slice: stale new-first old=5(pc=108,MOV) new=6(pc=92,MOV)
[repack] proto=178 pc=132 skip FR2 arg shift for CALL(C=3,B=1) cat-tail old=[5,6]
[repack] proto=178 pc=150 reject existing FR2 slice: stale new-first old=10(pc=149,CAT) new=11(pc=146,TGETS)
[repack] proto=178 pc=159 skip FR2 arg shift for method-self CALL(C=3) old=[10,11] base=9
[repack] slice fail pc=165 interference-at=161 op=FORL reg=6 range=[6,6]
[repack] simple-local pick pc=138 op=KSHORT def=6 range=[6,6]
[repack] proto=178 pc=165 accept existing FR2 slice [6,6]
[repack] slice fail pc=169 interference-at=161 op=FORL reg=6 range=[6,6]
[repack] simple-local pick pc=138 op=KSHORT def=6 range=[6,6]
[repack] proto=178 pc=169 accept existing FR2 slice [6,6]
[repack] slice fail pc=173 interference-at=161 op=FORL reg=7 range=[6,7]
[repack] simple-local pick pc=172 op=TGETS def=6 range=[6,7]
[repack] simple-local pick pc=130 op=KSTR def=7 range=[6,7]
[repack] proto=178 pc=173 accept existing FR2 slice [6,7]
[repack] proto=178 pc=183 reject existing FR2 slice: new-first writer matches old-second old=5(pc=180,MOV) old2=6(pc=182,KSTR) new=6(pc=182,KSTR)
[repack] proto=178 pc=193 reject existing FR2 slice: new-first writer matches old-second old=6(pc=190,MOV) old2=7(pc=192,KSTR) new=7(pc=192,KSTR)
[repack] proto=178 pc=205 reject existing FR2 slice: new-first writer matches old-second old=6(pc=202,MOV) old2=7(pc=204,KSTR) new=7(pc=204,KSTR)
[repack] proto=178 pc=212 skip FR2 arg shift for CALL(C=3,B=1) cat-tail old=[6,7]
[repack] proto=178 pc=225 reject existing FR2 slice: new-first writer matches old-second old=5(pc=222,MOV) old2=6(pc=224,KSTR) new=6(pc=224,KSTR)
[repack] slice fail pc=243 target-at=176 range=[8,9]
[repack] simple-local pick pc=242 op=MOV def=8 range=[8,9]
[repack] simple-local pick pc=157 op=TGETS def=9 range=[8,9]
[repack] proto=178 pc=243 accept existing FR2 slice [8,9]
[repack] slice fail pc=261 target-at=176 range=[9,12]
[repack] simple-local pick pc=260 op=UNM def=11 range=[9,12]
[repack] simple-local pick pc=259 op=KSTR def=10 range=[9,12]
[repack] simple-local pick pc=258 op=TGETS def=9 range=[9,12]
[repack] simple-local pick pc=146 op=TGETS def=12 range=[9,12]
[repack] proto=178 pc=261 accept existing FR2 slice [9,12]
[repack] slice fail pc=266 interference-at=261 op=CALL reg=10 range=[9,10]
[repack] simple-local pick pc=265 op=TGETS def=9 range=[9,10]
[repack] simple-local pick pc=259 op=KSTR def=10 range=[9,10]
[repack] proto=178 pc=266 accept existing FR2 slice [9,10]
[repack] proto=178 pc=274 reject existing FR2 slice: new-first writer matches old-second old=8(pc=269,MOV) old2=9(pc=271,KSTR) new=9(pc=271,KSTR)
[repack] proto=178 pc=278 reject existing FR2 slice: new-first writer matches old-second old=8(pc=275,MOV) old2=9(pc=277,KSTR) new=9(pc=277,KSTR)
[repack] proto=178 pc=292 reject existing FR2 slice: new-first writer matches old-second old=5(pc=289,MOV) old2=6(pc=291,KSTR) new=6(pc=291,KSTR)
[repack] proto=178 pc=298 reject existing FR2 slice: new-first writer matches old-second old=5(pc=295,MOV) old2=6(pc=297,KSTR) new=6(pc=297,KSTR)
[repack] slice fail pc=324 target-at=281 range=[7,10]
[repack] simple-local pick pc=323 op=UNM def=9 range=[7,10]
[repack] simple-local pick pc=322 op=KSTR def=8 range=[7,10]
[repack] simple-local pick pc=321 op=TGETS def=7 range=[7,10]
[repack] simple-local pick pc=277 op=KSTR def=10 range=[7,10]
[repack] proto=178 pc=324 accept existing FR2 slice [7,10]
[repack] proto=178 pc=330 reject existing FR2 slice: new-first writer matches old-second old=6(pc=325,MOV) old2=7(pc=327,KSTR) new=7(pc=327,KSTR)
[repack] proto=178 pc=334 reject existing FR2 slice: new-first writer matches old-second old=6(pc=331,MOV) old2=7(pc=333,KSTR) new=7(pc=333,KSTR)
[repack] proto=178 pc=349 reject existing FR2 slice: new-first writer matches old-second old=6(pc=346,MOV) old2=7(pc=348,KSTR) new=7(pc=348,KSTR)
[repack] slice fail pc=381 target-at=281 range=[8,11]
[repack] simple-local pick pc=380 op=UNM def=10 range=[8,11]
[repack] simple-local pick pc=379 op=KSTR def=9 range=[8,11]
[repack] simple-local pick pc=378 op=TGETS def=8 range=[8,11]
[repack] simple-local pick pc=272 op=KSHORT def=11 range=[8,11]
[repack] proto=178 pc=381 accept existing FR2 slice [8,11]
[repack] proto=178 pc=387 reject existing FR2 slice: new-first writer matches old-second old=7(pc=382,MOV) old2=8(pc=384,KSTR) new=8(pc=384,KSTR)
[repack] proto=178 pc=391 reject existing FR2 slice: new-first writer matches old-second old=7(pc=388,MOV) old2=8(pc=390,KSTR) new=8(pc=390,KSTR)
[repack] proto=178 pc=417 reject existing FR2 slice: new-first writer matches old-second old=11(pc=414,MOV) old2=12(pc=416,KSTR) new=12(pc=416,KSTR)
[repack] proto=178 pc=433 reject existing FR2 slice: new-first writer matches old-second old=11(pc=427,MOV) old2=12(pc=429,KSTR) new=12(pc=429,KSTR)
[repack] slice fail pc=452 interference-at=433 op=CALL reg=14 range=[12,14]
[repack] simple-local pick pc=451 op=MOV def=13 range=[12,14]
[repack] simple-local pick pc=450 op=TGETS def=12 range=[12,14]
[repack] simple-local pick pc=430 op=KSHORT def=14 range=[12,14]
[repack] proto=178 pc=452 accept existing FR2 slice [12,14]
[repack] proto=178 pc=494 reject existing FR2 slice: new-first writer matches old-second old=7(pc=491,MOV) old2=8(pc=493,KSTR) new=8(pc=493,KSTR)
[repack] proto=178 pc=504 skip FR2 arg shift for CALL(C=3,B=1) cat-tail old=[7,8]
[repack] proto=178 pc=524 call-selfdef helper enter consumer=CALL producer=TGETS self=SUBVV producer_b=8 consumer_span=2 producer_c=94
[repack] proto=178 pc=524 call-method-basecopy helper enter consumer=CALL producer=SUBVV producer_b=10 consumer_span=2 producer_c=11
[repack] slice fail pc=417 interference-at=414 op=MOV reg=10 range=[10,10]
[repack] proto=178 pc=524 call-intermediate-producer reject target entry at pc=453 producer_pc=417
[repack] proto=178 pc=524 call-chain helper enter consumer=CALL producer=SUBVV producer_b=10 consumer_span=2 producer_c=11
[repack] proto=178 pc=524 copy-fallback reason=target-touch-fail insert_pc=524 count=1 range=[10,10]->[11,11] deferred=0
[rebuild] proto=178 insert_pc=524 old_proto_total=5459 new_proto_total=5463 old_payload=5457 new_payload=5461 debug_drop=992
[repack] proto=178 pc=3 accept existing FR2 slice [5,5]
[repack] proto=178 pc=7 accept existing FR2 slice [6,7]
[repack] proto=178 pc=13 accept existing FR2 slice [6,7]
[repack] proto=178 pc=19 accept existing FR2 slice [6,7]
[repack] proto=178 pc=29 accept existing FR2 slice [7,7]
[repack] proto=178 pc=34 accept existing FR2 slice [7,8]
[repack] proto=178 pc=41 skip FR2 arg shift for CALL(C=3,B=1) cat-tail old=[6,7]
[repack] proto=178 pc=63 skip FR2 arg shift for CALL(C=3,B=1) cat-tail old=[5,6]
[repack] proto=178 pc=67 accept existing FR2 slice [6,7]
[repack] proto=178 pc=77 accept existing FR2 slice [6,6]
[repack] proto=178 pc=83 accept existing FR2 slice [6,7]
[repack] proto=178 pc=95 accept existing FR2 slice [6,7]
[repack] proto=178 pc=110 accept existing FR2 slice [6,6]
[repack] proto=178 pc=120 accept existing FR2 slice [6,6]
[repack] proto=178 pc=132 skip FR2 arg shift for CALL(C=3,B=1) cat-tail old=[5,6]
[repack] proto=178 pc=150 accept existing FR2 slice [11,11]
[repack] proto=178 pc=159 skip FR2 arg shift for method-self CALL(C=3) old=[10,11] base=9
[repack] slice fail pc=165 interference-at=161 op=FORL reg=6 range=[6,6]
[repack] simple-local pick pc=138 op=KSHORT def=6 range=[6,6]
[repack] proto=178 pc=165 accept existing FR2 slice [6,6]
[repack] slice fail pc=169 interference-at=161 op=FORL reg=6 range=[6,6]
[repack] simple-local pick pc=138 op=KSHORT def=6 range=[6,6]
[repack] proto=178 pc=169 accept existing FR2 slice [6,6]
[repack] slice fail pc=173 interference-at=161 op=FORL reg=7 range=[6,7]
[repack] simple-local pick pc=172 op=TGETS def=6 range=[6,7]
[repack] simple-local pick pc=130 op=KSTR def=7 range=[6,7]
[repack] proto=178 pc=173 accept existing FR2 slice [6,7]
[repack] proto=178 pc=183 accept existing FR2 slice [6,7]
[repack] proto=178 pc=193 accept existing FR2 slice [7,8]
[repack] proto=178 pc=205 accept existing FR2 slice [7,8]
[repack] proto=178 pc=212 skip FR2 arg shift for CALL(C=3,B=1) cat-tail old=[6,7]
[repack] proto=178 pc=225 accept existing FR2 slice [6,7]
[repack] proto=178 pc=238 accept existing FR2 slice [7,7]
[repack] slice fail pc=243 target-at=176 range=[8,9]
[repack] simple-local pick pc=242 op=MOV def=8 range=[8,9]
[repack] simple-local pick pc=157 op=TGETS def=9 range=[8,9]
[repack] proto=178 pc=243 accept existing FR2 slice [8,9]
[repack] proto=178 pc=247 accept existing FR2 slice [9,9]
[repack] slice fail pc=261 target-at=176 range=[9,12]
[repack] simple-local pick pc=260 op=UNM def=11 range=[9,12]
[repack] simple-local pick pc=259 op=KSTR def=10 range=[9,12]
[repack] simple-local pick pc=258 op=TGETS def=9 range=[9,12]
[repack] simple-local pick pc=146 op=TGETS def=12 range=[9,12]
[repack] proto=178 pc=261 accept existing FR2 slice [9,12]
[repack] slice fail pc=266 interference-at=261 op=CALL reg=10 range=[9,10]
[repack] simple-local pick pc=265 op=TGETS def=9 range=[9,10]
[repack] simple-local pick pc=259 op=KSTR def=10 range=[9,10]
[repack] proto=178 pc=266 accept existing FR2 slice [9,10]
[repack] proto=178 pc=274 accept existing FR2 slice [9,12]
[repack] proto=178 pc=278 accept existing FR2 slice [9,10]
[repack] proto=178 pc=292 accept existing FR2 slice: pre-shifted CALL(C=3) hole preserved old=[5,6] new=[6,7]
[repack] proto=178 pc=292 accept existing FR2 slice [6,7]
[repack] proto=178 pc=298 accept existing FR2 slice: pre-shifted CALL(C=3) hole preserved old=[5,6] new=[6,7]
[repack] proto=178 pc=298 accept existing FR2 slice [6,7]
[repack] proto=178 pc=305 accept existing FR2 slice [6,6]
[repack] proto=178 pc=315 accept existing FR2 slice [6,6]
[repack] slice fail pc=324 target-at=281 range=[7,10]
[repack] simple-local pick pc=323 op=UNM def=9 range=[7,10]
[repack] simple-local pick pc=322 op=KSTR def=8 range=[7,10]
[repack] simple-local pick pc=321 op=TGETS def=7 range=[7,10]
[repack] simple-local pick pc=277 op=KSTR def=10 range=[7,10]
[repack] proto=178 pc=324 accept existing FR2 slice [7,10]
[repack] proto=178 pc=330 accept existing FR2 slice [7,10]
[repack] proto=178 pc=334 accept existing FR2 slice [7,8]
[repack] proto=178 pc=349 accept existing FR2 slice [7,8]
[repack] proto=178 pc=356 accept existing FR2 slice [7,7]
[repack] proto=178 pc=366 accept existing FR2 slice [7,7]
[repack] proto=178 pc=372 accept existing FR2 slice [7,7]
[repack] slice fail pc=381 target-at=281 range=[8,11]
[repack] simple-local pick pc=380 op=UNM def=10 range=[8,11]
[repack] simple-local pick pc=379 op=KSTR def=9 range=[8,11]
[repack] simple-local pick pc=378 op=TGETS def=8 range=[8,11]
[repack] simple-local pick pc=272 op=KSHORT def=11 range=[8,11]
[repack] proto=178 pc=381 accept existing FR2 slice [8,11]
[repack] proto=178 pc=387 accept existing FR2 slice [8,11]
[repack] proto=178 pc=391 accept existing FR2 slice [8,9]
[repack] proto=178 pc=405 accept existing FR2 slice [7,7]
[repack] proto=178 pc=417 accept existing FR2 slice [12,13]
[repack] proto=178 pc=433 accept existing FR2 slice [12,16]
[repack] slice fail pc=452 interference-at=433 op=CALL reg=14 range=[12,14]
[repack] simple-local pick pc=451 op=MOV def=13 range=[12,14]
[repack] simple-local pick pc=450 op=TGETS def=12 range=[12,14]
[repack] simple-local pick pc=430 op=KSHORT def=14 range=[12,14]
[repack] proto=178 pc=452 accept existing FR2 slice [12,14]
[repack] proto=178 pc=466 accept existing FR2 slice [6,6]
[repack] proto=178 pc=480 accept existing FR2 slice [8,8]
[repack] proto=178 pc=494 accept existing FR2 slice: pre-shifted CALL(C=3) hole preserved old=[7,8] new=[8,9]
[repack] proto=178 pc=494 accept existing FR2 slice [8,9]
[repack] proto=178 pc=504 skip FR2 arg shift for CALL(C=3,B=1) cat-tail old=[7,8]
[repack] proto=178 pc=513 accept existing FR2 slice [6,6]
[repack] proto=178 pc=525 accept existing FR2 slice [11,11]
[repack] proto=178 pc=531 call-selfdef helper enter consumer=CALL producer=TGETS self=SUBVV producer_b=8 consumer_span=2 producer_c=95
[repack] proto=178 pc=531 call-method-basecopy helper enter consumer=CALL producer=SUBVV producer_b=11 consumer_span=2 producer_c=12
[repack] proto=178 pc=531 call-chain helper enter consumer=CALL producer=SUBVV producer_b=11 consumer_span=2 producer_c=12
[repack] proto=178 pc=531 copy-fallback reason=target-touch-fail insert_pc=531 count=1 range=[11,11]->[12,12] deferred=0
[rebuild] proto=178 insert_pc=531 old_proto_total=5463 new_proto_total=5467 old_payload=5461 new_payload=5465 debug_drop=992
[repack] proto=178 pc=3 accept existing FR2 slice [5,5]
[repack] proto=178 pc=7 accept existing FR2 slice [6,7]
[repack] proto=178 pc=13 accept existing FR2 slice [6,7]
[repack] proto=178 pc=19 accept existing FR2 slice [6,7]
[repack] proto=178 pc=29 accept existing FR2 slice [7,7]
[repack] proto=178 pc=34 accept existing FR2 slice [7,8]
[repack] proto=178 pc=41 skip FR2 arg shift for CALL(C=3,B=1) cat-tail old=[6,7]
[repack] proto=178 pc=63 skip FR2 arg shift for CALL(C=3,B=1) cat-tail old=[5,6]
[repack] proto=178 pc=67 accept existing FR2 slice [6,7]
[repack] proto=178 pc=77 accept existing FR2 slice [6,6]
[repack] proto=178 pc=83 accept existing FR2 slice [6,7]
[repack] proto=178 pc=95 accept existing FR2 slice [6,7]
[repack] proto=178 pc=110 accept existing FR2 slice [6,6]
[repack] proto=178 pc=120 accept existing FR2 slice [6,6]
[repack] proto=178 pc=132 skip FR2 arg shift for CALL(C=3,B=1) cat-tail old=[5,6]
[repack] proto=178 pc=150 accept existing FR2 slice [11,11]
[repack] proto=178 pc=159 skip FR2 arg shift for method-self CALL(C=3) old=[10,11] base=9
[repack] slice fail pc=165 interference-at=161 op=FORL reg=6 range=[6,6]
[repack] simple-local pick pc=138 op=KSHORT def=6 range=[6,6]
[repack] proto=178 pc=165 accept existing FR2 slice [6,6]
[repack] slice fail pc=169 interference-at=161 op=FORL reg=6 range=[6,6]
[repack] simple-local pick pc=138 op=KSHORT def=6 range=[6,6]
[repack] proto=178 pc=169 accept existing FR2 slice [6,6]
[repack] slice fail pc=173 interference-at=161 op=FORL reg=7 range=[6,7]
[repack] simple-local pick pc=172 op=TGETS def=6 range=[6,7]
[repack] simple-local pick pc=130 op=KSTR def=7 range=[6,7]
[repack] proto=178 pc=173 accept existing FR2 slice [6,7]
[repack] proto=178 pc=183 accept existing FR2 slice [6,7]
[repack] proto=178 pc=193 accept existing FR2 slice [7,8]
[repack] proto=178 pc=205 accept existing FR2 slice [7,8]
[repack] proto=178 pc=212 skip FR2 arg shift for CALL(C=3,B=1) cat-tail old=[6,7]
[repack] proto=178 pc=225 accept existing FR2 slice [6,7]
[repack] proto=178 pc=238 accept existing FR2 slice [7,7]
[repack] slice fail pc=243 target-at=176 range=[8,9]
[repack] simple-local pick pc=242 op=MOV def=8 range=[8,9]
[repack] simple-local pick pc=157 op=TGETS def=9 range=[8,9]
[repack] proto=178 pc=243 accept existing FR2 slice [8,9]
[repack] proto=178 pc=247 accept existing FR2 slice [9,9]
[repack] slice fail pc=261 target-at=176 range=[9,12]
[repack] simple-local pick pc=260 op=UNM def=11 range=[9,12]
[repack] simple-local pick pc=259 op=KSTR def=10 range=[9,12]
[repack] simple-local pick pc=258 op=TGETS def=9 range=[9,12]
[repack] simple-local pick pc=146 op=TGETS def=12 range=[9,12]
[repack] proto=178 pc=261 accept existing FR2 slice [9,12]
[repack] slice fail pc=266 interference-at=261 op=CALL reg=10 range=[9,10]
[repack] simple-local pick pc=265 op=TGETS def=9 range=[9,10]
[repack] simple-local pick pc=259 op=KSTR def=10 range=[9,10]
[repack] proto=178 pc=266 accept existing FR2 slice [9,10]
[repack] proto=178 pc=274 accept existing FR2 slice [9,12]
[repack] proto=178 pc=278 accept existing FR2 slice [9,10]
[repack] proto=178 pc=292 accept existing FR2 slice: pre-shifted CALL(C=3) hole preserved old=[5,6] new=[6,7]
[repack] proto=178 pc=292 accept existing FR2 slice [6,7]
[repack] proto=178 pc=298 accept existing FR2 slice: pre-shifted CALL(C=3) hole preserved old=[5,6] new=[6,7]
[repack] proto=178 pc=298 accept existing FR2 slice [6,7]
[repack] proto=178 pc=305 accept existing FR2 slice [6,6]
[repack] proto=178 pc=315 accept existing FR2 slice [6,6]
[repack] slice fail pc=324 target-at=281 range=[7,10]
[repack] simple-local pick pc=323 op=UNM def=9 range=[7,10]
[repack] simple-local pick pc=322 op=KSTR def=8 range=[7,10]
[repack] simple-local pick pc=321 op=TGETS def=7 range=[7,10]
[repack] simple-local pick pc=277 op=KSTR def=10 range=[7,10]
[repack] proto=178 pc=324 accept existing FR2 slice [7,10]
[repack] proto=178 pc=330 accept existing FR2 slice [7,10]
[repack] proto=178 pc=334 accept existing FR2 slice [7,8]
[repack] proto=178 pc=349 accept existing FR2 slice [7,8]
[repack] proto=178 pc=356 accept existing FR2 slice [7,7]
[repack] proto=178 pc=366 accept existing FR2 slice [7,7]
[repack] proto=178 pc=372 accept existing FR2 slice [7,7]
[repack] slice fail pc=381 target-at=281 range=[8,11]
[repack] simple-local pick pc=380 op=UNM def=10 range=[8,11]
[repack] simple-local pick pc=379 op=KSTR def=9 range=[8,11]
[repack] simple-local pick pc=378 op=TGETS def=8 range=[8,11]
[repack] simple-local pick pc=272 op=KSHORT def=11 range=[8,11]
[repack] proto=178 pc=381 accept existing FR2 slice [8,11]
[repack] proto=178 pc=387 accept existing FR2 slice [8,11]
[repack] proto=178 pc=391 accept existing FR2 slice [8,9]
[repack] proto=178 pc=405 accept existing FR2 slice [7,7]
[repack] proto=178 pc=417 accept existing FR2 slice [12,13]
[repack] proto=178 pc=433 accept existing FR2 slice [12,16]
[repack] slice fail pc=452 interference-at=433 op=CALL reg=14 range=[12,14]
[repack] simple-local pick pc=451 op=MOV def=13 range=[12,14]
[repack] simple-local pick pc=450 op=TGETS def=12 range=[12,14]
[repack] simple-local pick pc=430 op=KSHORT def=14 range=[12,14]
[repack] proto=178 pc=452 accept existing FR2 slice [12,14]
[repack] proto=178 pc=466 accept existing FR2 slice [6,6]
[repack] proto=178 pc=480 accept existing FR2 slice [8,8]
[repack] proto=178 pc=494 accept existing FR2 slice: pre-shifted CALL(C=3) hole preserved old=[7,8] new=[8,9]
[repack] proto=178 pc=494 accept existing FR2 slice [8,9]
[repack] proto=178 pc=504 skip FR2 arg shift for CALL(C=3,B=1) cat-tail old=[7,8]
[repack] proto=178 pc=513 accept existing FR2 slice [6,6]
[repack] proto=178 pc=525 accept existing FR2 slice [11,11]
[repack] proto=178 pc=532 accept existing FR2 slice [12,12]
[repack] proto=178 pc=549 reject existing FR2 slice: call-result arg1 aliases old-second old=10(pc=543,CALL) old2=11(pc=548,ADDNV) new=11(pc=548,ADDNV)
[repack] slice fail pc=549 interference-at=543 op=CALL reg=10 range=[10,11]
[repack] readonly slice retry fail pc=549 write-at=543 op=CALL reg=10 range=[10,11]
[repack] simple-local pick pc=548 op=ADDNV def=11 range=[10,11]
[repack] simple-local pick pc=540 op=TGETS def=10 range=[10,11]
[repack] simple-local reject pc=549 reg=10 nearest=543(CALL) not-selected range=[10,11]
[repack] proto=178 pc=549 reject existing FR2 slice: call-result arg1 aliases old-second old=10(pc=543,CALL) old2=11(pc=548,ADDNV) new=11(pc=548,ADDNV)
[repack] proto=178 pc=549 call-selfdef helper enter consumer=CALL producer=MULNV self=ADDNV producer_b=11 consumer_span=3 producer_c=12
[repack] proto=178 pc=549 call-method-basecopy helper enter consumer=CALL producer=ADDNV producer_b=11 consumer_span=3 producer_c=13
[repack] proto=178 pc=549 call-chain helper enter consumer=CALL producer=ADDNV producer_b=11 consumer_span=3 producer_c=13
[repack] proto=178 pc=549 copy-fallback keep legacy-overlap reason=slice-select-fail old=[10,11] new=[11,12] base=9 nargs=2 b=2
[repack] proto=178 pc=549 copy-fallback reason=slice-select-fail insert_pc=549 count=2 range=[10,11]->[11,12] deferred=0
[rebuild] proto=178 insert_pc=549 old_proto_total=5467 new_proto_total=5475 old_payload=5465 new_payload=5473 debug_drop=992
[repack] proto=178 pc=3 accept existing FR2 slice [5,5]
[repack] proto=178 pc=7 accept existing FR2 slice [6,7]
[repack] proto=178 pc=13 accept existing FR2 slice [6,7]
[repack] proto=178 pc=19 accept existing FR2 slice [6,7]
[repack] proto=178 pc=29 accept existing FR2 slice [7,7]
[repack] proto=178 pc=34 accept existing FR2 slice [7,8]
[repack] proto=178 pc=41 skip FR2 arg shift for CALL(C=3,B=1) cat-tail old=[6,7]
[repack] proto=178 pc=63 skip FR2 arg shift for CALL(C=3,B=1) cat-tail old=[5,6]
[repack] proto=178 pc=67 accept existing FR2 slice [6,7]
[repack] proto=178 pc=77 accept existing FR2 slice [6,6]
[repack] proto=178 pc=83 accept existing FR2 slice [6,7]
[repack] proto=178 pc=95 accept existing FR2 slice [6,7]
[repack] proto=178 pc=110 accept existing FR2 slice [6,6]
[repack] proto=178 pc=120 accept existing FR2 slice [6,6]
[repack] proto=178 pc=132 skip FR2 arg shift for CALL(C=3,B=1) cat-tail old=[5,6]
[repack] proto=178 pc=150 accept existing FR2 slice [11,11]
[repack] proto=178 pc=159 skip FR2 arg shift for method-self CALL(C=3) old=[10,11] base=9
[repack] slice fail pc=165 interference-at=161 op=FORL reg=6 range=[6,6]
[repack] simple-local pick pc=138 op=KSHORT def=6 range=[6,6]
[repack] proto=178 pc=165 accept existing FR2 slice [6,6]
[repack] slice fail pc=169 interference-at=161 op=FORL reg=6 range=[6,6]
[repack] simple-local pick pc=138 op=KSHORT def=6 range=[6,6]
[repack] proto=178 pc=169 accept existing FR2 slice [6,6]
[repack] slice fail pc=173 interference-at=161 op=FORL reg=7 range=[6,7]
[repack] simple-local pick pc=172 op=TGETS def=6 range=[6,7]
[repack] simple-local pick pc=130 op=KSTR def=7 range=[6,7]
[repack] proto=178 pc=173 accept existing FR2 slice [6,7]
[repack] proto=178 pc=183 accept existing FR2 slice [6,7]
[repack] proto=178 pc=193 accept existing FR2 slice [7,8]
[repack] proto=178 pc=205 accept existing FR2 slice [7,8]
[repack] proto=178 pc=212 skip FR2 arg shift for CALL(C=3,B=1) cat-tail old=[6,7]
[repack] proto=178 pc=225 accept existing FR2 slice [6,7]
[repack] proto=178 pc=238 accept existing FR2 slice [7,7]
[repack] slice fail pc=243 target-at=176 range=[8,9]
[repack] simple-local pick pc=242 op=MOV def=8 range=[8,9]
[repack] simple-local pick pc=157 op=TGETS def=9 range=[8,9]
[repack] proto=178 pc=243 accept existing FR2 slice [8,9]
[repack] proto=178 pc=247 accept existing FR2 slice [9,9]
[repack] slice fail pc=261 target-at=176 range=[9,12]
[repack] simple-local pick pc=260 op=UNM def=11 range=[9,12]
[repack] simple-local pick pc=259 op=KSTR def=10 range=[9,12]
[repack] simple-local pick pc=258 op=TGETS def=9 range=[9,12]
[repack] simple-local pick pc=146 op=TGETS def=12 range=[9,12]
[repack] proto=178 pc=261 accept existing FR2 slice [9,12]
[repack] slice fail pc=266 interference-at=261 op=CALL reg=10 range=[9,10]
[repack] simple-local pick pc=265 op=TGETS def=9 range=[9,10]
[repack] simple-local pick pc=259 op=KSTR def=10 range=[9,10]
[repack] proto=178 pc=266 accept existing FR2 slice [9,10]
[repack] proto=178 pc=274 accept existing FR2 slice [9,12]
[repack] proto=178 pc=278 accept existing FR2 slice [9,10]
[repack] proto=178 pc=292 accept existing FR2 slice: pre-shifted CALL(C=3) hole preserved old=[5,6] new=[6,7]
[repack] proto=178 pc=292 accept existing FR2 slice [6,7]
[repack] proto=178 pc=298 accept existing FR2 slice: pre-shifted CALL(C=3) hole preserved old=[5,6] new=[6,7]
[repack] proto=178 pc=298 accept existing FR2 slice [6,7]
[repack] proto=178 pc=305 accept existing FR2 slice [6,6]
[repack] proto=178 pc=315 accept existing FR2 slice [6,6]
[repack] slice fail pc=324 target-at=281 range=[7,10]
[repack] simple-local pick pc=323 op=UNM def=9 range=[7,10]
[repack] simple-local pick pc=322 op=KSTR def=8 range=[7,10]
[repack] simple-local pick pc=321 op=TGETS def=7 range=[7,10]
[repack] simple-local pick pc=277 op=KSTR def=10 range=[7,10]
[repack] proto=178 pc=324 accept existing FR2 slice [7,10]
[repack] proto=178 pc=330 accept existing FR2 slice [7,10]
[repack] proto=178 pc=334 accept existing FR2 slice [7,8]
[repack] proto=178 pc=349 accept existing FR2 slice [7,8]
[repack] proto=178 pc=356 accept existing FR2 slice [7,7]
[repack] proto=178 pc=366 accept existing FR2 slice [7,7]
[repack] proto=178 pc=372 accept existing FR2 slice [7,7]
[repack] slice fail pc=381 target-at=281 range=[8,11]
[repack] simple-local pick pc=380 op=UNM def=10 range=[8,11]
[repack] simple-local pick pc=379 op=KSTR def=9 range=[8,11]
[repack] simple-local pick pc=378 op=TGETS def=8 range=[8,11]
[repack] simple-local pick pc=272 op=KSHORT def=11 range=[8,11]
[repack] proto=178 pc=381 accept existing FR2 slice [8,11]
[repack] proto=178 pc=387 accept existing FR2 slice [8,11]
[repack] proto=178 pc=391 accept existing FR2 slice [8,9]
[repack] proto=178 pc=405 accept existing FR2 slice [7,7]
[repack] proto=178 pc=417 accept existing FR2 slice [12,13]
[repack] proto=178 pc=433 accept existing FR2 slice [12,16]
[repack] slice fail pc=452 interference-at=433 op=CALL reg=14 range=[12,14]
[repack] simple-local pick pc=451 op=MOV def=13 range=[12,14]
[repack] simple-local pick pc=450 op=TGETS def=12 range=[12,14]
[repack] simple-local pick pc=430 op=KSHORT def=14 range=[12,14]
[repack] proto=178 pc=452 accept existing FR2 slice [12,14]
[repack] proto=178 pc=466 accept existing FR2 slice [6,6]
[repack] proto=178 pc=480 accept existing FR2 slice [8,8]
[repack] proto=178 pc=494 accept existing FR2 slice: pre-shifted CALL(C=3) hole preserved old=[7,8] new=[8,9]
[repack] proto=178 pc=494 accept existing FR2 slice [8,9]
[repack] proto=178 pc=504 skip FR2 arg shift for CALL(C=3,B=1) cat-tail old=[7,8]
[repack] proto=178 pc=513 accept existing FR2 slice [6,6]
[repack] proto=178 pc=525 accept existing FR2 slice [11,11]
[repack] proto=178 pc=532 accept existing FR2 slice [12,12]
[repack] proto=178 pc=543 accept existing FR2 slice [12,12]
[repack] proto=178 pc=551 skip FR2 arg shift for pre-shifted CALL(C=3) old=[10,11]
[repack] slice fail pc=557 target-at=515 range=[12,13]
[repack] simple-local pick pc=556 op=SUBVV def=12 range=[12,13]
[repack] simple-local pick pc=451 op=MOV def=13 range=[12,13]
[repack] proto=178 pc=557 accept existing FR2 slice [12,13]
[repack] proto=178 pc=564 reject existing FR2 slice: new-first writer matches old-second old=11(pc=559,MOV) old2=12(pc=561,KSTR) new=12(pc=561,KSTR)
[repack] proto=178 pc=576 skip FR2 arg shift for CALL(C=3,B=1) cat-tail old=[11,12]
[repack] slice fail pc=593 interference-at=591 op=CALL reg=12 range=[11,12]
[repack] simple-local pick pc=592 op=ADDVV def=11 range=[11,12]
[repack] simple-local pick pc=588 op=TGETS def=12 range=[11,12]
[repack] simple-local reject pc=593 reg=12 nearest=591(CALL) not-selected range=[11,12]
[repack] slice fail pc=593 interference-at=591 op=CALL reg=12 range=[11,12]
[repack] simple-local pick pc=592 op=ADDVV def=11 range=[11,12]
[repack] simple-local pick pc=588 op=TGETS def=12 range=[11,12]
[repack] simple-local reject pc=593 reg=12 nearest=591(CALL) not-selected range=[11,12]
[repack] proto=178 pc=593 call-selfdef helper enter consumer=CALL producer=CALL self=ADDVV producer_b=2 consumer_span=3 producer_c=2
[repack] proto=178 pc=593 call-method-basecopy helper enter consumer=CALL producer=ADDVV producer_b=11 consumer_span=3 producer_c=12
[repack] proto=178 pc=593 call-chain helper enter consumer=CALL producer=ADDVV producer_b=11 consumer_span=3 producer_c=12
[repack] proto=178 pc=593 copy-fallback keep legacy-overlap reason=target-touch-fail old=[10,11] new=[11,12] base=9 nargs=2 b=2
[repack] proto=178 pc=593 copy-fallback reason=target-touch-fail insert_pc=593 count=2 range=[10,11]->[11,12] deferred=0
[rebuild] proto=178 insert_pc=593 old_proto_total=5475 new_proto_total=5483 old_payload=5473 new_payload=5481 debug_drop=992
[repack] proto=178 pc=3 accept existing FR2 slice [5,5]
[repack] proto=178 pc=7 accept existing FR2 slice [6,7]
[repack] proto=178 pc=13 accept existing FR2 slice [6,7]
[repack] proto=178 pc=19 accept existing FR2 slice [6,7]
[repack] proto=178 pc=29 accept existing FR2 slice [7,7]
[repack] proto=178 pc=34 accept existing FR2 slice [7,8]
[repack] proto=178 pc=41 skip FR2 arg shift for CALL(C=3,B=1) cat-tail old=[6,7]
[repack] proto=178 pc=63 skip FR2 arg shift for CALL(C=3,B=1) cat-tail old=[5,6]
[repack] proto=178 pc=67 accept existing FR2 slice [6,7]
[repack] proto=178 pc=77 accept existing FR2 slice [6,6]
[repack] proto=178 pc=83 accept existing FR2 slice [6,7]
[repack] proto=178 pc=95 accept existing FR2 slice [6,7]
[repack] proto=178 pc=110 accept existing FR2 slice [6,6]
[repack] proto=178 pc=120 accept existing FR2 slice [6,6]
[repack] proto=178 pc=132 skip FR2 arg shift for CALL(C=3,B=1) cat-tail old=[5,6]
[repack] proto=178 pc=150 accept existing FR2 slice [11,11]
[repack] proto=178 pc=159 skip FR2 arg shift for method-self CALL(C=3) old=[10,11] base=9
[repack] slice fail pc=165 interference-at=161 op=FORL reg=6 range=[6,6]
[repack] simple-local pick pc=138 op=KSHORT def=6 range=[6,6]
[repack] proto=178 pc=165 accept existing FR2 slice [6,6]
[repack] slice fail pc=169 interference-at=161 op=FORL reg=6 range=[6,6]
[repack] simple-local pick pc=138 op=KSHORT def=6 range=[6,6]
[repack] proto=178 pc=169 accept existing FR2 slice [6,6]
[repack] slice fail pc=173 interference-at=161 op=FORL reg=7 range=[6,7]
[repack] simple-local pick pc=172 op=TGETS def=6 range=[6,7]
[repack] simple-local pick pc=130 op=KSTR def=7 range=[6,7]
[repack] proto=178 pc=173 accept existing FR2 slice [6,7]
[repack] proto=178 pc=183 accept existing FR2 slice [6,7]
[repack] proto=178 pc=193 accept existing FR2 slice [7,8]
[repack] proto=178 pc=205 accept existing FR2 slice [7,8]
[repack] proto=178 pc=212 skip FR2 arg shift for CALL(C=3,B=1) cat-tail old=[6,7]
[repack] proto=178 pc=225 accept existing FR2 slice [6,7]
[repack] proto=178 pc=238 accept existing FR2 slice [7,7]
[repack] slice fail pc=243 target-at=176 range=[8,9]
[repack] simple-local pick pc=242 op=MOV def=8 range=[8,9]
[repack] simple-local pick pc=157 op=TGETS def=9 range=[8,9]
[repack] proto=178 pc=243 accept existing FR2 slice [8,9]
[repack] proto=178 pc=247 accept existing FR2 slice [9,9]
[repack] slice fail pc=261 target-at=176 range=[9,12]
[repack] simple-local pick pc=260 op=UNM def=11 range=[9,12]
[repack] simple-local pick pc=259 op=KSTR def=10 range=[9,12]
[repack] simple-local pick pc=258 op=TGETS def=9 range=[9,12]
[repack] simple-local pick pc=146 op=TGETS def=12 range=[9,12]
[repack] proto=178 pc=261 accept existing FR2 slice [9,12]
[repack] slice fail pc=266 interference-at=261 op=CALL reg=10 range=[9,10]
[repack] simple-local pick pc=265 op=TGETS def=9 range=[9,10]
[repack] simple-local pick pc=259 op=KSTR def=10 range=[9,10]
[repack] proto=178 pc=266 accept existing FR2 slice [9,10]
[repack] proto=178 pc=274 accept existing FR2 slice [9,12]
[repack] proto=178 pc=278 accept existing FR2 slice [9,10]
[repack] proto=178 pc=292 accept existing FR2 slice: pre-shifted CALL(C=3) hole preserved old=[5,6] new=[6,7]
[repack] proto=178 pc=292 accept existing FR2 slice [6,7]
[repack] proto=178 pc=298 accept existing FR2 slice: pre-shifted CALL(C=3) hole preserved old=[5,6] new=[6,7]
[repack] proto=178 pc=298 accept existing FR2 slice [6,7]
[repack] proto=178 pc=305 accept existing FR2 slice [6,6]
[repack] proto=178 pc=315 accept existing FR2 slice [6,6]
[repack] slice fail pc=324 target-at=281 range=[7,10]
[repack] simple-local pick pc=323 op=UNM def=9 range=[7,10]
[repack] simple-local pick pc=322 op=KSTR def=8 range=[7,10]
[repack] simple-local pick pc=321 op=TGETS def=7 range=[7,10]
[repack] simple-local pick pc=277 op=KSTR def=10 range=[7,10]
[repack] proto=178 pc=324 accept existing FR2 slice [7,10]
[repack] proto=178 pc=330 accept existing FR2 slice [7,10]
[repack] proto=178 pc=334 accept existing FR2 slice [7,8]
[repack] proto=178 pc=349 accept existing FR2 slice [7,8]
[repack] proto=178 pc=356 accept existing FR2 slice [7,7]
[repack] proto=178 pc=366 accept existing FR2 slice [7,7]
[repack] proto=178 pc=372 accept existing FR2 slice [7,7]
[repack] slice fail pc=381 target-at=281 range=[8,11]
[repack] simple-local pick pc=380 op=UNM def=10 range=[8,11]
[repack] simple-local pick pc=379 op=KSTR def=9 range=[8,11]
[repack] simple-local pick pc=378 op=TGETS def=8 range=[8,11]
[repack] simple-local pick pc=272 op=KSHORT def=11 range=[8,11]
[repack] proto=178 pc=381 accept existing FR2 slice [8,11]
[repack] proto=178 pc=387 accept existing FR2 slice [8,11]
[repack] proto=178 pc=391 accept existing FR2 slice [8,9]
[repack] proto=178 pc=405 accept existing FR2 slice [7,7]
[repack] proto=178 pc=417 accept existing FR2 slice [12,13]
[repack] proto=178 pc=433 accept existing FR2 slice [12,16]
[repack] slice fail pc=452 interference-at=433 op=CALL reg=14 range=[12,14]
[repack] simple-local pick pc=451 op=MOV def=13 range=[12,14]
[repack] simple-local pick pc=450 op=TGETS def=12 range=[12,14]
[repack] simple-local pick pc=430 op=KSHORT def=14 range=[12,14]
[repack] proto=178 pc=452 accept existing FR2 slice [12,14]
[repack] proto=178 pc=466 accept existing FR2 slice [6,6]
[repack] proto=178 pc=480 accept existing FR2 slice [8,8]
[repack] proto=178 pc=494 accept existing FR2 slice: pre-shifted CALL(C=3) hole preserved old=[7,8] new=[8,9]
[repack] proto=178 pc=494 accept existing FR2 slice [8,9]
[repack] proto=178 pc=504 skip FR2 arg shift for CALL(C=3,B=1) cat-tail old=[7,8]
[repack] proto=178 pc=513 accept existing FR2 slice [6,6]
[repack] proto=178 pc=525 accept existing FR2 slice [11,11]
[repack] proto=178 pc=532 accept existing FR2 slice [12,12]
[repack] proto=178 pc=543 accept existing FR2 slice [12,12]
[repack] proto=178 pc=551 skip FR2 arg shift for pre-shifted CALL(C=3) old=[10,11]
[repack] slice fail pc=557 target-at=515 range=[12,13]
[repack] simple-local pick pc=556 op=SUBVV def=12 range=[12,13]
[repack] simple-local pick pc=451 op=MOV def=13 range=[12,13]
[repack] proto=178 pc=557 accept existing FR2 slice [12,13]
[repack] proto=178 pc=564 accept existing FR2 slice [12,15]
[repack] proto=178 pc=576 skip FR2 arg shift for CALL(C=3,B=1) cat-tail old=[11,12]
[repack] proto=178 pc=591 accept existing FR2 slice [14,14]
[repack] proto=178 pc=595 skip FR2 arg shift for pre-shifted CALL(C=3) old=[10,11]
[repack] slice fail pc=607 interference-at=605 op=CALL reg=12 range=[11,12]
[repack] simple-local pick pc=606 op=ADDVV def=11 range=[11,12]
[repack] simple-local pick pc=602 op=TGETS def=12 range=[11,12]
[repack] simple-local reject pc=607 reg=12 nearest=605(CALL) not-selected range=[11,12]
[repack] slice fail pc=607 interference-at=605 op=CALL reg=12 range=[11,12]
[repack] simple-local pick pc=606 op=ADDVV def=11 range=[11,12]
[repack] simple-local pick pc=602 op=TGETS def=12 range=[11,12]
[repack] simple-local reject pc=607 reg=12 nearest=605(CALL) not-selected range=[11,12]
[repack] proto=178 pc=607 call-selfdef helper enter consumer=CALL producer=CALL self=ADDVV producer_b=2 consumer_span=3 producer_c=2
[repack] proto=178 pc=607 call-method-basecopy helper enter consumer=CALL producer=ADDVV producer_b=11 consumer_span=3 producer_c=12
[repack] proto=178 pc=607 call-chain helper enter consumer=CALL producer=ADDVV producer_b=11 consumer_span=3 producer_c=12
[repack] proto=178 pc=607 copy-fallback keep legacy-overlap reason=target-touch-fail old=[10,11] new=[11,12] base=9 nargs=2 b=2
[repack] proto=178 pc=607 copy-fallback reason=target-touch-fail insert_pc=607 count=2 range=[10,11]->[11,12] deferred=0
[rebuild] proto=178 insert_pc=607 old_proto_total=5483 new_proto_total=5491 old_payload=5481 new_payload=5489 debug_drop=992
[repack] proto=178 pc=3 accept existing FR2 slice [5,5]
[repack] proto=178 pc=7 accept existing FR2 slice [6,7]
[repack] proto=178 pc=13 accept existing FR2 slice [6,7]
[repack] proto=178 pc=19 accept existing FR2 slice [6,7]
[repack] proto=178 pc=29 accept existing FR2 slice [7,7]
[repack] proto=178 pc=34 accept existing FR2 slice [7,8]
[repack] proto=178 pc=41 skip FR2 arg shift for CALL(C=3,B=1) cat-tail old=[6,7]
[repack] proto=178 pc=63 skip FR2 arg shift for CALL(C=3,B=1) cat-tail old=[5,6]
[repack] proto=178 pc=67 accept existing FR2 slice [6,7]
[repack] proto=178 pc=77 accept existing FR2 slice [6,6]
[repack] proto=178 pc=83 accept existing FR2 slice [6,7]
[repack] proto=178 pc=95 accept existing FR2 slice [6,7]
[repack] proto=178 pc=110 accept existing FR2 slice [6,6]
[repack] proto=178 pc=120 accept existing FR2 slice [6,6]
[repack] proto=178 pc=132 skip FR2 arg shift for CALL(C=3,B=1) cat-tail old=[5,6]
[repack] proto=178 pc=150 accept existing FR2 slice [11,11]
[repack] proto=178 pc=159 skip FR2 arg shift for method-self CALL(C=3) old=[10,11] base=9
[repack] slice fail pc=165 interference-at=161 op=FORL reg=6 range=[6,6]
[repack] simple-local pick pc=138 op=KSHORT def=6 range=[6,6]
[repack] proto=178 pc=165 accept existing FR2 slice [6,6]
[repack] slice fail pc=169 interference-at=161 op=FORL reg=6 range=[6,6]
[repack] simple-local pick pc=138 op=KSHORT def=6 range=[6,6]
[repack] proto=178 pc=169 accept existing FR2 slice [6,6]
[repack] slice fail pc=173 interference-at=161 op=FORL reg=7 range=[6,7]
[repack] simple-local pick pc=172 op=TGETS def=6 range=[6,7]
[repack] simple-local pick pc=130 op=KSTR def=7 range=[6,7]
[repack] proto=178 pc=173 accept existing FR2 slice [6,7]
[repack] proto=178 pc=183 accept existing FR2 slice [6,7]
[repack] proto=178 pc=193 accept existing FR2 slice [7,8]
[repack] proto=178 pc=205 accept existing FR2 slice [7,8]
[repack] proto=178 pc=212 skip FR2 arg shift for CALL(C=3,B=1) cat-tail old=[6,7]
[repack] proto=178 pc=225 accept existing FR2 slice [6,7]
[repack] proto=178 pc=238 accept existing FR2 slice [7,7]
[repack] slice fail pc=243 target-at=176 range=[8,9]
[repack] simple-local pick pc=242 op=MOV def=8 range=[8,9]
[repack] simple-local pick pc=157 op=TGETS def=9 range=[8,9]
[repack] proto=178 pc=243 accept existing FR2 slice [8,9]
[repack] proto=178 pc=247 accept existing FR2 slice [9,9]
[repack] slice fail pc=261 target-at=176 range=[9,12]
[repack] simple-local pick pc=260 op=UNM def=11 range=[9,12]
[repack] simple-local pick pc=259 op=KSTR def=10 range=[9,12]
[repack] simple-local pick pc=258 op=TGETS def=9 range=[9,12]
[repack] simple-local pick pc=146 op=TGETS def=12 range=[9,12]
[repack] proto=178 pc=261 accept existing FR2 slice [9,12]
[repack] slice fail pc=266 interference-at=261 op=CALL reg=10 range=[9,10]
[repack] simple-local pick pc=265 op=TGETS def=9 range=[9,10]
[repack] simple-local pick pc=259 op=KSTR def=10 range=[9,10]
[repack] proto=178 pc=266 accept existing FR2 slice [9,10]
[repack] proto=178 pc=274 accept existing FR2 slice [9,12]
[repack] proto=178 pc=278 accept existing FR2 slice [9,10]
[repack] proto=178 pc=292 accept existing FR2 slice: pre-shifted CALL(C=3) hole preserved old=[5,6] new=[6,7]
[repack] proto=178 pc=292 accept existing FR2 slice [6,7]
[repack] proto=178 pc=298 accept existing FR2 slice: pre-shifted CALL(C=3) hole preserved old=[5,6] new=[6,7]
[repack] proto=178 pc=298 accept existing FR2 slice [6,7]
[repack] proto=178 pc=305 accept existing FR2 slice [6,6]
[repack] proto=178 pc=315 accept existing FR2 slice [6,6]
[repack] slice fail pc=324 target-at=281 range=[7,10]
[repack] simple-local pick pc=323 op=UNM def=9 range=[7,10]
[repack] simple-local pick pc=322 op=KSTR def=8 range=[7,10]
[repack] simple-local pick pc=321 op=TGETS def=7 range=[7,10]
[repack] simple-local pick pc=277 op=KSTR def=10 range=[7,10]
[repack] proto=178 pc=324 accept existing FR2 slice [7,10]
[repack] proto=178 pc=330 accept existing FR2 slice [7,10]
[repack] proto=178 pc=334 accept existing FR2 slice [7,8]
[repack] proto=178 pc=349 accept existing FR2 slice [7,8]
[repack] proto=178 pc=356 accept existing FR2 slice [7,7]
[repack] proto=178 pc=366 accept existing FR2 slice [7,7]
[repack] proto=178 pc=372 accept existing FR2 slice [7,7]
[repack] slice fail pc=381 target-at=281 range=[8,11]
[repack] simple-local pick pc=380 op=UNM def=10 range=[8,11]
[repack] simple-local pick pc=379 op=KSTR def=9 range=[8,11]
[repack] simple-local pick pc=378 op=TGETS def=8 range=[8,11]
[repack] simple-local pick pc=272 op=KSHORT def=11 range=[8,11]
[repack] proto=178 pc=381 accept existing FR2 slice [8,11]
[repack] proto=178 pc=387 accept existing FR2 slice [8,11]
[repack] proto=178 pc=391 accept existing FR2 slice [8,9]
[repack] proto=178 pc=405 accept existing FR2 slice [7,7]
[repack] proto=178 pc=417 accept existing FR2 slice [12,13]
[repack] proto=178 pc=433 accept existing FR2 slice [12,16]
[repack] slice fail pc=452 interference-at=433 op=CALL reg=14 range=[12,14]
[repack] simple-local pick pc=451 op=MOV def=13 range=[12,14]
[repack] simple-local pick pc=450 op=TGETS def=12 range=[12,14]
[repack] simple-local pick pc=430 op=KSHORT def=14 range=[12,14]
[repack] proto=178 pc=452 accept existing FR2 slice [12,14]
[repack] proto=178 pc=466 accept existing FR2 slice [6,6]
[repack] proto=178 pc=480 accept existing FR2 slice [8,8]
[repack] proto=178 pc=494 accept existing FR2 slice: pre-shifted CALL(C=3) hole preserved old=[7,8] new=[8,9]
[repack] proto=178 pc=494 accept existing FR2 slice [8,9]
[repack] proto=178 pc=504 skip FR2 arg shift for CALL(C=3,B=1) cat-tail old=[7,8]
[repack] proto=178 pc=513 accept existing FR2 slice [6,6]
[repack] proto=178 pc=525 accept existing FR2 slice [11,11]
[repack] proto=178 pc=532 accept existing FR2 slice [12,12]
[repack] proto=178 pc=543 accept existing FR2 slice [12,12]
[repack] proto=178 pc=551 skip FR2 arg shift for pre-shifted CALL(C=3) old=[10,11]
[repack] slice fail pc=557 target-at=515 range=[12,13]
[repack] simple-local pick pc=556 op=SUBVV def=12 range=[12,13]
[repack] simple-local pick pc=451 op=MOV def=13 range=[12,13]
[repack] proto=178 pc=557 accept existing FR2 slice [12,13]
[repack] proto=178 pc=564 accept existing FR2 slice [12,15]
[repack] proto=178 pc=576 skip FR2 arg shift for CALL(C=3,B=1) cat-tail old=[11,12]
[repack] proto=178 pc=591 accept existing FR2 slice [14,14]
[repack] proto=178 pc=595 skip FR2 arg shift for pre-shifted CALL(C=3) old=[10,11]
[repack] proto=178 pc=605 accept existing FR2 slice [14,14]
[repack] proto=178 pc=609 skip FR2 arg shift for pre-shifted CALL(C=3) old=[10,11]
[repack] slice fail pc=615 interference-at=609 op=CALL reg=11 range=[11,11]
[repack] simple-local pick pc=608 op=MOV def=11 range=[11,11]
[repack] proto=178 pc=615 accept existing FR2 slice [11,11]
[repack] proto=178 pc=625 skip FR2 arg shift for CALL(C=3,B=1) cat-tail old=[10,11]
[repack] proto=178 pc=652 call-selfdef helper enter consumer=CALL producer=TGETS self=SUBVV producer_b=9 consumer_span=2 producer_c=94
[repack] proto=178 pc=652 call-method-basecopy helper enter consumer=CALL producer=SUBVV producer_b=11 consumer_span=2 producer_c=12
[repack] proto=178 pc=652 call-chain helper enter consumer=CALL producer=SUBVV producer_b=11 consumer_span=2 producer_c=12
[repack] proto=178 pc=652 copy-fallback reason=target-touch-fail insert_pc=652 count=1 range=[11,11]->[12,12] deferred=0
[rebuild] proto=178 insert_pc=652 old_proto_total=5491 new_proto_total=5495 old_payload=5489 new_payload=5493 debug_drop=992
[repack] proto=178 pc=3 accept existing FR2 slice [5,5]
[repack] proto=178 pc=7 accept existing FR2 slice [6,7]
[repack] proto=178 pc=13 accept existing FR2 slice [6,7]
[repack] proto=178 pc=19 accept existing FR2 slice [6,7]
[repack] proto=178 pc=29 accept existing FR2 slice [7,7]
[repack] proto=178 pc=34 accept existing FR2 slice [7,8]
[repack] proto=178 pc=41 skip FR2 arg shift for CALL(C=3,B=1) cat-tail old=[6,7]
[repack] proto=178 pc=63 skip FR2 arg shift for CALL(C=3,B=1) cat-tail old=[5,6]
[repack] proto=178 pc=67 accept existing FR2 slice [6,7]
[repack] proto=178 pc=77 accept existing FR2 slice [6,6]
[repack] proto=178 pc=83 accept existing FR2 slice [6,7]
[repack] proto=178 pc=95 accept existing FR2 slice [6,7]
[repack] proto=178 pc=110 accept existing FR2 slice [6,6]
[repack] proto=178 pc=120 accept existing FR2 slice [6,6]
[repack] proto=178 pc=132 skip FR2 arg shift for CALL(C=3,B=1) cat-tail old=[5,6]
[repack] proto=178 pc=150 accept existing FR2 slice [11,11]
[repack] proto=178 pc=159 skip FR2 arg shift for method-self CALL(C=3) old=[10,11] base=9
[repack] slice fail pc=165 interference-at=161 op=FORL reg=6 range=[6,6]
[repack] simple-local pick pc=138 op=KSHORT def=6 range=[6,6]
[repack] proto=178 pc=165 accept existing FR2 slice [6,6]
[repack] slice fail pc=169 interference-at=161 op=FORL reg=6 range=[6,6]
[repack] simple-local pick pc=138 op=KSHORT def=6 range=[6,6]
[repack] proto=178 pc=169 accept existing FR2 slice [6,6]
[repack] slice fail pc=173 interference-at=161 op=FORL reg=7 range=[6,7]
[repack] simple-local pick pc=172 op=TGETS def=6 range=[6,7]
[repack] simple-local pick pc=130 op=KSTR def=7 range=[6,7]
[repack] proto=178 pc=173 accept existing FR2 slice [6,7]
[repack] proto=178 pc=183 accept existing FR2 slice [6,7]
[repack] proto=178 pc=193 accept existing FR2 slice [7,8]
[repack] proto=178 pc=205 accept existing FR2 slice [7,8]
[repack] proto=178 pc=212 skip FR2 arg shift for CALL(C=3,B=1) cat-tail old=[6,7]
[repack] proto=178 pc=225 accept existing FR2 slice [6,7]
[repack] proto=178 pc=238 accept existing FR2 slice [7,7]
[repack] slice fail pc=243 target-at=176 range=[8,9]
[repack] simple-local pick pc=242 op=MOV def=8 range=[8,9]
[repack] simple-local pick pc=157 op=TGETS def=9 range=[8,9]
[repack] proto=178 pc=243 accept existing FR2 slice [8,9]
[repack] proto=178 pc=247 accept existing FR2 slice [9,9]
[repack] slice fail pc=261 target-at=176 range=[9,12]
[repack] simple-local pick pc=260 op=UNM def=11 range=[9,12]
[repack] simple-local pick pc=259 op=KSTR def=10 range=[9,12]
[repack] simple-local pick pc=258 op=TGETS def=9 range=[9,12]
[repack] simple-local pick pc=146 op=TGETS def=12 range=[9,12]
[repack] proto=178 pc=261 accept existing FR2 slice [9,12]
[repack] slice fail pc=266 interference-at=261 op=CALL reg=10 range=[9,10]
[repack] simple-local pick pc=265 op=TGETS def=9 range=[9,10]
[repack] simple-local pick pc=259 op=KSTR def=10 range=[9,10]
[repack] proto=178 pc=266 accept existing FR2 slice [9,10]
[repack] proto=178 pc=274 accept existing FR2 slice [9,12]
[repack] proto=178 pc=278 accept existing FR2 slice [9,10]
[repack] proto=178 pc=292 accept existing FR2 slice: pre-shifted CALL(C=3) hole preserved old=[5,6] new=[6,7]
[repack] proto=178 pc=292 accept existing FR2 slice [6,7]
[repack] proto=178 pc=298 accept existing FR2 slice: pre-shifted CALL(C=3) hole preserved old=[5,6] new=[6,7]
[repack] proto=178 pc=298 accept existing FR2 slice [6,7]
[repack] proto=178 pc=305 accept existing FR2 slice [6,6]
[repack] proto=178 pc=315 accept existing FR2 slice [6,6]
[repack] slice fail pc=324 target-at=281 range=[7,10]
[repack] simple-local pick pc=323 op=UNM def=9 range=[7,10]
[repack] simple-local pick pc=322 op=KSTR def=8 range=[7,10]
[repack] simple-local pick pc=321 op=TGETS def=7 range=[7,10]
[repack] simple-local pick pc=277 op=KSTR def=10 range=[7,10]
[repack] proto=178 pc=324 accept existing FR2 slice [7,10]
[repack] proto=178 pc=330 accept existing FR2 slice [7,10]
[repack] proto=178 pc=334 accept existing FR2 slice [7,8]
[repack] proto=178 pc=349 accept existing FR2 slice [7,8]
[repack] proto=178 pc=356 accept existing FR2 slice [7,7]
[repack] proto=178 pc=366 accept existing FR2 slice [7,7]
[repack] proto=178 pc=372 accept existing FR2 slice [7,7]
[repack] slice fail pc=381 target-at=281 range=[8,11]
[repack] simple-local pick pc=380 op=UNM def=10 range=[8,11]
[repack] simple-local pick pc=379 op=KSTR def=9 range=[8,11]
[repack] simple-local pick pc=378 op=TGETS def=8 range=[8,11]
[repack] simple-local pick pc=272 op=KSHORT def=11 range=[8,11]
[repack] proto=178 pc=381 accept existing FR2 slice [8,11]
[repack] proto=178 pc=387 accept existing FR2 slice [8,11]
[repack] proto=178 pc=391 accept existing FR2 slice [8,9]
[repack] proto=178 pc=405 accept existing FR2 slice [7,7]
[repack] proto=178 pc=417 accept existing FR2 slice [12,13]
[repack] proto=178 pc=433 accept existing FR2 slice [12,16]
[repack] slice fail pc=452 interference-at=433 op=CALL reg=14 range=[12,14]
[repack] simple-local pick pc=451 op=MOV def=13 range=[12,14]
[repack] simple-local pick pc=450 op=TGETS def=12 range=[12,14]
[repack] simple-local pick pc=430 op=KSHORT def=14 range=[12,14]
[repack] proto=178 pc=452 accept existing FR2 slice [12,14]
[repack] proto=178 pc=466 accept existing FR2 slice [6,6]
[repack] proto=178 pc=480 accept existing FR2 slice [8,8]
[repack] proto=178 pc=494 accept existing FR2 slice: pre-shifted CALL(C=3) hole preserved old=[7,8] new=[8,9]
[repack] proto=178 pc=494 accept existing FR2 slice [8,9]
[repack] proto=178 pc=504 skip FR2 arg shift for CALL(C=3,B=1) cat-tail old=[7,8]
[repack] proto=178 pc=513 accept existing FR2 slice [6,6]
[repack] proto=178 pc=525 accept existing FR2 slice [11,11]
[repack] proto=178 pc=532 accept existing FR2 slice [12,12]
[repack] proto=178 pc=543 accept existing FR2 slice [12,12]
[repack] proto=178 pc=551 skip FR2 arg shift for pre-shifted CALL(C=3) old=[10,11]
[repack] slice fail pc=557 target-at=515 range=[12,13]
[repack] simple-local pick pc=556 op=SUBVV def=12 range=[12,13]
[repack] simple-local pick pc=451 op=MOV def=13 range=[12,13]
[repack] proto=178 pc=557 accept existing FR2 slice [12,13]
[repack] proto=178 pc=564 accept existing FR2 slice [12,15]
[repack] proto=178 pc=576 skip FR2 arg shift for CALL(C=3,B=1) cat-tail old=[11,12]
[repack] proto=178 pc=591 accept existing FR2 slice [14,14]
[repack] proto=178 pc=595 skip FR2 arg shift for pre-shifted CALL(C=3) old=[10,11]
[repack] proto=178 pc=605 accept existing FR2 slice [14,14]
[repack] proto=178 pc=609 skip FR2 arg shift for pre-shifted CALL(C=3) old=[10,11]
[repack] slice fail pc=615 interference-at=609 op=CALL reg=11 range=[11,11]
[repack] simple-local pick pc=608 op=MOV def=11 range=[11,11]
[repack] proto=178 pc=615 accept existing FR2 slice [11,11]
[repack] proto=178 pc=625 skip FR2 arg shift for CALL(C=3,B=1) cat-tail old=[10,11]
[repack] proto=178 pc=638 accept existing FR2 slice [6,6]
[repack] proto=178 pc=641 accept existing FR2 slice [7,7]
[repack] proto=178 pc=653 accept existing FR2 slice [12,12]
[repack] proto=178 pc=659 call-selfdef helper enter consumer=CALL producer=TGETS self=SUBVV producer_b=9 consumer_span=2 producer_c=95
[repack] proto=178 pc=659 call-method-basecopy helper enter consumer=CALL producer=SUBVV producer_b=12 consumer_span=2 producer_c=13
[repack] proto=178 pc=659 call-intermediate-producer target-touch reject blocker_pc=621 op=TGETS reg=13 producer_pc=605
[repack] proto=178 pc=659 call-chain helper enter consumer=CALL producer=SUBVV producer_b=12 consumer_span=2 producer_c=13
[repack] proto=178 pc=659 copy-fallback reason=target-touch-fail insert_pc=659 count=1 range=[12,12]->[13,13] deferred=0
[rebuild] proto=178 insert_pc=659 old_proto_total=5495 new_proto_total=5499 old_payload=5493 new_payload=5497 debug_drop=992
[repack] proto=178 pc=3 accept existing FR2 slice [5,5]
[repack] proto=178 pc=7 accept existing FR2 slice [6,7]
[repack] proto=178 pc=13 accept existing FR2 slice [6,7]
[repack] proto=178 pc=19 accept existing FR2 slice [6,7]
[repack] proto=178 pc=29 accept existing FR2 slice [7,7]
[repack] proto=178 pc=34 accept existing FR2 slice [7,8]
[repack] proto=178 pc=41 skip FR2 arg shift for CALL(C=3,B=1) cat-tail old=[6,7]
[repack] proto=178 pc=63 skip FR2 arg shift for CALL(C=3,B=1) cat-tail old=[5,6]
[repack] proto=178 pc=67 accept existing FR2 slice [6,7]
[repack] proto=178 pc=77 accept existing FR2 slice [6,6]
[repack] proto=178 pc=83 accept existing FR2 slice [6,7]
[repack] proto=178 pc=95 accept existing FR2 slice [6,7]
[repack] proto=178 pc=110 accept existing FR2 slice [6,6]
[repack] proto=178 pc=120 accept existing FR2 slice [6,6]
[repack] proto=178 pc=132 skip FR2 arg shift for CALL(C=3,B=1) cat-tail old=[5,6]
[repack] proto=178 pc=150 accept existing FR2 slice [11,11]
[repack] proto=178 pc=159 skip FR2 arg shift for method-self CALL(C=3) old=[10,11] base=9
[repack] slice fail pc=165 interference-at=161 op=FORL reg=6 range=[6,6]
[repack] simple-local pick pc=138 op=KSHORT def=6 range=[6,6]
[repack] proto=178 pc=165 accept existing FR2 slice [6,6]
[repack] slice fail pc=169 interference-at=161 op=FORL reg=6 range=[6,6]
[repack] simple-local pick pc=138 op=KSHORT def=6 range=[6,6]
[repack] proto=178 pc=169 accept existing FR2 slice [6,6]
[repack] slice fail pc=173 interference-at=161 op=FORL reg=7 range=[6,7]
[repack] simple-local pick pc=172 op=TGETS def=6 range=[6,7]
[repack] simple-local pick pc=130 op=KSTR def=7 range=[6,7]
[repack] proto=178 pc=173 accept existing FR2 slice [6,7]
[repack] proto=178 pc=183 accept existing FR2 slice [6,7]
[repack] proto=178 pc=193 accept existing FR2 slice [7,8]
[repack] proto=178 pc=205 accept existing FR2 slice [7,8]
[repack] proto=178 pc=212 skip FR2 arg shift for CALL(C=3,B=1) cat-tail old=[6,7]
[repack] proto=178 pc=225 accept existing FR2 slice [6,7]
[repack] proto=178 pc=238 accept existing FR2 slice [7,7]
[repack] slice fail pc=243 target-at=176 range=[8,9]
[repack] simple-local pick pc=242 op=MOV def=8 range=[8,9]
[repack] simple-local pick pc=157 op=TGETS def=9 range=[8,9]
[repack] proto=178 pc=243 accept existing FR2 slice [8,9]
[repack] proto=178 pc=247 accept existing FR2 slice [9,9]
[repack] slice fail pc=261 target-at=176 range=[9,12]
[repack] simple-local pick pc=260 op=UNM def=11 range=[9,12]
[repack] simple-local pick pc=259 op=KSTR def=10 range=[9,12]
[repack] simple-local pick pc=258 op=TGETS def=9 range=[9,12]
[repack] simple-local pick pc=146 op=TGETS def=12 range=[9,12]
[repack] proto=178 pc=261 accept existing FR2 slice [9,12]
[repack] slice fail pc=266 interference-at=261 op=CALL reg=10 range=[9,10]
[repack] simple-local pick pc=265 op=TGETS def=9 range=[9,10]
[repack] simple-local pick pc=259 op=KSTR def=10 range=[9,10]
[repack] proto=178 pc=266 accept existing FR2 slice [9,10]
[repack] proto=178 pc=274 accept existing FR2 slice [9,12]
[repack] proto=178 pc=278 accept existing FR2 slice [9,10]
[repack] proto=178 pc=292 accept existing FR2 slice: pre-shifted CALL(C=3) hole preserved old=[5,6] new=[6,7]
[repack] proto=178 pc=292 accept existing FR2 slice [6,7]
[repack] proto=178 pc=298 accept existing FR2 slice: pre-shifted CALL(C=3) hole preserved old=[5,6] new=[6,7]
[repack] proto=178 pc=298 accept existing FR2 slice [6,7]
[repack] proto=178 pc=305 accept existing FR2 slice [6,6]
[repack] proto=178 pc=315 accept existing FR2 slice [6,6]
[repack] slice fail pc=324 target-at=281 range=[7,10]
[repack] simple-local pick pc=323 op=UNM def=9 range=[7,10]
[repack] simple-local pick pc=322 op=KSTR def=8 range=[7,10]
[repack] simple-local pick pc=321 op=TGETS def=7 range=[7,10]
[repack] simple-local pick pc=277 op=KSTR def=10 range=[7,10]
[repack] proto=178 pc=324 accept existing FR2 slice [7,10]
[repack] proto=178 pc=330 accept existing FR2 slice [7,10]
[repack] proto=178 pc=334 accept existing FR2 slice [7,8]
[repack] proto=178 pc=349 accept existing FR2 slice [7,8]
[repack] proto=178 pc=356 accept existing FR2 slice [7,7]
[repack] proto=178 pc=366 accept existing FR2 slice [7,7]
[repack] proto=178 pc=372 accept existing FR2 slice [7,7]
[repack] slice fail pc=381 target-at=281 range=[8,11]
[repack] simple-local pick pc=380 op=UNM def=10 range=[8,11]
[repack] simple-local pick pc=379 op=KSTR def=9 range=[8,11]
[repack] simple-local pick pc=378 op=TGETS def=8 range=[8,11]
[repack] simple-local pick pc=272 op=KSHORT def=11 range=[8,11]
[repack] proto=178 pc=381 accept existing FR2 slice [8,11]
[repack] proto=178 pc=387 accept existing FR2 slice [8,11]
[repack] proto=178 pc=391 accept existing FR2 slice [8,9]
[repack] proto=178 pc=405 accept existing FR2 slice [7,7]
[repack] proto=178 pc=417 accept existing FR2 slice [12,13]
[repack] proto=178 pc=433 accept existing FR2 slice [12,16]
[repack] slice fail pc=452 interference-at=433 op=CALL reg=14 range=[12,14]
[repack] simple-local pick pc=451 op=MOV def=13 range=[12,14]
[repack] simple-local pick pc=450 op=TGETS def=12 range=[12,14]
[repack] simple-local pick pc=430 op=KSHORT def=14 range=[12,14]
[repack] proto=178 pc=452 accept existing FR2 slice [12,14]
[repack] proto=178 pc=466 accept existing FR2 slice [6,6]
[repack] proto=178 pc=480 accept existing FR2 slice [8,8]
[repack] proto=178 pc=494 accept existing FR2 slice: pre-shifted CALL(C=3) hole preserved old=[7,8] new=[8,9]
[repack] proto=178 pc=494 accept existing FR2 slice [8,9]
[repack] proto=178 pc=504 skip FR2 arg shift for CALL(C=3,B=1) cat-tail old=[7,8]
[repack] proto=178 pc=513 accept existing FR2 slice [6,6]
[repack] proto=178 pc=525 accept existing FR2 slice [11,11]
[repack] proto=178 pc=532 accept existing FR2 slice [12,12]
[repack] proto=178 pc=543 accept existing FR2 slice [12,12]
[repack] proto=178 pc=551 skip FR2 arg shift for pre-shifted CALL(C=3) old=[10,11]
[repack] slice fail pc=557 target-at=515 range=[12,13]
[repack] simple-local pick pc=556 op=SUBVV def=12 range=[12,13]
[repack] simple-local pick pc=451 op=MOV def=13 range=[12,13]
[repack] proto=178 pc=557 accept existing FR2 slice [12,13]
[repack] proto=178 pc=564 accept existing FR2 slice [12,15]
[repack] proto=178 pc=576 skip FR2 arg shift for CALL(C=3,B=1) cat-tail old=[11,12]
[repack] proto=178 pc=591 accept existing FR2 slice [14,14]
[repack] proto=178 pc=595 skip FR2 arg shift for pre-shifted CALL(C=3) old=[10,11]
[repack] proto=178 pc=605 accept existing FR2 slice [14,14]
[repack] proto=178 pc=609 skip FR2 arg shift for pre-shifted CALL(C=3) old=[10,11]
[repack] slice fail pc=615 interference-at=609 op=CALL reg=11 range=[11,11]
[repack] simple-local pick pc=608 op=MOV def=11 range=[11,11]
[repack] proto=178 pc=615 accept existing FR2 slice [11,11]
[repack] proto=178 pc=625 skip FR2 arg shift for CALL(C=3,B=1) cat-tail old=[10,11]
[repack] proto=178 pc=638 accept existing FR2 slice [6,6]
[repack] proto=178 pc=641 accept existing FR2 slice [7,7]
[repack] proto=178 pc=653 accept existing FR2 slice [12,12]
[repack] proto=178 pc=660 accept existing FR2 slice [13,13]
[repack] proto=178 pc=670 accept existing FR2 slice [12,13]
[repack] proto=178 pc=683 skip FR2 arg shift for CALL(C=3,B=1) cat-tail old=[11,12]
[repack] proto=178 pc=713 reject existing FR2 slice: first-arg seed old=5(pc=711,TGETS) new=6(pc=712,KSTR)
[repack] slice fail pc=8 unresolved reg=12 range=[11,12]
[repack] simple-local pick pc=7 op=MOV def=11 range=[11,12]
[repack] simple-local missing reg=12 range=[11,12]
[repack] proto=179 pc=14 reject existing FR2 slice: proto179 Rest DeleteBuff method self window old=[10,11] new=[11,12]
[repack] proto=179 pc=24 skip FR2 arg shift for CALL(C=3,B=1) cat-tail old=[10,11]
[repack] proto=179 pc=24 apply proto179 Rest bf.Log self fix A10..A15 -> A11..A16
[repack] proto=180 pc=6 call-selfdef helper enter consumer=CALL producer=SUBVV self=MULVN producer_b=4 consumer_span=2 producer_c=5
[repack] proto=180 pc=6 call-method-basecopy helper enter consumer=CALL producer=MULVN producer_b=4 consumer_span=2 producer_c=0
[repack] proto=180 pc=6 call-chain helper enter consumer=CALL producer=MULVN producer_b=4 consumer_span=2 producer_c=0
[repack] proto=180 pc=6 copy-fallback reason=target-touch-fail insert_pc=6 count=1 range=[4,4]->[5,5] deferred=0
[rebuild] proto=180 insert_pc=6 old_proto_total=285 new_proto_total=289 old_payload=283 new_payload=287 debug_drop=73
[repack] proto=180 pc=7 accept existing FR2 slice [5,5]
[repack] proto=180 pc=22 reject existing FR2 slice: new-first writer matches old-second old=5(pc=17,MOV) old2=6(pc=19,KSTR) new=6(pc=19,KSTR)
[repack] proto=180 pc=26 reject existing FR2 slice: new-first writer matches old-second old=5(pc=23,MOV) old2=6(pc=25,KSTR) new=6(pc=25,KSTR)
[repack] proto=181 pc=8 call-selfdef helper enter consumer=CALL producer=MULVN self=ADDVV producer_b=5 consumer_span=2 producer_c=1
[repack] proto=181 pc=8 call-method-basecopy helper enter consumer=CALL producer=ADDVV producer_b=4 consumer_span=2 producer_c=5
[repack] proto=181 pc=8 call-chain helper enter consumer=CALL producer=ADDVV producer_b=4 consumer_span=2 producer_c=5
[repack] proto=181 pc=8 copy-fallback reason=target-touch-fail insert_pc=8 count=1 range=[4,4]->[5,5] deferred=0
[rebuild] proto=181 insert_pc=8 old_proto_total=395 new_proto_total=399 old_payload=393 new_payload=397 debug_drop=101
[repack] proto=181 pc=9 accept existing FR2 slice [5,5]
[repack] proto=181 pc=16 reject existing FR2 slice: new-first writer matches old-second old=5(pc=13,MOV) old2=6(pc=15,KSTR) new=6(pc=15,KSTR)
[repack] proto=181 pc=22 reject existing FR2 slice: new-first writer matches old-second old=5(pc=19,MOV) old2=6(pc=21,KSTR) new=6(pc=21,KSTR)
[repack] slice fail pc=27 unresolved reg=8 range=[7,8]
[repack] simple-local pick pc=26 op=KSHORT def=7 range=[7,8]
[repack] simple-local missing reg=8 range=[7,8]
[repack] proto=181 pc=40 reject existing FR2 slice: new-first writer matches old-second old=5(pc=35,MOV) old2=6(pc=37,KSTR) new=6(pc=37,KSTR)
[repack] proto=182 pc=6 reject existing FR2 slice: new-first writer matches old-second old=4(pc=3,MOV) old2=5(pc=5,KSTR) new=5(pc=5,KSTR)
[repack] proto=182 pc=11 reject existing FR2 slice: stale new-first old=4(pc=9,MOV) new=5(pc=3,MOV)
[repack] proto=182 pc=15 reject existing FR2 slice: new-first writer matches old-second old=4(pc=12,MOV) old2=5(pc=14,KSTR) new=5(pc=14,KSTR)
[repack] proto=183 pc=6 reject existing FR2 slice: new-first writer matches old-second old=4(pc=3,MOV) old2=5(pc=5,KSTR) new=5(pc=5,KSTR)
[repack] proto=183 pc=11 reject existing FR2 slice: stale new-first old=4(pc=9,MOV) new=5(pc=3,MOV)
[repack] proto=184 pc=6 reject existing FR2 slice: new-first writer matches old-second old=4(pc=3,MOV) old2=5(pc=5,KSTR) new=5(pc=5,KSTR)
[repack] proto=184 pc=17 reject existing FR2 slice: stale new-first old=4(pc=15,MOV) new=5(pc=11,KNUM)
[repack] proto=185 pc=3 reject existing FR2 slice: new-first writer matches old-second old=4(pc=0,MOV) old2=5(pc=2,KSTR) new=5(pc=2,KSTR)
[repack] proto=185 pc=9 reject existing FR2 slice: new-first writer matches old-second old=4(pc=6,MOV) old2=5(pc=8,KSTR) new=5(pc=8,KSTR)
[repack] slice fail pc=14 unresolved reg=7 range=[6,7]
[repack] simple-local pick pc=13 op=KSHORT def=6 range=[6,7]
[repack] simple-local missing reg=7 range=[6,7]
[repack] proto=185 pc=23 reject existing FR2 slice: stale new-first old=6(pc=21,MOV) new=7(pc=13,KSHORT)
[repack] proto=185 pc=30 reject existing FR2 slice: new-first writer matches old-second old=4(pc=25,MOV) old2=5(pc=27,KSTR) new=5(pc=27,KSTR)
[repack] proto=186 pc=8 reject existing FR2 slice: first-arg seed old=6(pc=6,TGETS) new=7(pc=7,KSHORT)
[repack] slice fail pc=14 interference-at=8 op=CALL reg=5 range=[5,5]
[repack] readonly slice retry fail pc=14 write-at=8 op=CALL reg=5 range=[5,5]
[repack] simple-local pick pc=13 op=MULVV def=5 range=[5,5]
[repack] proto=186 pc=20 reject existing FR2 slice: new-first writer matches old-second old=4(pc=17,MOV) old2=5(pc=19,KSTR) new=5(pc=19,KSTR)
[repack] proto=186 pc=26 reject existing FR2 slice: new-first writer matches old-second old=4(pc=23,MOV) old2=5(pc=25,KSTR) new=5(pc=25,KSTR)
[repack] proto=186 pc=43 reject existing FR2 slice: new-first writer matches old-second old=4(pc=38,MOV) old2=5(pc=40,KSTR) new=5(pc=40,KSTR)
[repack] proto=186 pc=47 reject existing FR2 slice: new-first writer matches old-second old=4(pc=44,MOV) old2=5(pc=46,KSTR) new=5(pc=46,KSTR)
[repack] proto=187 pc=6 call-selfdef helper enter consumer=CALL producer=SUBVV self=MULVN producer_b=4 consumer_span=2 producer_c=5
[repack] proto=187 pc=6 call-method-basecopy helper enter consumer=CALL producer=MULVN producer_b=4 consumer_span=2 producer_c=0
[repack] proto=187 pc=6 call-chain helper enter consumer=CALL producer=MULVN producer_b=4 consumer_span=2 producer_c=0
[repack] proto=187 pc=6 copy-fallback reason=target-touch-fail insert_pc=6 count=1 range=[4,4]->[5,5] deferred=0
[rebuild] proto=187 insert_pc=6 old_proto_total=347 new_proto_total=351 old_payload=345 new_payload=349 debug_drop=90
[repack] proto=187 pc=7 accept existing FR2 slice [5,5]
[repack] proto=187 pc=14 call-selfdef helper enter consumer=CALL producer=SUBVV self=MULVN producer_b=5 consumer_span=2 producer_c=6
[repack] proto=187 pc=14 call-method-basecopy helper enter consumer=CALL producer=MULVN producer_b=5 consumer_span=2 producer_c=0
[repack] proto=187 pc=14 call-chain helper enter consumer=CALL producer=MULVN producer_b=5 consumer_span=2 producer_c=0
[repack] proto=187 pc=14 copy-fallback reason=target-touch-fail insert_pc=14 count=1 range=[5,5]->[6,6] deferred=0
[rebuild] proto=187 insert_pc=14 old_proto_total=351 new_proto_total=355 old_payload=349 new_payload=353 debug_drop=90
[repack] proto=187 pc=7 accept existing FR2 slice [5,5]
[repack] proto=187 pc=15 accept existing FR2 slice [6,6]
[repack] proto=187 pc=31 reject existing FR2 slice: new-first writer matches old-second old=6(pc=28,MOV) old2=7(pc=30,KSTR) new=7(pc=30,KSTR)
[repack] proto=187 pc=37 reject existing FR2 slice: new-first writer matches old-second old=6(pc=34,MOV) old2=7(pc=36,KSTR) new=7(pc=36,KSTR)
[repack] proto=188 pc=6 call-selfdef helper enter consumer=CALL producer=SUBVV self=MULVN producer_b=4 consumer_span=2 producer_c=5
[repack] proto=188 pc=6 call-method-basecopy helper enter consumer=CALL producer=MULVN producer_b=4 consumer_span=2 producer_c=0
[repack] proto=188 pc=6 call-chain helper enter consumer=CALL producer=MULVN producer_b=4 consumer_span=2 producer_c=0
[repack] proto=188 pc=6 copy-fallback reason=target-touch-fail insert_pc=6 count=1 range=[4,4]->[5,5] deferred=0
[rebuild] proto=188 insert_pc=6 old_proto_total=587 new_proto_total=591 old_payload=585 new_payload=589 debug_drop=125
[repack] proto=188 pc=7 accept existing FR2 slice [5,5]
[repack] proto=188 pc=14 call-selfdef helper enter consumer=CALL producer=SUBVV self=MULVN producer_b=5 consumer_span=2 producer_c=6
[repack] proto=188 pc=14 call-method-basecopy helper enter consumer=CALL producer=MULVN producer_b=5 consumer_span=2 producer_c=1
[repack] proto=188 pc=14 call-chain helper enter consumer=CALL producer=MULVN producer_b=5 consumer_span=2 producer_c=1
[repack] proto=188 pc=14 copy-fallback reason=target-touch-fail insert_pc=14 count=1 range=[5,5]->[6,6] deferred=0
[rebuild] proto=188 insert_pc=14 old_proto_total=591 new_proto_total=595 old_payload=589 new_payload=593 debug_drop=125
[repack] proto=188 pc=7 accept existing FR2 slice [5,5]
[repack] proto=188 pc=15 accept existing FR2 slice [6,6]
[repack] proto=188 pc=19 reject existing FR2 slice: new-first writer matches old-second old=6(pc=16,MOV) old2=7(pc=18,KSTR) new=7(pc=18,KSTR)
[repack] proto=188 pc=25 reject existing FR2 slice: new-first writer matches old-second old=6(pc=22,MOV) old2=7(pc=24,KSTR) new=7(pc=24,KSTR)
[repack] proto=188 pc=29 reject existing FR2 slice: new-first writer matches old-second old=6(pc=26,MOV) old2=7(pc=28,KSTR) new=7(pc=28,KSTR)
[repack] proto=188 pc=35 reject existing FR2 slice: new-first writer matches old-second old=6(pc=32,MOV) old2=7(pc=34,KSTR) new=7(pc=34,KSTR)
[repack] proto=188 pc=43 reject existing FR2 slice: new-first writer matches old-second old=6(pc=40,MOV) old2=7(pc=42,KSTR) new=7(pc=42,KSTR)
[repack] proto=188 pc=49 reject existing FR2 slice: new-first writer matches old-second old=6(pc=46,MOV) old2=7(pc=48,KSTR) new=7(pc=48,KSTR)
[repack] slice fail pc=58 unresolved reg=9 range=[8,9]
[repack] simple-local pick pc=57 op=KSHORT def=8 range=[8,9]
[repack] simple-local missing reg=9 range=[8,9]
[repack] proto=188 pc=66 reject existing FR2 slice: new-first writer matches old-second old=6(pc=61,MOV) old2=7(pc=63,KSTR) new=7(pc=63,KSTR)
[repack] slice fail pc=19 unresolved reg=6 range=[5,6]
[repack] simple-local pick pc=18 op=KSHORT def=5 range=[5,6]
[repack] simple-local missing reg=6 range=[5,6]
[repack] proto=189 pc=28 call-selfdef helper enter consumer=CALL producer=MULVV self=MULVN producer_b=6 consumer_span=2 producer_c=3
[repack] proto=189 pc=28 call-method-basecopy helper enter consumer=CALL producer=MULVN producer_b=6 consumer_span=2 producer_c=2
[repack] proto=189 pc=28 call-chain helper enter consumer=CALL producer=MULVN producer_b=6 consumer_span=2 producer_c=2
[repack] proto=189 pc=28 copy-fallback reason=target-touch-fail insert_pc=28 count=1 range=[6,6]->[7,7] deferred=0
[rebuild] proto=189 insert_pc=28 old_proto_total=625 new_proto_total=629 old_payload=623 new_payload=627 debug_drop=125
[repack] proto=189 pc=19 accept existing FR2 slice [5,6]
[repack] proto=189 pc=29 accept existing FR2 slice [7,7]
[repack] proto=189 pc=40 call-selfdef helper enter consumer=CALL producer=MULVV self=MULVN producer_b=6 consumer_span=2 producer_c=3
[repack] proto=189 pc=40 call-method-basecopy helper enter consumer=CALL producer=MULVN producer_b=6 consumer_span=2 producer_c=2
[repack] proto=189 pc=40 call-chain helper enter consumer=CALL producer=MULVN producer_b=6 consumer_span=2 producer_c=2
[repack] proto=189 pc=40 copy-fallback reason=target-touch-fail insert_pc=40 count=1 range=[6,6]->[7,7] deferred=0
[rebuild] proto=189 insert_pc=40 old_proto_total=629 new_proto_total=633 old_payload=627 new_payload=631 debug_drop=125
[repack] proto=189 pc=19 accept existing FR2 slice [5,6]
[repack] proto=189 pc=29 accept existing FR2 slice [7,7]
[repack] proto=189 pc=41 accept existing FR2 slice [7,7]
[repack] proto=189 pc=62 skip FR2 arg shift for CALL(C=3,B=1) cat-tail old=[5,6]
[repack] proto=190 pc=12 accept existing FR2 slice [5,6]
[repack] proto=190 pc=25 call-selfdef helper enter consumer=CALL producer=MULVV self=ADDVV producer_b=6 consumer_span=2 producer_c=3
[repack] proto=190 pc=25 call-method-basecopy helper enter consumer=CALL producer=ADDVV producer_b=5 consumer_span=2 producer_c=6
[repack] proto=190 pc=25 call-chain helper enter consumer=CALL producer=ADDVV producer_b=5 consumer_span=2 producer_c=6
[repack] proto=190 pc=25 copy-fallback reason=target-touch-fail insert_pc=25 count=1 range=[5,5]->[6,6] deferred=0
[rebuild] proto=190 insert_pc=25 old_proto_total=584 new_proto_total=588 old_payload=582 new_payload=586 debug_drop=155
[repack] proto=190 pc=5 accept existing FR2 slice [6,6]
[repack] proto=190 pc=12 accept existing FR2 slice [5,6]
[repack] proto=190 pc=26 accept existing FR2 slice [6,6]
[repack] proto=190 pc=46 reject existing FR2 slice: new-first writer matches old-second old=11(pc=39,MOV) old2=12(pc=43,CAT) new=12(pc=43,CAT)
[repack] proto=190 pc=50 reject existing FR2 slice: new-first writer matches old-second old=11(pc=47,MOV) old2=12(pc=49,KSTR) new=12(pc=49,KSTR)
[repack] proto=191 pc=3 reject existing FR2 slice: new-first writer matches old-second old=4(pc=0,MOV) old2=5(pc=2,KSTR) new=5(pc=2,KSTR)
[repack] proto=191 pc=9 reject existing FR2 slice: new-first writer matches old-second old=4(pc=6,MOV) old2=5(pc=8,KSTR) new=5(pc=8,KSTR)
[repack] proto=191 pc=17 reject existing FR2 slice: new-first writer matches old-second old=5(pc=14,MOV) old2=6(pc=16,KSTR) new=6(pc=16,KSTR)
[repack] proto=191 pc=38 reject existing FR2 slice: call-result arg1 aliases old-second old=10(pc=36,CALL) old2=11(pc=37,TGETS) new=11(pc=37,TGETS)
[repack] slice fail pc=38 interference-at=36 op=CALL reg=10 range=[10,11]
[repack] readonly slice retry fail pc=38 write-at=36 op=CALL reg=10 range=[10,11]
[repack] simple-local pick pc=37 op=TGETS def=11 range=[10,11]
[repack] simple-local pick pc=33 op=TGETS def=10 range=[10,11]
[repack] simple-local reject pc=38 reg=10 nearest=36(CALL) not-selected range=[10,11]
[repack] proto=191 pc=38 reject existing FR2 slice: call-result arg1 aliases old-second old=10(pc=36,CALL) old2=11(pc=37,TGETS) new=11(pc=37,TGETS)
[repack] proto=191 pc=38 call-selfdef helper enter consumer=CALL producer=CALL self=TGETS producer_b=2 consumer_span=3 producer_c=2
[repack] proto=191 pc=38 call-method-basecopy helper enter consumer=CALL producer=TGETS producer_b=8 consumer_span=3 producer_c=12
[repack] proto=191 pc=38 call-chain helper enter consumer=CALL producer=TGETS producer_b=8 consumer_span=3 producer_c=12
[repack] proto=191 pc=38 copy-fallback keep legacy-overlap reason=slice-select-fail old=[10,11] new=[11,12] base=9 nargs=2 b=2
[repack] proto=191 pc=38 copy-fallback reason=slice-select-fail insert_pc=38 count=2 range=[10,11]->[11,12] deferred=0
[rebuild] proto=191 insert_pc=38 old_proto_total=460 new_proto_total=468 old_payload=458 new_payload=466 debug_drop=110
[repack] proto=191 pc=3 accept existing FR2 slice [5,6]
[repack] proto=191 pc=9 accept existing FR2 slice [5,6]
[repack] proto=191 pc=17 accept existing FR2 slice [6,7]
[repack] proto=191 pc=24 accept existing FR2 slice [6,6]
[repack] proto=191 pc=36 accept existing FR2 slice [12,12]
[repack] proto=191 pc=40 skip FR2 arg shift for pre-shifted CALL(C=3) old=[10,11]
[repack] proto=191 pc=45 reject existing FR2 slice: new-first writer matches old-second old=10(pc=42,MOV) old2=11(pc=44,KSTR) new=11(pc=44,KSTR)
[repack] proto=192 pc=16 reject existing FR2 slice: new-first writer matches old-second old=6(pc=13,MOV) old2=7(pc=15,KSTR) new=7(pc=15,KSTR)
[repack] proto=192 pc=23 reject existing FR2 slice: new-first writer matches old-second old=6(pc=20,MOV) old2=7(pc=22,KSTR) new=7(pc=22,KSTR)
[repack] proto=192 pc=28 reject existing FR2 slice: new-first writer matches old-second old=6(pc=25,MOV) old2=7(pc=27,KSTR) new=7(pc=27,KSTR)
[repack] proto=192 pc=32 reject existing FR2 slice: new-first writer matches old-second old=6(pc=29,MOV) old2=7(pc=31,KSTR) new=7(pc=31,KSTR)
[repack] proto=192 pc=38 reject existing FR2 slice: new-first writer matches old-second old=6(pc=35,MOV) old2=7(pc=37,KSTR) new=7(pc=37,KSTR)
[repack] proto=192 pc=42 reject existing FR2 slice: new-first writer matches old-second old=6(pc=39,MOV) old2=7(pc=41,KSTR) new=7(pc=41,KSTR)
[repack] proto=192 pc=48 reject existing FR2 slice: new-first writer matches old-second old=6(pc=45,MOV) old2=7(pc=47,KSTR) new=7(pc=47,KSTR)
[repack] proto=192 pc=52 reject existing FR2 slice: new-first writer matches old-second old=6(pc=49,MOV) old2=7(pc=51,KSTR) new=7(pc=51,KSTR)
[repack] proto=192 pc=58 reject existing FR2 slice: new-first writer matches old-second old=6(pc=55,MOV) old2=7(pc=57,KSTR) new=7(pc=57,KSTR)
[repack] proto=192 pc=68 reject existing FR2 slice: stale new-first old=7(pc=66,MOV) new=8(pc=57,KSTR)
[repack] proto=192 pc=73 reject existing FR2 slice: new-first writer matches old-second old=7(pc=70,MOV) old2=8(pc=72,KSTR) new=8(pc=72,KSTR)
[repack] proto=192 pc=77 reject existing FR2 slice: new-first writer matches old-second old=6(pc=74,MOV) old2=7(pc=76,KSTR) new=7(pc=76,KSTR)
[repack] proto=192 pc=88 reject existing FR2 slice: new-first writer matches old-second old=6(pc=85,MOV) old2=7(pc=87,KSTR) new=7(pc=87,KSTR)
[repack] proto=192 pc=92 reject existing FR2 slice: new-first writer matches old-second old=6(pc=89,MOV) old2=7(pc=91,KSTR) new=7(pc=91,KSTR)
[repack] proto=192 pc=98 reject existing FR2 slice: new-first writer matches old-second old=6(pc=95,MOV) old2=7(pc=97,KSTR) new=7(pc=97,KSTR)
[repack] proto=192 pc=112 reject existing FR2 slice: new-first writer matches old-second old=7(pc=107,MOV) old2=8(pc=109,KSTR) new=8(pc=109,KSTR)
[repack] proto=192 pc=118 reject existing FR2 slice: new-first writer matches old-second old=7(pc=113,MOV) old2=8(pc=115,KSTR) new=8(pc=115,KSTR)
[repack] proto=192 pc=122 reject existing FR2 slice: new-first writer matches old-second old=7(pc=119,MOV) old2=8(pc=121,KSTR) new=8(pc=121,KSTR)
[repack] proto=192 pc=122 reject existing FR2 slice: new-first writer matches old-second old=7(pc=119,MOV) old2=8(pc=121,KSTR) new=8(pc=121,KSTR)
[repack] proto=192 pc=122 allow live-after reg=9 due to future FR2 arg shift write (first_touch=read pc=158 op=MOV)
[repack] proto=192 pc=126 reject existing FR2 slice: new-first writer matches old-second old=6(pc=123,MOV) old2=7(pc=125,KSTR) new=7(pc=125,KSTR)
[repack] proto=192 pc=132 reject existing FR2 slice: new-first writer matches old-second old=6(pc=129,MOV) old2=7(pc=131,KSTR) new=7(pc=131,KSTR)
[repack] slice fail pc=151 target-at=123 range=[8,9]
[repack] simple-local pick pc=150 op=MULVN def=8 range=[8,9]
[repack] simple-local pick pc=121 op=KSTR def=9 range=[8,9]
[repack] proto=192 pc=151 accept existing FR2 slice [8,9]
[repack] slice fail pc=163 interference-at=162 op=CALL reg=10 range=[9,10]
[repack] readonly slice retry fail pc=163 read-at=162 op=CALL reg=10 range=[9,10]
[repack] simple-local pick pc=158 op=MOV def=10 range=[9,10]
[repack] simple-local pick pc=121 op=KSTR def=9 range=[9,10]
[repack] slice fail pc=163 interference-at=162 op=CALL reg=10 range=[10,11]
[repack] simple-local pick pc=158 op=MOV def=10 range=[10,11]
[repack] simple-local pick pc=117 op=KSHORT def=11 range=[10,11]
[repack] proto=192 pc=163 accept existing FR2 slice [10,11]
[repack] slice fail pc=170 interference-at=164 op=ITERL reg=9 range=[7,9]
[repack] simple-local pick pc=169 op=TGETS def=8 range=[7,9]
[repack] simple-local pick pc=168 op=TGETS def=7 range=[7,9]
[repack] simple-local pick pc=121 op=KSTR def=9 range=[7,9]
[repack] proto=192 pc=170 accept existing FR2 slice [7,9]
[repack] proto=192 pc=151 apply proto192 huanhun math.min arg chain A7/A8 -> A8/A9
[repack] proto=192 pc=170 apply proto192 return-format CALLT window fix A6/A7/A8 -> A7/A8/A9
[repack] proto=193 pc=3 reject existing FR2 slice: new-first writer matches old-second old=4(pc=0,MOV) old2=5(pc=2,KSTR) new=5(pc=2,KSTR)
[repack] proto=193 pc=9 reject existing FR2 slice: new-first writer matches old-second old=4(pc=6,MOV) old2=5(pc=8,KSTR) new=5(pc=8,KSTR)
[repack] proto=193 pc=15 reject existing FR2 slice: new-first writer matches old-second old=4(pc=12,MOV) old2=5(pc=14,KSTR) new=5(pc=14,KSTR)
[repack] proto=193 pc=24 call-selfdef helper enter consumer=CALL producer=SUBVV self=MULVN producer_b=4 consumer_span=2 producer_c=5
[repack] proto=193 pc=24 call-method-basecopy helper enter consumer=CALL producer=MULVN producer_b=4 consumer_span=2 producer_c=0
[repack] proto=193 pc=24 call-chain helper enter consumer=CALL producer=MULVN producer_b=4 consumer_span=2 producer_c=0
[repack] proto=193 pc=24 copy-fallback reason=target-touch-fail insert_pc=24 count=1 range=[4,4]->[5,5] deferred=0
[rebuild] proto=193 insert_pc=24 old_proto_total=447 new_proto_total=451 old_payload=445 new_payload=449 debug_drop=99
[repack] proto=193 pc=3 accept existing FR2 slice [5,6]
[repack] proto=193 pc=9 accept existing FR2 slice [5,6]
[repack] proto=193 pc=15 accept existing FR2 slice [5,6]
[repack] proto=193 pc=25 accept existing FR2 slice [5,5]
[repack] proto=193 pc=29 reject existing FR2 slice: new-first writer matches old-second old=5(pc=26,MOV) old2=6(pc=28,KSTR) new=6(pc=28,KSTR)
[repack] proto=193 pc=49 skip FR2 arg shift for CALL(C=3,B=1) cat-tail old=[5,6]
[repack] proto=194 pc=23 reject existing FR2 slice: new-first writer matches old-second old=6(pc=20,MOV) old2=7(pc=22,KSTR) new=7(pc=22,KSTR)
[repack] proto=194 pc=29 reject existing FR2 slice: new-first writer matches old-second old=6(pc=26,MOV) old2=7(pc=28,KSTR) new=7(pc=28,KSTR)
[repack] proto=194 pc=42 reject existing FR2 slice: new-first writer matches old-second old=6(pc=37,MOV) old2=7(pc=39,KSTR) new=7(pc=39,KSTR)
[repack] proto=195 pc=4 reject existing FR2 slice: new-first writer matches old-second old=4(pc=1,MOV) old2=5(pc=3,KSTR) new=5(pc=3,KSTR)
[repack] proto=196 pc=10 call-selfdef helper enter consumer=CALL producer=TGETS self=SUBVV producer_b=1 consumer_span=2 producer_c=0
[repack] proto=196 pc=10 call-method-basecopy helper enter consumer=CALL producer=SUBVV producer_b=4 consumer_span=2 producer_c=5
[repack] proto=196 pc=10 call-chain helper enter consumer=CALL producer=SUBVV producer_b=4 consumer_span=2 producer_c=5
[repack] proto=196 pc=10 copy-fallback reason=target-touch-fail insert_pc=10 count=1 range=[4,4]->[5,5] deferred=0
[rebuild] proto=196 insert_pc=10 old_proto_total=534 new_proto_total=538 old_payload=532 new_payload=536 debug_drop=121
[repack] proto=196 pc=11 accept existing FR2 slice [5,5]
[repack] proto=196 pc=18 reject existing FR2 slice: new-first writer matches old-second old=6(pc=15,MOV) old2=7(pc=17,KSTR) new=7(pc=17,KSTR)
[repack] proto=196 pc=27 reject existing FR2 slice: new-first writer matches old-second old=6(pc=24,MOV) old2=7(pc=26,KSTR) new=7(pc=26,KSTR)
[repack] proto=196 pc=43 skip FR2 arg shift for CALL(C=3,B=1) cat-tail old=[6,7]
[repack] proto=196 pc=54 reject existing FR2 slice: new-first writer matches old-second old=6(pc=51,MOV) old2=7(pc=53,KSTR) new=7(pc=53,KSTR)
[repack] proto=197 pc=15 reject existing FR2 slice: new-first writer matches old-second old=6(pc=12,MOV) old2=7(pc=14,KSTR) new=7(pc=14,KSTR)
[repack] proto=197 pc=24 reject existing FR2 slice: new-first writer matches old-second old=6(pc=21,MOV) old2=7(pc=23,KSTR) new=7(pc=23,KSTR)
[repack] proto=197 pc=40 skip FR2 arg shift for CALL(C=3,B=1) cat-tail old=[6,7]
[repack] proto=197 pc=51 reject existing FR2 slice: new-first writer matches old-second old=6(pc=48,MOV) old2=7(pc=50,KSTR) new=7(pc=50,KSTR)
[repack] proto=198 pc=4 reject existing FR2 slice: new-first writer matches old-second old=4(pc=1,MOV) old2=5(pc=3,KSTR) new=5(pc=3,KSTR)
[repack] proto=199 pc=8 reject existing FR2 slice: new-first writer matches old-second old=4(pc=5,MOV) old2=5(pc=7,KSTR) new=5(pc=7,KSTR)
[repack] proto=199 pc=14 reject existing FR2 slice: new-first writer matches old-second old=4(pc=11,MOV) old2=5(pc=13,KSTR) new=5(pc=13,KSTR)
[repack] proto=199 pc=20 reject existing FR2 slice: new-first writer matches old-second old=4(pc=17,MOV) old2=5(pc=19,KSTR) new=5(pc=19,KSTR)
[repack] proto=199 pc=28 reject existing FR2 slice: new-first writer matches old-second old=4(pc=23,MOV) old2=5(pc=25,KSTR) new=5(pc=25,KSTR)
[repack] proto=200 pc=4 reject existing FR2 slice: new-first writer matches old-second old=4(pc=1,MOV) old2=5(pc=3,KSTR) new=5(pc=3,KSTR)
[repack] proto=200 pc=11 reject existing FR2 slice: new-first writer matches old-second old=4(pc=8,MOV) old2=5(pc=10,KSTR) new=5(pc=10,KSTR)
[repack] proto=200 pc=21 reject existing FR2 slice: new-first writer matches old-second old=4(pc=18,MOV) old2=5(pc=20,KSTR) new=5(pc=20,KSTR)
[repack] proto=200 pc=27 reject existing FR2 slice: new-first writer matches old-second old=4(pc=24,MOV) old2=5(pc=26,KSTR) new=5(pc=26,KSTR)
[repack] proto=200 pc=33 reject existing FR2 slice: new-first writer matches old-second old=4(pc=30,MOV) old2=5(pc=32,KSTR) new=5(pc=32,KSTR)
[repack] proto=200 pc=39 reject existing FR2 slice: new-first writer matches old-second old=4(pc=36,MOV) old2=5(pc=38,KSTR) new=5(pc=38,KSTR)
[repack] proto=200 pc=45 reject existing FR2 slice: new-first writer matches old-second old=4(pc=42,MOV) old2=5(pc=44,KSTR) new=5(pc=44,KSTR)
[repack] proto=200 pc=49 reject existing FR2 slice: new-first writer matches old-second old=4(pc=46,MOV) old2=5(pc=48,KSTR) new=5(pc=48,KSTR)
[repack] proto=200 pc=53 reject existing FR2 slice: new-first writer matches old-second old=4(pc=50,MOV) old2=5(pc=52,KSTR) new=5(pc=52,KSTR)
[repack] proto=200 pc=57 reject existing FR2 slice: new-first writer matches old-second old=4(pc=54,MOV) old2=5(pc=56,KSTR) new=5(pc=56,KSTR)
[repack] proto=200 pc=62 reject existing FR2 slice: new-first writer matches old-second old=4(pc=59,MOV) old2=5(pc=61,KSTR) new=5(pc=61,KSTR)
[repack] proto=200 pc=86 reject existing FR2 slice: new-first writer matches old-second old=4(pc=81,MOV) old2=5(pc=83,KSTR) new=5(pc=83,KSTR)
[repack] proto=200 pc=89 reject existing FR2 slice: stale new-first old=4(pc=87,MOV) new=5(pc=81,MOV)
[repack] proto=202 pc=87 reject existing FR2 slice: stale new-first old=19(pc=85,MOV) new=20(pc=82,KSTR)
[repack] slice fail pc=91 unresolved reg=21 range=[20,21]
[repack] simple-local pick pc=90 op=KSHORT def=20 range=[20,21]
[repack] simple-local missing reg=21 range=[20,21]
[repack] slice fail pc=142 unresolved reg=22 range=[21,22]
[repack] simple-local pick pc=141 op=KPRI def=21 range=[21,22]
[repack] simple-local missing reg=22 range=[21,22]
[repack] proto=202 pc=146 accept existing FR2 slice [21,22]
[repack] proto=202 pc=150 accept existing FR2 slice [21,22]
[repack] proto=202 pc=154 accept existing FR2 slice [21,22]
[repack] proto=202 pc=158 accept existing FR2 slice [21,22]
[repack] proto=202 pc=162 accept existing FR2 slice [21,22]
[repack] slice fail pc=170 unresolved reg=27 range=[26,27]
[repack] simple-local pick pc=169 op=KPRI def=26 range=[26,27]
[repack] simple-local missing reg=27 range=[26,27]
[repack] slice fail pc=180 target-at=177 range=[26,27]
[repack] simple-local pick pc=179 op=KPRI def=26 range=[26,27]
[repack] simple-local pick pc=169 op=KPRI def=27 range=[26,27]
[repack] proto=202 pc=180 accept existing FR2 slice [26,27]
[repack] slice fail pc=181 unresolved reg=23 range=[23,24]
[repack] readonly slice retry fail pc=181 read-at=180 op=CALL reg=24 range=[23,24]
[repack] simple-local pick pc=177 op=TGETS def=24 range=[23,24]
[repack] simple-local missing reg=23 range=[23,24]
[repack] slice fail pc=181 interference-at=180 op=CALL reg=24 range=[24,25]
[repack] simple-local pick pc=178 op=MOV def=25 range=[24,25]
[repack] simple-local pick pc=177 op=TGETS def=24 range=[24,25]
[repack] proto=202 pc=181 accept existing FR2 slice [24,25]
[repack] slice fail pc=190 target-at=187 range=[26,27]
[repack] simple-local pick pc=189 op=KPRI def=26 range=[26,27]
[repack] simple-local pick pc=169 op=KPRI def=27 range=[26,27]
[repack] proto=202 pc=190 accept existing FR2 slice [26,27]
[repack] slice fail pc=235 unresolved reg=28 range=[27,28]
[repack] simple-local pick pc=234 op=KPRI def=27 range=[27,28]
[repack] simple-local missing reg=28 range=[27,28]
[repack] slice fail pc=241 unresolved reg=30 range=[27,30]
[repack] simple-local pick pc=240 op=FNEW def=29 range=[27,30]
[repack] simple-local pick pc=239 op=KPRI def=28 range=[27,30]
[repack] simple-local pick pc=238 op=KSTR def=27 range=[27,30]
[repack] simple-local missing reg=30 range=[27,30]
[repack] proto=202 pc=247 accept existing FR2 slice [27,30]
[repack] proto=202 pc=253 accept existing FR2 slice [27,30]
[repack] proto=202 pc=259 accept existing FR2 slice [27,30]
[repack] proto=202 pc=265 accept existing FR2 slice [27,30]
[repack] proto=202 pc=271 accept existing FR2 slice [27,30]
[repack] proto=202 pc=277 accept existing FR2 slice [27,30]
[repack] proto=202 pc=283 accept existing FR2 slice [27,30]
[repack] proto=202 pc=289 accept existing FR2 slice [27,30]
[repack] proto=202 pc=295 accept existing FR2 slice [27,30]
[repack] proto=202 pc=301 accept existing FR2 slice [27,30]
[repack] proto=202 pc=307 accept existing FR2 slice [27,30]
[repack] proto=202 pc=313 accept existing FR2 slice [27,30]
[repack] proto=202 pc=319 accept existing FR2 slice [27,30]
[repack] proto=202 pc=325 accept existing FR2 slice [27,30]
[repack] proto=202 pc=331 accept existing FR2 slice [27,30]
[repack] proto=202 pc=337 accept existing FR2 slice [27,30]
[repack] proto=202 pc=343 accept existing FR2 slice [27,30]
[repack] proto=202 pc=349 accept existing FR2 slice [27,30]
[repack] proto=202 pc=355 accept existing FR2 slice [27,30]
[repack] proto=202 pc=361 accept existing FR2 slice [27,30]
[repack] proto=202 pc=367 accept existing FR2 slice [27,30]
[repack] proto=202 pc=373 accept existing FR2 slice [27,30]
[repack] proto=202 pc=379 accept existing FR2 slice [27,30]
[repack] proto=202 pc=385 accept existing FR2 slice [27,30]
[repack] proto=202 pc=391 accept existing FR2 slice [27,30]
[repack] proto=202 pc=397 accept existing FR2 slice [27,30]
[repack] proto=202 pc=403 accept existing FR2 slice [27,30]
[repack] proto=202 pc=409 accept existing FR2 slice [27,30]
[repack] proto=202 pc=415 accept existing FR2 slice [27,30]
[repack] proto=202 pc=421 accept existing FR2 slice [27,30]
[repack] proto=202 pc=427 accept existing FR2 slice [27,30]
[repack] proto=202 pc=433 accept existing FR2 slice [27,30]
[repack] proto=202 pc=439 accept existing FR2 slice [27,30]
[repack] proto=202 pc=445 accept existing FR2 slice [27,30]
[repack] proto=202 pc=455 accept existing FR2 slice [27,30]
[repack] proto=202 pc=465 accept existing FR2 slice [27,30]
[repack] proto=202 pc=471 accept existing FR2 slice [27,30]
[repack] proto=202 pc=477 accept existing FR2 slice [27,30]
[repack] proto=202 pc=483 accept existing FR2 slice [27,30]
[repack] proto=202 pc=489 accept existing FR2 slice [27,30]
[repack] proto=202 pc=495 accept existing FR2 slice [27,30]
[repack] proto=202 pc=501 accept existing FR2 slice [27,30]
[repack] proto=202 pc=507 accept existing FR2 slice [27,30]
[repack] proto=202 pc=513 accept existing FR2 slice [27,30]
[repack] proto=202 pc=519 accept existing FR2 slice [27,30]
[repack] proto=202 pc=525 accept existing FR2 slice [27,30]
[repack] proto=202 pc=531 accept existing FR2 slice [27,30]
[repack] proto=202 pc=537 accept existing FR2 slice [27,30]
[repack] proto=202 pc=543 accept existing FR2 slice [27,30]
[repack] slice fail pc=550 unresolved reg=31 range=[28,31]
[repack] simple-local pick pc=549 op=FNEW def=30 range=[28,31]
[repack] simple-local pick pc=548 op=KPRI def=29 range=[28,31]
[repack] simple-local pick pc=547 op=KSTR def=28 range=[28,31]
[repack] simple-local missing reg=31 range=[28,31]
[repack] proto=202 pc=556 accept existing FR2 slice [28,31]
[repack] proto=202 pc=562 accept existing FR2 slice [28,31]
[repack] proto=202 pc=568 accept existing FR2 slice [28,31]
[repack] proto=202 pc=574 accept existing FR2 slice [28,31]
[repack] proto=202 pc=580 accept existing FR2 slice [28,31]
[repack] proto=202 pc=586 accept existing FR2 slice [28,31]
[repack] proto=202 pc=592 accept existing FR2 slice [28,31]
[repack] slice fail pc=596 interference-at=592 op=CALL reg=29 range=[28,29]
[repack] simple-local pick pc=595 op=KPRI def=28 range=[28,29]
[repack] simple-local pick pc=590 op=KPRI def=29 range=[28,29]
[repack] proto=202 pc=596 accept existing FR2 slice [28,29]
[repack] proto=202 pc=602 accept existing FR2 slice [28,31]
[repack] slice fail pc=606 interference-at=602 op=CALL reg=29 range=[28,29]
[repack] simple-local pick pc=605 op=KPRI def=28 range=[28,29]
[repack] simple-local pick pc=600 op=KPRI def=29 range=[28,29]
[repack] proto=202 pc=606 accept existing FR2 slice [28,29]
[repack] proto=202 pc=612 accept existing FR2 slice [28,31]
[repack] slice fail pc=624 unresolved reg=33 range=[30,33]
[repack] simple-local pick pc=623 op=MOV def=32 range=[30,33]
[repack] simple-local pick pc=622 op=KPRI def=31 range=[30,33]
[repack] simple-local pick pc=621 op=KSTR def=30 range=[30,33]
[repack] simple-local missing reg=33 range=[30,33]
[repack] proto=202 pc=630 accept existing FR2 slice [30,33]
[repack] proto=202 pc=636 accept existing FR2 slice [30,33]
[repack] proto=202 pc=642 accept existing FR2 slice [30,33]
[repack] proto=202 pc=648 accept existing FR2 slice [30,33]
[repack] proto=202 pc=654 accept existing FR2 slice [30,33]
[repack] slice fail pc=658 interference-at=654 op=CALL reg=31 range=[30,31]
[repack] simple-local pick pc=657 op=KPRI def=30 range=[30,31]
[repack] simple-local pick pc=652 op=KPRI def=31 range=[30,31]
[repack] proto=202 pc=658 accept existing FR2 slice [30,31]
[repack] proto=202 pc=664 accept existing FR2 slice [30,33]
[repack] slice fail pc=668 interference-at=664 op=CALL reg=31 range=[30,31]
[repack] simple-local pick pc=667 op=KPRI def=30 range=[30,31]
[repack] simple-local pick pc=662 op=KPRI def=31 range=[30,31]
[repack] proto=202 pc=668 accept existing FR2 slice [30,31]
[repack] proto=202 pc=674 accept existing FR2 slice [30,33]
[repack] slice fail pc=678 interference-at=674 op=CALL reg=31 range=[30,31]
[repack] simple-local pick pc=677 op=KPRI def=30 range=[30,31]
[repack] simple-local pick pc=672 op=KPRI def=31 range=[30,31]
[repack] proto=202 pc=678 accept existing FR2 slice [30,31]
[repack] slice fail pc=682 interference-at=674 op=CALL reg=31 range=[30,31]
[repack] simple-local pick pc=681 op=KPRI def=30 range=[30,31]
[repack] simple-local pick pc=672 op=KPRI def=31 range=[30,31]
[repack] proto=202 pc=682 accept existing FR2 slice [30,31]
[repack] slice fail pc=686 interference-at=674 op=CALL reg=31 range=[30,31]
[repack] simple-local pick pc=685 op=KPRI def=30 range=[30,31]
[repack] simple-local pick pc=672 op=KPRI def=31 range=[30,31]
[repack] proto=202 pc=686 accept existing FR2 slice [30,31]
[repack] slice fail pc=690 interference-at=674 op=CALL reg=31 range=[30,31]
[repack] simple-local pick pc=689 op=KPRI def=30 range=[30,31]
[repack] simple-local pick pc=672 op=KPRI def=31 range=[30,31]
[repack] proto=202 pc=690 accept existing FR2 slice [30,31]
[repack] slice fail pc=694 interference-at=674 op=CALL reg=31 range=[30,31]
[repack] simple-local pick pc=693 op=KPRI def=30 range=[30,31]
[repack] simple-local pick pc=672 op=KPRI def=31 range=[30,31]
[repack] proto=202 pc=694 accept existing FR2 slice [30,31]
[repack] slice fail pc=698 interference-at=674 op=CALL reg=31 range=[30,31]
[repack] simple-local pick pc=697 op=KPRI def=30 range=[30,31]
[repack] simple-local pick pc=672 op=KPRI def=31 range=[30,31]
[repack] proto=202 pc=698 accept existing FR2 slice [30,31]
[repack] slice fail pc=702 interference-at=674 op=CALL reg=31 range=[30,31]
[repack] simple-local pick pc=701 op=KPRI def=30 range=[30,31]
[repack] simple-local pick pc=672 op=KPRI def=31 range=[30,31]
[repack] proto=202 pc=702 accept existing FR2 slice [30,31]
[repack] proto=202 pc=708 accept existing FR2 slice [30,33]
[repack] proto=202 pc=714 accept existing FR2 slice [30,33]
[repack] proto=202 pc=720 accept existing FR2 slice [30,33]
[repack] proto=202 pc=726 accept existing FR2 slice [30,33]
[repack] proto=202 pc=732 accept existing FR2 slice [30,33]
[repack] proto=202 pc=738 accept existing FR2 slice [30,33]
[repack] proto=202 pc=744 accept existing FR2 slice [30,33]
[repack] slice fail pc=748 interference-at=744 op=CALL reg=31 range=[30,31]
[repack] simple-local pick pc=747 op=KPRI def=30 range=[30,31]
[repack] simple-local pick pc=742 op=KPRI def=31 range=[30,31]
[repack] proto=202 pc=748 accept existing FR2 slice [30,31]
[repack] proto=202 pc=754 accept existing FR2 slice [30,33]
[repack] proto=202 pc=760 accept existing FR2 slice [30,33]
[repack] slice fail pc=764 interference-at=760 op=CALL reg=31 range=[30,31]
[repack] simple-local pick pc=763 op=KPRI def=30 range=[30,31]
[repack] simple-local pick pc=758 op=KPRI def=31 range=[30,31]
[repack] proto=202 pc=764 accept existing FR2 slice [30,31]
[repack] proto=202 pc=770 accept existing FR2 slice [30,33]
[repack] proto=202 pc=776 accept existing FR2 slice [30,33]
[repack] proto=202 pc=782 accept existing FR2 slice [30,33]
[repack] proto=202 pc=788 accept existing FR2 slice [30,33]
[repack] slice fail pc=792 interference-at=788 op=CALL reg=31 range=[30,31]
[repack] simple-local pick pc=791 op=KPRI def=30 range=[30,31]
[repack] simple-local pick pc=786 op=KPRI def=31 range=[30,31]
[repack] proto=202 pc=792 accept existing FR2 slice [30,31]
[repack] slice fail pc=796 interference-at=788 op=CALL reg=31 range=[30,31]
[repack] simple-local pick pc=795 op=KPRI def=30 range=[30,31]
[repack] simple-local pick pc=786 op=KPRI def=31 range=[30,31]
[repack] proto=202 pc=796 accept existing FR2 slice [30,31]
[repack] slice fail pc=800 interference-at=788 op=CALL reg=31 range=[30,31]
[repack] simple-local pick pc=799 op=KPRI def=30 range=[30,31]
[repack] simple-local pick pc=786 op=KPRI def=31 range=[30,31]
[repack] proto=202 pc=800 accept existing FR2 slice [30,31]
[repack] proto=202 pc=806 accept existing FR2 slice [30,33]
[repack] proto=202 pc=812 accept existing FR2 slice [30,33]
[repack] proto=202 pc=818 accept existing FR2 slice [30,33]
[repack] proto=202 pc=824 accept existing FR2 slice [30,33]
[repack] proto=202 pc=830 accept existing FR2 slice [30,33]
[repack] proto=202 pc=836 accept existing FR2 slice [30,33]
[repack] proto=202 pc=842 accept existing FR2 slice [30,33]
[repack] proto=202 pc=848 accept existing FR2 slice [30,33]
[repack] proto=202 pc=854 accept existing FR2 slice [30,33]
[repack] slice fail pc=858 interference-at=854 op=CALL reg=31 range=[30,31]
[repack] simple-local pick pc=857 op=KPRI def=30 range=[30,31]
[repack] simple-local pick pc=852 op=KPRI def=31 range=[30,31]
[repack] proto=202 pc=858 accept existing FR2 slice [30,31]
[repack] proto=202 pc=864 accept existing FR2 slice [30,33]
[repack] proto=202 pc=870 accept existing FR2 slice [30,33]
[repack] proto=202 pc=876 accept existing FR2 slice [30,33]
[repack] proto=202 pc=882 accept existing FR2 slice [30,33]
[repack] proto=202 pc=888 accept existing FR2 slice [30,33]
[repack] proto=202 pc=894 accept existing FR2 slice [30,33]
[repack] proto=202 pc=900 accept existing FR2 slice [30,33]
[repack] proto=202 pc=906 accept existing FR2 slice [30,33]
[repack] proto=202 pc=912 accept existing FR2 slice [30,33]
[repack] proto=202 pc=918 accept existing FR2 slice [30,33]
[repack] proto=202 pc=924 accept existing FR2 slice [30,33]
[repack] proto=202 pc=930 accept existing FR2 slice [30,33]
[repack] proto=202 pc=936 accept existing FR2 slice [30,33]
[repack] proto=202 pc=942 accept existing FR2 slice [30,33]
[repack] proto=202 pc=948 accept existing FR2 slice [30,33]
[repack] proto=202 pc=954 accept existing FR2 slice [30,33]
[repack] slice fail pc=958 interference-at=954 op=CALL reg=31 range=[30,31]
[repack] simple-local pick pc=957 op=KPRI def=30 range=[30,31]
[repack] simple-local pick pc=952 op=KPRI def=31 range=[30,31]
[repack] proto=202 pc=958 accept existing FR2 slice [30,31]
[repack] slice fail pc=962 interference-at=954 op=CALL reg=31 range=[30,31]
[repack] simple-local pick pc=961 op=KPRI def=30 range=[30,31]
[repack] simple-local pick pc=952 op=KPRI def=31 range=[30,31]
[repack] proto=202 pc=962 accept existing FR2 slice [30,31]
[repack] proto=202 pc=987 accept existing FR2 slice [30,33]
[repack] proto=202 pc=993 accept existing FR2 slice [30,33]
[repack] proto=202 pc=999 accept existing FR2 slice [30,33]
[repack] proto=202 pc=1005 accept existing FR2 slice [30,33]
[repack] proto=202 pc=1011 accept existing FR2 slice [30,33]
[repack] slice fail pc=1015 interference-at=1011 op=CALL reg=31 range=[30,31]
[repack] simple-local pick pc=1014 op=KPRI def=30 range=[30,31]
[repack] simple-local pick pc=1009 op=KPRI def=31 range=[30,31]
[repack] proto=202 pc=1015 accept existing FR2 slice [30,31]
[repack] proto=202 pc=1021 accept existing FR2 slice [30,33]
[repack] proto=202 pc=1027 accept existing FR2 slice [30,33]
[repack] proto=202 pc=1033 accept existing FR2 slice [30,33]
[repack] slice fail pc=1037 interference-at=1033 op=CALL reg=31 range=[30,31]
[repack] simple-local pick pc=1036 op=KPRI def=30 range=[30,31]
[repack] simple-local pick pc=1031 op=KPRI def=31 range=[30,31]
[repack] proto=202 pc=1037 accept existing FR2 slice [30,31]
[repack] proto=202 pc=1043 accept existing FR2 slice [30,33]
[repack] slice fail pc=1052 unresolved reg=34 range=[31,34]
[repack] simple-local pick pc=1051 op=FNEW def=33 range=[31,34]
[repack] simple-local pick pc=1050 op=KPRI def=32 range=[31,34]
[repack] simple-local pick pc=1049 op=KSTR def=31 range=[31,34]
[repack] simple-local missing reg=34 range=[31,34]
[repack] proto=202 pc=1058 accept existing FR2 slice [31,34]
[repack] proto=202 pc=1064 accept existing FR2 slice [31,34]
[repack] proto=202 pc=1070 accept existing FR2 slice [31,34]
[repack] proto=202 pc=1076 accept existing FR2 slice [31,34]
[repack] proto=202 pc=1082 accept existing FR2 slice [31,34]
[repack] proto=202 pc=1088 accept existing FR2 slice [31,34]
[repack] proto=202 pc=1094 accept existing FR2 slice [31,34]
[repack] proto=202 pc=1100 accept existing FR2 slice [31,34]
[repack] proto=202 pc=1106 accept existing FR2 slice [31,34]
[repack] proto=202 pc=1115 accept existing FR2 slice [31,32]
[repack] proto=202 pc=1121 accept existing FR2 slice [31,34]
[repack] proto=202 pc=1127 accept existing FR2 slice [31,34]
[repack] proto=202 pc=1133 accept existing FR2 slice [31,34]
[repack] proto=202 pc=1139 accept existing FR2 slice [31,34]
[repack] proto=202 pc=1146 copy-fallback keep legacy-overlap reason=call6-kstr-tdup-fnew-chain old=[30,34] new=[31,35] base=29 nargs=5 b=1
[repack] proto=202 pc=1146 copy-fallback reason=call6-kstr-tdup-fnew-chain insert_pc=1146 count=5 range=[30,34]->[31,35] deferred=0
[rebuild] proto=202 insert_pc=1146 old_proto_total=16688 new_proto_total=16708 old_payload=16685 new_payload=16705 debug_drop=3445
[repack] proto=202 pc=3 accept existing FR2 slice [2,2]
[repack] proto=202 pc=7 accept existing FR2 slice [3,3]
[repack] proto=202 pc=11 accept existing FR2 slice [4,4]
[repack] proto=202 pc=15 accept existing FR2 slice [5,5]
[repack] proto=202 pc=19 accept existing FR2 slice [6,6]
[repack] proto=202 pc=23 accept existing FR2 slice [7,7]
[repack] proto=202 pc=27 accept existing FR2 slice [8,8]
[repack] proto=202 pc=31 accept existing FR2 slice [9,9]
[repack] proto=202 pc=35 accept existing FR2 slice [10,10]
[repack] proto=202 pc=39 accept existing FR2 slice [11,11]
[repack] proto=202 pc=44 accept existing FR2 slice [13,13]
[repack] proto=202 pc=48 accept existing FR2 slice [14,14]
[repack] proto=202 pc=52 accept existing FR2 slice [15,15]
[repack] proto=202 pc=56 accept existing FR2 slice [16,16]
[repack] proto=202 pc=60 accept existing FR2 slice [17,17]
[repack] proto=202 pc=64 accept existing FR2 slice [18,18]
[repack] proto=202 pc=68 accept existing FR2 slice [19,19]
[repack] proto=202 pc=79 accept existing FR2 slice [20,20]
[repack] proto=202 pc=83 accept existing FR2 slice [20,20]
[repack] proto=202 pc=87 accept existing FR2 slice [20,20]
[repack] proto=202 pc=91 accept existing FR2 slice [20,21]
[repack] proto=202 pc=94 accept existing FR2 slice [20,20]
[repack] proto=202 pc=137 accept existing FR2 slice [21,21]
[repack] proto=202 pc=142 accept existing FR2 slice [21,22]
[repack] proto=202 pc=146 accept existing FR2 slice [21,22]
[repack] proto=202 pc=150 accept existing FR2 slice [21,22]
[repack] proto=202 pc=154 accept existing FR2 slice [21,22]
[repack] proto=202 pc=158 accept existing FR2 slice [21,22]
[repack] proto=202 pc=162 accept existing FR2 slice [21,22]
[repack] proto=202 pc=165 accept existing FR2 slice [21,21]
[repack] proto=202 pc=170 accept existing FR2 slice [26,27]
[repack] proto=202 pc=175 accept existing FR2 slice [21,21]
[repack] slice fail pc=180 target-at=177 range=[26,27]
[repack] simple-local pick pc=179 op=KPRI def=26 range=[26,27]
[repack] simple-local pick pc=169 op=KPRI def=27 range=[26,27]
[repack] proto=202 pc=180 accept existing FR2 slice [26,27]
[repack] slice fail pc=181 unresolved reg=23 range=[23,24]
[repack] readonly slice retry fail pc=181 read-at=180 op=CALL reg=24 range=[23,24]
[repack] simple-local pick pc=177 op=TGETS def=24 range=[23,24]
[repack] simple-local missing reg=23 range=[23,24]
[repack] slice fail pc=181 interference-at=180 op=CALL reg=24 range=[24,25]
[repack] simple-local pick pc=178 op=MOV def=25 range=[24,25]
[repack] simple-local pick pc=177 op=TGETS def=24 range=[24,25]
[repack] proto=202 pc=181 accept existing FR2 slice [24,25]
[repack] proto=202 pc=185 accept existing FR2 slice [21,21]
[repack] slice fail pc=190 target-at=187 range=[26,27]
[repack] simple-local pick pc=189 op=KPRI def=26 range=[26,27]
[repack] simple-local pick pc=169 op=KPRI def=27 range=[26,27]
[repack] proto=202 pc=190 accept existing FR2 slice [26,27]
[repack] proto=202 pc=197 accept existing FR2 slice [21,21]
[repack] proto=202 pc=212 accept existing FR2 slice [23,23]
[repack] proto=202 pc=235 accept existing FR2 slice [27,28]
[repack] proto=202 pc=241 accept existing FR2 slice [27,30]
[repack] proto=202 pc=247 accept existing FR2 slice [27,30]
[repack] proto=202 pc=253 accept existing FR2 slice [27,30]
[repack] proto=202 pc=259 accept existing FR2 slice [27,30]
[repack] proto=202 pc=265 accept existing FR2 slice [27,30]
[repack] proto=202 pc=271 accept existing FR2 slice [27,30]
[repack] proto=202 pc=277 accept existing FR2 slice [27,30]
[repack] proto=202 pc=283 accept existing FR2 slice [27,30]
[repack] proto=202 pc=289 accept existing FR2 slice [27,30]
[repack] proto=202 pc=295 accept existing FR2 slice [27,30]
[repack] proto=202 pc=301 accept existing FR2 slice [27,30]
[repack] proto=202 pc=307 accept existing FR2 slice [27,30]
[repack] proto=202 pc=313 accept existing FR2 slice [27,30]
[repack] proto=202 pc=319 accept existing FR2 slice [27,30]
[repack] proto=202 pc=325 accept existing FR2 slice [27,30]
[repack] proto=202 pc=331 accept existing FR2 slice [27,30]
[repack] proto=202 pc=337 accept existing FR2 slice [27,30]
[repack] proto=202 pc=343 accept existing FR2 slice [27,30]
[repack] proto=202 pc=349 accept existing FR2 slice [27,30]
[repack] proto=202 pc=355 accept existing FR2 slice [27,30]
[repack] proto=202 pc=361 accept existing FR2 slice [27,30]
[repack] proto=202 pc=367 accept existing FR2 slice [27,30]
[repack] proto=202 pc=373 accept existing FR2 slice [27,30]
[repack] proto=202 pc=379 accept existing FR2 slice [27,30]
[repack] proto=202 pc=385 accept existing FR2 slice [27,30]
[repack] proto=202 pc=391 accept existing FR2 slice [27,30]
[repack] proto=202 pc=397 accept existing FR2 slice [27,30]
[repack] proto=202 pc=403 accept existing FR2 slice [27,30]
[repack] proto=202 pc=409 accept existing FR2 slice [27,30]
[repack] proto=202 pc=415 accept existing FR2 slice [27,30]
[repack] proto=202 pc=421 accept existing FR2 slice [27,30]
[repack] proto=202 pc=427 accept existing FR2 slice [27,30]
[repack] proto=202 pc=433 accept existing FR2 slice [27,30]
[repack] proto=202 pc=439 accept existing FR2 slice [27,30]
[repack] proto=202 pc=445 accept existing FR2 slice [27,30]
[repack] proto=202 pc=448 accept existing FR2 slice [27,27]
[repack] proto=202 pc=455 accept existing FR2 slice [27,30]
[repack] proto=202 pc=458 accept existing FR2 slice [27,27]
[repack] proto=202 pc=465 accept existing FR2 slice [27,30]
[repack] proto=202 pc=471 accept existing FR2 slice [27,30]
[repack] proto=202 pc=477 accept existing FR2 slice [27,30]
[repack] proto=202 pc=483 accept existing FR2 slice [27,30]
[repack] proto=202 pc=489 accept existing FR2 slice [27,30]
[repack] proto=202 pc=495 accept existing FR2 slice [27,30]
[repack] proto=202 pc=501 accept existing FR2 slice [27,30]
[repack] proto=202 pc=507 accept existing FR2 slice [27,30]
[repack] proto=202 pc=513 accept existing FR2 slice [27,30]
[repack] proto=202 pc=519 accept existing FR2 slice [27,30]
[repack] proto=202 pc=525 accept existing FR2 slice [27,30]
[repack] proto=202 pc=531 accept existing FR2 slice [27,30]
[repack] proto=202 pc=537 accept existing FR2 slice [27,30]
[repack] proto=202 pc=543 accept existing FR2 slice [27,30]
[repack] proto=202 pc=550 accept existing FR2 slice [28,31]
[repack] proto=202 pc=556 accept existing FR2 slice [28,31]
[repack] proto=202 pc=562 accept existing FR2 slice [28,31]
[repack] proto=202 pc=568 accept existing FR2 slice [28,31]
[repack] proto=202 pc=574 accept existing FR2 slice [28,31]
[repack] proto=202 pc=580 accept existing FR2 slice [28,31]
[repack] proto=202 pc=586 accept existing FR2 slice [28,31]
[repack] proto=202 pc=592 accept existing FR2 slice [28,31]
[repack] slice fail pc=596 interference-at=592 op=CALL reg=29 range=[28,29]
[repack] simple-local pick pc=595 op=KPRI def=28 range=[28,29]
[repack] simple-local pick pc=590 op=KPRI def=29 range=[28,29]
[repack] proto=202 pc=596 accept existing FR2 slice [28,29]
[repack] proto=202 pc=602 accept existing FR2 slice [28,31]
[repack] slice fail pc=606 interference-at=602 op=CALL reg=29 range=[28,29]
[repack] simple-local pick pc=605 op=KPRI def=28 range=[28,29]
[repack] simple-local pick pc=600 op=KPRI def=29 range=[28,29]
[repack] proto=202 pc=606 accept existing FR2 slice [28,29]
[repack] proto=202 pc=612 accept existing FR2 slice [28,31]
[repack] proto=202 pc=615 accept existing FR2 slice [28,28]
[repack] proto=202 pc=624 accept existing FR2 slice [30,33]
[repack] proto=202 pc=630 accept existing FR2 slice [30,33]
[repack] proto=202 pc=636 accept existing FR2 slice [30,33]
[repack] proto=202 pc=642 accept existing FR2 slice [30,33]
[repack] proto=202 pc=648 accept existing FR2 slice [30,33]
[repack] proto=202 pc=654 accept existing FR2 slice [30,33]
[repack] slice fail pc=658 interference-at=654 op=CALL reg=31 range=[30,31]
[repack] simple-local pick pc=657 op=KPRI def=30 range=[30,31]
[repack] simple-local pick pc=652 op=KPRI def=31 range=[30,31]
[repack] proto=202 pc=658 accept existing FR2 slice [30,31]
[repack] proto=202 pc=664 accept existing FR2 slice [30,33]
[repack] slice fail pc=668 interference-at=664 op=CALL reg=31 range=[30,31]
[repack] simple-local pick pc=667 op=KPRI def=30 range=[30,31]
[repack] simple-local pick pc=662 op=KPRI def=31 range=[30,31]
[repack] proto=202 pc=668 accept existing FR2 slice [30,31]
[repack] proto=202 pc=674 accept existing FR2 slice [30,33]
[repack] slice fail pc=678 interference-at=674 op=CALL reg=31 range=[30,31]
[repack] simple-local pick pc=677 op=KPRI def=30 range=[30,31]
[repack] simple-local pick pc=672 op=KPRI def=31 range=[30,31]
[repack] proto=202 pc=678 accept existing FR2 slice [30,31]
[repack] slice fail pc=682 interference-at=674 op=CALL reg=31 range=[30,31]
[repack] simple-local pick pc=681 op=KPRI def=30 range=[30,31]
[repack] simple-local pick pc=672 op=KPRI def=31 range=[30,31]
[repack] proto=202 pc=682 accept existing FR2 slice [30,31]
[repack] slice fail pc=686 interference-at=674 op=CALL reg=31 range=[30,31]
[repack] simple-local pick pc=685 op=KPRI def=30 range=[30,31]
[repack] simple-local pick pc=672 op=KPRI def=31 range=[30,31]
[repack] proto=202 pc=686 accept existing FR2 slice [30,31]
[repack] slice fail pc=690 interference-at=674 op=CALL reg=31 range=[30,31]
[repack] simple-local pick pc=689 op=KPRI def=30 range=[30,31]
[repack] simple-local pick pc=672 op=KPRI def=31 range=[30,31]
[repack] proto=202 pc=690 accept existing FR2 slice [30,31]
[repack] slice fail pc=694 interference-at=674 op=CALL reg=31 range=[30,31]
[repack] simple-local pick pc=693 op=KPRI def=30 range=[30,31]
[repack] simple-local pick pc=672 op=KPRI def=31 range=[30,31]
[repack] proto=202 pc=694 accept existing FR2 slice [30,31]
[repack] slice fail pc=698 interference-at=674 op=CALL reg=31 range=[30,31]
[repack] simple-local pick pc=697 op=KPRI def=30 range=[30,31]
[repack] simple-local pick pc=672 op=KPRI def=31 range=[30,31]
[repack] proto=202 pc=698 accept existing FR2 slice [30,31]
[repack] slice fail pc=702 interference-at=674 op=CALL reg=31 range=[30,31]
[repack] simple-local pick pc=701 op=KPRI def=30 range=[30,31]
[repack] simple-local pick pc=672 op=KPRI def=31 range=[30,31]
[repack] proto=202 pc=702 accept existing FR2 slice [30,31]
[repack] proto=202 pc=708 accept existing FR2 slice [30,33]
[repack] proto=202 pc=714 accept existing FR2 slice [30,33]
[repack] proto=202 pc=720 accept existing FR2 slice [30,33]
[repack] proto=202 pc=726 accept existing FR2 slice [30,33]
[repack] proto=202 pc=732 accept existing FR2 slice [30,33]
[repack] proto=202 pc=738 accept existing FR2 slice [30,33]
[repack] proto=202 pc=744 accept existing FR2 slice [30,33]
[repack] slice fail pc=748 interference-at=744 op=CALL reg=31 range=[30,31]
[repack] simple-local pick pc=747 op=KPRI def=30 range=[30,31]
[repack] simple-local pick pc=742 op=KPRI def=31 range=[30,31]
[repack] proto=202 pc=748 accept existing FR2 slice [30,31]
[repack] proto=202 pc=754 accept existing FR2 slice [30,33]
[repack] proto=202 pc=760 accept existing FR2 slice [30,33]
[repack] slice fail pc=764 interference-at=760 op=CALL reg=31 range=[30,31]
[repack] simple-local pick pc=763 op=KPRI def=30 range=[30,31]
[repack] simple-local pick pc=758 op=KPRI def=31 range=[30,31]
[repack] proto=202 pc=764 accept existing FR2 slice [30,31]
[repack] proto=202 pc=770 accept existing FR2 slice [30,33]
[repack] proto=202 pc=776 accept existing FR2 slice [30,33]
[repack] proto=202 pc=782 accept existing FR2 slice [30,33]
[repack] proto=202 pc=788 accept existing FR2 slice [30,33]
[repack] slice fail pc=792 interference-at=788 op=CALL reg=31 range=[30,31]
[repack] simple-local pick pc=791 op=KPRI def=30 range=[30,31]
[repack] simple-local pick pc=786 op=KPRI def=31 range=[30,31]
[repack] proto=202 pc=792 accept existing FR2 slice [30,31]
[repack] slice fail pc=796 interference-at=788 op=CALL reg=31 range=[30,31]
[repack] simple-local pick pc=795 op=KPRI def=30 range=[30,31]
[repack] simple-local pick pc=786 op=KPRI def=31 range=[30,31]
[repack] proto=202 pc=796 accept existing FR2 slice [30,31]
[repack] slice fail pc=800 interference-at=788 op=CALL reg=31 range=[30,31]
[repack] simple-local pick pc=799 op=KPRI def=30 range=[30,31]
[repack] simple-local pick pc=786 op=KPRI def=31 range=[30,31]
[repack] proto=202 pc=800 accept existing FR2 slice [30,31]
[repack] proto=202 pc=806 accept existing FR2 slice [30,33]
[repack] proto=202 pc=812 accept existing FR2 slice [30,33]
[repack] proto=202 pc=818 accept existing FR2 slice [30,33]
[repack] proto=202 pc=824 accept existing FR2 slice [30,33]
[repack] proto=202 pc=830 accept existing FR2 slice [30,33]
[repack] proto=202 pc=836 accept existing FR2 slice [30,33]
[repack] proto=202 pc=842 accept existing FR2 slice [30,33]
[repack] proto=202 pc=848 accept existing FR2 slice [30,33]
[repack] proto=202 pc=854 accept existing FR2 slice [30,33]
[repack] slice fail pc=858 interference-at=854 op=CALL reg=31 range=[30,31]
[repack] simple-local pick pc=857 op=KPRI def=30 range=[30,31]
[repack] simple-local pick pc=852 op=KPRI def=31 range=[30,31]
[repack] proto=202 pc=858 accept existing FR2 slice [30,31]
[repack] proto=202 pc=864 accept existing FR2 slice [30,33]
[repack] proto=202 pc=870 accept existing FR2 slice [30,33]
[repack] proto=202 pc=876 accept existing FR2 slice [30,33]
[repack] proto=202 pc=882 accept existing FR2 slice [30,33]
[repack] proto=202 pc=888 accept existing FR2 slice [30,33]
[repack] proto=202 pc=894 accept existing FR2 slice [30,33]
[repack] proto=202 pc=900 accept existing FR2 slice [30,33]
[repack] proto=202 pc=906 accept existing FR2 slice [30,33]
[repack] proto=202 pc=912 accept existing FR2 slice [30,33]
[repack] proto=202 pc=918 accept existing FR2 slice [30,33]
[repack] proto=202 pc=924 accept existing FR2 slice [30,33]
[repack] proto=202 pc=930 accept existing FR2 slice [30,33]
[repack] proto=202 pc=936 accept existing FR2 slice [30,33]
[repack] proto=202 pc=942 accept existing FR2 slice [30,33]
[repack] proto=202 pc=948 accept existing FR2 slice [30,33]
[repack] proto=202 pc=954 accept existing FR2 slice [30,33]
[repack] slice fail pc=958 interference-at=954 op=CALL reg=31 range=[30,31]
[repack] simple-local pick pc=957 op=KPRI def=30 range=[30,31]
[repack] simple-local pick pc=952 op=KPRI def=31 range=[30,31]
[repack] proto=202 pc=958 accept existing FR2 slice [30,31]
[repack] slice fail pc=962 interference-at=954 op=CALL reg=31 range=[30,31]
[repack] simple-local pick pc=961 op=KPRI def=30 range=[30,31]
[repack] simple-local pick pc=952 op=KPRI def=31 range=[30,31]
[repack] proto=202 pc=962 accept existing FR2 slice [30,31]
[repack] proto=202 pc=987 accept existing FR2 slice [30,33]
[repack] proto=202 pc=993 accept existing FR2 slice [30,33]
[repack] proto=202 pc=999 accept existing FR2 slice [30,33]
[repack] proto=202 pc=1005 accept existing FR2 slice [30,33]
[repack] proto=202 pc=1011 accept existing FR2 slice [30,33]
[repack] slice fail pc=1015 interference-at=1011 op=CALL reg=31 range=[30,31]
[repack] simple-local pick pc=1014 op=KPRI def=30 range=[30,31]
[repack] simple-local pick pc=1009 op=KPRI def=31 range=[30,31]
[repack] proto=202 pc=1015 accept existing FR2 slice [30,31]
[repack] proto=202 pc=1021 accept existing FR2 slice [30,33]
[repack] proto=202 pc=1027 accept existing FR2 slice [30,33]
[repack] proto=202 pc=1033 accept existing FR2 slice [30,33]
[repack] slice fail pc=1037 interference-at=1033 op=CALL reg=31 range=[30,31]
[repack] simple-local pick pc=1036 op=KPRI def=30 range=[30,31]
[repack] simple-local pick pc=1031 op=KPRI def=31 range=[30,31]
[repack] proto=202 pc=1037 accept existing FR2 slice [30,31]
[repack] proto=202 pc=1043 accept existing FR2 slice [30,33]
[repack] proto=202 pc=1046 accept existing FR2 slice [30,30]
[repack] proto=202 pc=1052 accept existing FR2 slice [31,34]
[repack] proto=202 pc=1058 accept existing FR2 slice [31,34]
[repack] proto=202 pc=1064 accept existing FR2 slice [31,34]
[repack] proto=202 pc=1070 accept existing FR2 slice [31,34]
[repack] proto=202 pc=1076 accept existing FR2 slice [31,34]
[repack] proto=202 pc=1082 accept existing FR2 slice [31,34]
[repack] proto=202 pc=1088 accept existing FR2 slice [31,34]
[repack] proto=202 pc=1094 accept existing FR2 slice [31,34]
[repack] proto=202 pc=1100 accept existing FR2 slice [31,34]
[repack] proto=202 pc=1106 accept existing FR2 slice [31,34]
[repack] proto=202 pc=1110 accept existing FR2 slice [32,32]
[repack] proto=202 pc=1115 accept existing FR2 slice [31,32]
[repack] proto=202 pc=1121 accept existing FR2 slice [31,34]
[repack] proto=202 pc=1127 accept existing FR2 slice [31,34]
[repack] proto=202 pc=1133 accept existing FR2 slice [31,34]
[repack] proto=202 pc=1139 accept existing FR2 slice [31,34]
[repack] proto=202 pc=1151 accept existing FR2 slice [31,35]
[repack] proto=202 pc=1158 copy-fallback keep legacy-overlap reason=call6-kstr-tdup-fnew-chain old=[30,34] new=[31,35] base=29 nargs=5 b=1
[repack] proto=202 pc=1158 copy-fallback reason=call6-kstr-tdup-fnew-chain insert_pc=1158 count=5 range=[30,34]->[31,35] deferred=0
[rebuild] proto=202 insert_pc=1158 old_proto_total=16708 new_proto_total=16728 old_payload=16705 new_payload=16725 debug_drop=3445
[repack] proto=202 pc=3 accept existing FR2 slice [2,2]
[repack] proto=202 pc=7 accept existing FR2 slice [3,3]
[repack] proto=202 pc=11 accept existing FR2 slice [4,4]
[repack] proto=202 pc=15 accept existing FR2 slice [5,5]
[repack] proto=202 pc=19 accept existing FR2 slice [6,6]
[repack] proto=202 pc=23 accept existing FR2 slice [7,7]
[repack] proto=202 pc=27 accept existing FR2 slice [8,8]
[repack] proto=202 pc=31 accept existing FR2 slice [9,9]
[repack] proto=202 pc=35 accept existing FR2 slice [10,10]
[repack] proto=202 pc=39 accept existing FR2 slice [11,11]
[repack] proto=202 pc=44 accept existing FR2 slice [13,13]
[repack] proto=202 pc=48 accept existing FR2 slice [14,14]
[repack] proto=202 pc=52 accept existing FR2 slice [15,15]
[repack] proto=202 pc=56 accept existing FR2 slice [16,16]
[repack] proto=202 pc=60 accept existing FR2 slice [17,17]
[repack] proto=202 pc=64 accept existing FR2 slice [18,18]
[repack] proto=202 pc=68 accept existing FR2 slice [19,19]
[repack] proto=202 pc=79 accept existing FR2 slice [20,20]
[repack] proto=202 pc=83 accept existing FR2 slice [20,20]
[repack] proto=202 pc=87 accept existing FR2 slice [20,20]
[repack] proto=202 pc=91 accept existing FR2 slice [20,21]
[repack] proto=202 pc=94 accept existing FR2 slice [20,20]
[repack] proto=202 pc=137 accept existing FR2 slice [21,21]
[repack] proto=202 pc=142 accept existing FR2 slice [21,22]
[repack] proto=202 pc=146 accept existing FR2 slice [21,22]
[repack] proto=202 pc=150 accept existing FR2 slice [21,22]
[repack] proto=202 pc=154 accept existing FR2 slice [21,22]
[repack] proto=202 pc=158 accept existing FR2 slice [21,22]
[repack] proto=202 pc=162 accept existing FR2 slice [21,22]
[repack] proto=202 pc=165 accept existing FR2 slice [21,21]
[repack] proto=202 pc=170 accept existing FR2 slice [26,27]
[repack] proto=202 pc=175 accept existing FR2 slice [21,21]
[repack] slice fail pc=180 target-at=177 range=[26,27]
[repack] simple-local pick pc=179 op=KPRI def=26 range=[26,27]
[repack] simple-local pick pc=169 op=KPRI def=27 range=[26,27]
[repack] proto=202 pc=180 accept existing FR2 slice [26,27]
[repack] slice fail pc=181 unresolved reg=23 range=[23,24]
[repack] readonly slice retry fail pc=181 read-at=180 op=CALL reg=24 range=[23,24]
[repack] simple-local pick pc=177 op=TGETS def=24 range=[23,24]
[repack] simple-local missing reg=23 range=[23,24]
[repack] slice fail pc=181 interference-at=180 op=CALL reg=24 range=[24,25]
[repack] simple-local pick pc=178 op=MOV def=25 range=[24,25]
[repack] simple-local pick pc=177 op=TGETS def=24 range=[24,25]
[repack] proto=202 pc=181 accept existing FR2 slice [24,25]
[repack] proto=202 pc=185 accept existing FR2 slice [21,21]
[repack] slice fail pc=190 target-at=187 range=[26,27]
[repack] simple-local pick pc=189 op=KPRI def=26 range=[26,27]
[repack] simple-local pick pc=169 op=KPRI def=27 range=[26,27]
[repack] proto=202 pc=190 accept existing FR2 slice [26,27]
[repack] proto=202 pc=197 accept existing FR2 slice [21,21]
[repack] proto=202 pc=212 accept existing FR2 slice [23,23]
[repack] proto=202 pc=235 accept existing FR2 slice [27,28]
[repack] proto=202 pc=241 accept existing FR2 slice [27,30]
[repack] proto=202 pc=247 accept existing FR2 slice [27,30]
[repack] proto=202 pc=253 accept existing FR2 slice [27,30]
[repack] proto=202 pc=259 accept existing FR2 slice [27,30]
[repack] proto=202 pc=265 accept existing FR2 slice [27,30]
[repack] proto=202 pc=271 accept existing FR2 slice [27,30]
[repack] proto=202 pc=277 accept existing FR2 slice [27,30]
[repack] proto=202 pc=283 accept existing FR2 slice [27,30]
[repack] proto=202 pc=289 accept existing FR2 slice [27,30]
[repack] proto=202 pc=295 accept existing FR2 slice [27,30]
[repack] proto=202 pc=301 accept existing FR2 slice [27,30]
[repack] proto=202 pc=307 accept existing FR2 slice [27,30]
[repack] proto=202 pc=313 accept existing FR2 slice [27,30]
[repack] proto=202 pc=319 accept existing FR2 slice [27,30]
[repack] proto=202 pc=325 accept existing FR2 slice [27,30]
[repack] proto=202 pc=331 accept existing FR2 slice [27,30]
[repack] proto=202 pc=337 accept existing FR2 slice [27,30]
[repack] proto=202 pc=343 accept existing FR2 slice [27,30]
[repack] proto=202 pc=349 accept existing FR2 slice [27,30]
[repack] proto=202 pc=355 accept existing FR2 slice [27,30]
[repack] proto=202 pc=361 accept existing FR2 slice [27,30]
[repack] proto=202 pc=367 accept existing FR2 slice [27,30]
[repack] proto=202 pc=373 accept existing FR2 slice [27,30]
[repack] proto=202 pc=379 accept existing FR2 slice [27,30]
[repack] proto=202 pc=385 accept existing FR2 slice [27,30]
[repack] proto=202 pc=391 accept existing FR2 slice [27,30]
[repack] proto=202 pc=397 accept existing FR2 slice [27,30]
[repack] proto=202 pc=403 accept existing FR2 slice [27,30]
[repack] proto=202 pc=409 accept existing FR2 slice [27,30]
[repack] proto=202 pc=415 accept existing FR2 slice [27,30]
[repack] proto=202 pc=421 accept existing FR2 slice [27,30]
[repack] proto=202 pc=427 accept existing FR2 slice [27,30]
[repack] proto=202 pc=433 accept existing FR2 slice [27,30]
[repack] proto=202 pc=439 accept existing FR2 slice [27,30]
[repack] proto=202 pc=445 accept existing FR2 slice [27,30]
[repack] proto=202 pc=448 accept existing FR2 slice [27,27]
[repack] proto=202 pc=455 accept existing FR2 slice [27,30]
[repack] proto=202 pc=458 accept existing FR2 slice [27,27]
[repack] proto=202 pc=465 accept existing FR2 slice [27,30]
[repack] proto=202 pc=471 accept existing FR2 slice [27,30]
[repack] proto=202 pc=477 accept existing FR2 slice [27,30]
[repack] proto=202 pc=483 accept existing FR2 slice [27,30]
[repack] proto=202 pc=489 accept existing FR2 slice [27,30]
[repack] proto=202 pc=495 accept existing FR2 slice [27,30]
[repack] proto=202 pc=501 accept existing FR2 slice [27,30]
[repack] proto=202 pc=507 accept existing FR2 slice [27,30]
[repack] proto=202 pc=513 accept existing FR2 slice [27,30]
[repack] proto=202 pc=519 accept existing FR2 slice [27,30]
[repack] proto=202 pc=525 accept existing FR2 slice [27,30]
[repack] proto=202 pc=531 accept existing FR2 slice [27,30]
[repack] proto=202 pc=537 accept existing FR2 slice [27,30]
[repack] proto=202 pc=543 accept existing FR2 slice [27,30]
[repack] proto=202 pc=550 accept existing FR2 slice [28,31]
[repack] proto=202 pc=556 accept existing FR2 slice [28,31]
[repack] proto=202 pc=562 accept existing FR2 slice [28,31]
[repack] proto=202 pc=568 accept existing FR2 slice [28,31]
[repack] proto=202 pc=574 accept existing FR2 slice [28,31]
[repack] proto=202 pc=580 accept existing FR2 slice [28,31]
[repack] proto=202 pc=586 accept existing FR2 slice [28,31]
[repack] proto=202 pc=592 accept existing FR2 slice [28,31]
[repack] slice fail pc=596 interference-at=592 op=CALL reg=29 range=[28,29]
[repack] simple-local pick pc=595 op=KPRI def=28 range=[28,29]
[repack] simple-local pick pc=590 op=KPRI def=29 range=[28,29]
[repack] proto=202 pc=596 accept existing FR2 slice [28,29]
[repack] proto=202 pc=602 accept existing FR2 slice [28,31]
[repack] slice fail pc=606 interference-at=602 op=CALL reg=29 range=[28,29]
[repack] simple-local pick pc=605 op=KPRI def=28 range=[28,29]
[repack] simple-local pick pc=600 op=KPRI def=29 range=[28,29]
[repack] proto=202 pc=606 accept existing FR2 slice [28,29]
[repack] proto=202 pc=612 accept existing FR2 slice [28,31]
[repack] proto=202 pc=615 accept existing FR2 slice [28,28]
[repack] proto=202 pc=624 accept existing FR2 slice [30,33]
[repack] proto=202 pc=630 accept existing FR2 slice [30,33]
[repack] proto=202 pc=636 accept existing FR2 slice [30,33]
[repack] proto=202 pc=642 accept existing FR2 slice [30,33]
[repack] proto=202 pc=648 accept existing FR2 slice [30,33]
[repack] proto=202 pc=654 accept existing FR2 slice [30,33]
[repack] slice fail pc=658 interference-at=654 op=CALL reg=31 range=[30,31]
[repack] simple-local pick pc=657 op=KPRI def=30 range=[30,31]
[repack] simple-local pick pc=652 op=KPRI def=31 range=[30,31]
[repack] proto=202 pc=658 accept existing FR2 slice [30,31]
[repack] proto=202 pc=664 accept existing FR2 slice [30,33]
[repack] slice fail pc=668 interference-at=664 op=CALL reg=31 range=[30,31]
[repack] simple-local pick pc=667 op=KPRI def=30 range=[30,31]
[repack] simple-local pick pc=662 op=KPRI def=31 range=[30,31]
[repack] proto=202 pc=668 accept existing FR2 slice [30,31]
[repack] proto=202 pc=674 accept existing FR2 slice [30,33]
[repack] slice fail pc=678 interference-at=674 op=CALL reg=31 range=[30,31]
[repack] simple-local pick pc=677 op=KPRI def=30 range=[30,31]
[repack] simple-local pick pc=672 op=KPRI def=31 range=[30,31]
[repack] proto=202 pc=678 accept existing FR2 slice [30,31]
[repack] slice fail pc=682 interference-at=674 op=CALL reg=31 range=[30,31]
[repack] simple-local pick pc=681 op=KPRI def=30 range=[30,31]
[repack] simple-local pick pc=672 op=KPRI def=31 range=[30,31]
[repack] proto=202 pc=682 accept existing FR2 slice [30,31]
[repack] slice fail pc=686 interference-at=674 op=CALL reg=31 range=[30,31]
[repack] simple-local pick pc=685 op=KPRI def=30 range=[30,31]
[repack] simple-local pick pc=672 op=KPRI def=31 range=[30,31]
[repack] proto=202 pc=686 accept existing FR2 slice [30,31]
[repack] slice fail pc=690 interference-at=674 op=CALL reg=31 range=[30,31]
[repack] simple-local pick pc=689 op=KPRI def=30 range=[30,31]
[repack] simple-local pick pc=672 op=KPRI def=31 range=[30,31]
[repack] proto=202 pc=690 accept existing FR2 slice [30,31]
[repack] slice fail pc=694 interference-at=674 op=CALL reg=31 range=[30,31]
[repack] simple-local pick pc=693 op=KPRI def=30 range=[30,31]
[repack] simple-local pick pc=672 op=KPRI def=31 range=[30,31]
[repack] proto=202 pc=694 accept existing FR2 slice [30,31]
[repack] slice fail pc=698 interference-at=674 op=CALL reg=31 range=[30,31]
[repack] simple-local pick pc=697 op=KPRI def=30 range=[30,31]
[repack] simple-local pick pc=672 op=KPRI def=31 range=[30,31]
[repack] proto=202 pc=698 accept existing FR2 slice [30,31]
[repack] slice fail pc=702 interference-at=674 op=CALL reg=31 range=[30,31]
[repack] simple-local pick pc=701 op=KPRI def=30 range=[30,31]
[repack] simple-local pick pc=672 op=KPRI def=31 range=[30,31]
[repack] proto=202 pc=702 accept existing FR2 slice [30,31]
[repack] proto=202 pc=708 accept existing FR2 slice [30,33]
[repack] proto=202 pc=714 accept existing FR2 slice [30,33]
[repack] proto=202 pc=720 accept existing FR2 slice [30,33]
[repack] proto=202 pc=726 accept existing FR2 slice [30,33]
[repack] proto=202 pc=732 accept existing FR2 slice [30,33]
[repack] proto=202 pc=738 accept existing FR2 slice [30,33]
[repack] proto=202 pc=744 accept existing FR2 slice [30,33]
[repack] slice fail pc=748 interference-at=744 op=CALL reg=31 range=[30,31]
[repack] simple-local pick pc=747 op=KPRI def=30 range=[30,31]
[repack] simple-local pick pc=742 op=KPRI def=31 range=[30,31]
[repack] proto=202 pc=748 accept existing FR2 slice [30,31]
[repack] proto=202 pc=754 accept existing FR2 slice [30,33]
[repack] proto=202 pc=760 accept existing FR2 slice [30,33]
[repack] slice fail pc=764 interference-at=760 op=CALL reg=31 range=[30,31]
[repack] simple-local pick pc=763 op=KPRI def=30 range=[30,31]
[repack] simple-local pick pc=758 op=KPRI def=31 range=[30,31]
[repack] proto=202 pc=764 accept existing FR2 slice [30,31]
[repack] proto=202 pc=770 accept existing FR2 slice [30,33]
[repack] proto=202 pc=776 accept existing FR2 slice [30,33]
[repack] proto=202 pc=782 accept existing FR2 slice [30,33]
[repack] proto=202 pc=788 accept existing FR2 slice [30,33]
[repack] slice fail pc=792 interference-at=788 op=CALL reg=31 range=[30,31]
[repack] simple-local pick pc=791 op=KPRI def=30 range=[30,31]
[repack] simple-local pick pc=786 op=KPRI def=31 range=[30,31]
[repack] proto=202 pc=792 accept existing FR2 slice [30,31]
[repack] slice fail pc=796 interference-at=788 op=CALL reg=31 range=[30,31]
[repack] simple-local pick pc=795 op=KPRI def=30 range=[30,31]
[repack] simple-local pick pc=786 op=KPRI def=31 range=[30,31]
[repack] proto=202 pc=796 accept existing FR2 slice [30,31]
[repack] slice fail pc=800 interference-at=788 op=CALL reg=31 range=[30,31]
[repack] simple-local pick pc=799 op=KPRI def=30 range=[30,31]
[repack] simple-local pick pc=786 op=KPRI def=31 range=[30,31]
[repack] proto=202 pc=800 accept existing FR2 slice [30,31]
[repack] proto=202 pc=806 accept existing FR2 slice [30,33]
[repack] proto=202 pc=812 accept existing FR2 slice [30,33]
[repack] proto=202 pc=818 accept existing FR2 slice [30,33]
[repack] proto=202 pc=824 accept existing FR2 slice [30,33]
[repack] proto=202 pc=830 accept existing FR2 slice [30,33]
[repack] proto=202 pc=836 accept existing FR2 slice [30,33]
[repack] proto=202 pc=842 accept existing FR2 slice [30,33]
[repack] proto=202 pc=848 accept existing FR2 slice [30,33]
[repack] proto=202 pc=854 accept existing FR2 slice [30,33]
[repack] slice fail pc=858 interference-at=854 op=CALL reg=31 range=[30,31]
[repack] simple-local pick pc=857 op=KPRI def=30 range=[30,31]
[repack] simple-local pick pc=852 op=KPRI def=31 range=[30,31]
[repack] proto=202 pc=858 accept existing FR2 slice [30,31]
[repack] proto=202 pc=864 accept existing FR2 slice [30,33]
[repack] proto=202 pc=870 accept existing FR2 slice [30,33]
[repack] proto=202 pc=876 accept existing FR2 slice [30,33]
[repack] proto=202 pc=882 accept existing FR2 slice [30,33]
[repack] proto=202 pc=888 accept existing FR2 slice [30,33]
[repack] proto=202 pc=894 accept existing FR2 slice [30,33]
[repack] proto=202 pc=900 accept existing FR2 slice [30,33]
[repack] proto=202 pc=906 accept existing FR2 slice [30,33]
[repack] proto=202 pc=912 accept existing FR2 slice [30,33]
[repack] proto=202 pc=918 accept existing FR2 slice [30,33]
[repack] proto=202 pc=924 accept existing FR2 slice [30,33]
[repack] proto=202 pc=930 accept existing FR2 slice [30,33]
[repack] proto=202 pc=936 accept existing FR2 slice [30,33]
[repack] proto=202 pc=942 accept existing FR2 slice [30,33]
[repack] proto=202 pc=948 accept existing FR2 slice [30,33]
[repack] proto=202 pc=954 accept existing FR2 slice [30,33]
[repack] slice fail pc=958 interference-at=954 op=CALL reg=31 range=[30,31]
[repack] simple-local pick pc=957 op=KPRI def=30 range=[30,31]
[repack] simple-local pick pc=952 op=KPRI def=31 range=[30,31]
[repack] proto=202 pc=958 accept existing FR2 slice [30,31]
[repack] slice fail pc=962 interference-at=954 op=CALL reg=31 range=[30,31]
[repack] simple-local pick pc=961 op=KPRI def=30 range=[30,31]
[repack] simple-local pick pc=952 op=KPRI def=31 range=[30,31]
[repack] proto=202 pc=962 accept existing FR2 slice [30,31]
[repack] proto=202 pc=987 accept existing FR2 slice [30,33]
[repack] proto=202 pc=993 accept existing FR2 slice [30,33]
[repack] proto=202 pc=999 accept existing FR2 slice [30,33]
[repack] proto=202 pc=1005 accept existing FR2 slice [30,33]
[repack] proto=202 pc=1011 accept existing FR2 slice [30,33]
[repack] slice fail pc=1015 interference-at=1011 op=CALL reg=31 range=[30,31]
[repack] simple-local pick pc=1014 op=KPRI def=30 range=[30,31]
[repack] simple-local pick pc=1009 op=KPRI def=31 range=[30,31]
[repack] proto=202 pc=1015 accept existing FR2 slice [30,31]
[repack] proto=202 pc=1021 accept existing FR2 slice [30,33]
[repack] proto=202 pc=1027 accept existing FR2 slice [30,33]
[repack] proto=202 pc=1033 accept existing FR2 slice [30,33]
[repack] slice fail pc=1037 interference-at=1033 op=CALL reg=31 range=[30,31]
[repack] simple-local pick pc=1036 op=KPRI def=30 range=[30,31]
[repack] simple-local pick pc=1031 op=KPRI def=31 range=[30,31]
[repack] proto=202 pc=1037 accept existing FR2 slice [30,31]
[repack] proto=202 pc=1043 accept existing FR2 slice [30,33]
[repack] proto=202 pc=1046 accept existing FR2 slice [30,30]
[repack] proto=202 pc=1052 accept existing FR2 slice [31,34]
[repack] proto=202 pc=1058 accept existing FR2 slice [31,34]
[repack] proto=202 pc=1064 accept existing FR2 slice [31,34]
[repack] proto=202 pc=1070 accept existing FR2 slice [31,34]
[repack] proto=202 pc=1076 accept existing FR2 slice [31,34]
[repack] proto=202 pc=1082 accept existing FR2 slice [31,34]
[repack] proto=202 pc=1088 accept existing FR2 slice [31,34]
[repack] proto=202 pc=1094 accept existing FR2 slice [31,34]
[repack] proto=202 pc=1100 accept existing FR2 slice [31,34]
[repack] proto=202 pc=1106 accept existing FR2 slice [31,34]
[repack] proto=202 pc=1110 accept existing FR2 slice [32,32]
[repack] proto=202 pc=1115 accept existing FR2 slice [31,32]
[repack] proto=202 pc=1121 accept existing FR2 slice [31,34]
[repack] proto=202 pc=1127 accept existing FR2 slice [31,34]
[repack] proto=202 pc=1133 accept existing FR2 slice [31,34]
[repack] proto=202 pc=1139 accept existing FR2 slice [31,34]
[repack] proto=202 pc=1151 accept existing FR2 slice [31,35]
[repack] proto=202 pc=1163 accept existing FR2 slice [31,35]
[repack] proto=202 pc=1170 copy-fallback keep legacy-overlap reason=call6-kstr-tdup-fnew-chain old=[30,34] new=[31,35] base=29 nargs=5 b=1
[repack] proto=202 pc=1170 copy-fallback reason=call6-kstr-tdup-fnew-chain insert_pc=1170 count=5 range=[30,34]->[31,35] deferred=0
[rebuild] proto=202 insert_pc=1170 old_proto_total=16728 new_proto_total=16748 old_payload=16725 new_payload=16745 debug_drop=3445
[repack] proto=202 pc=3 accept existing FR2 slice [2,2]
[repack] proto=202 pc=7 accept existing FR2 slice [3,3]
[repack] proto=202 pc=11 accept existing FR2 slice [4,4]
[repack] proto=202 pc=15 accept existing FR2 slice [5,5]
[repack] proto=202 pc=19 accept existing FR2 slice [6,6]
[repack] proto=202 pc=23 accept existing FR2 slice [7,7]
[repack] proto=202 pc=27 accept existing FR2 slice [8,8]
[repack] proto=202 pc=31 accept existing FR2 slice [9,9]
[repack] proto=202 pc=35 accept existing FR2 slice [10,10]
[repack] proto=202 pc=39 accept existing FR2 slice [11,11]
[repack] proto=202 pc=44 accept existing FR2 slice [13,13]
[repack] proto=202 pc=48 accept existing FR2 slice [14,14]
[repack] proto=202 pc=52 accept existing FR2 slice [15,15]
[repack] proto=202 pc=56 accept existing FR2 slice [16,16]
[repack] proto=202 pc=60 accept existing FR2 slice [17,17]
[repack] proto=202 pc=64 accept existing FR2 slice [18,18]
[repack] proto=202 pc=68 accept existing FR2 slice [19,19]
[repack] proto=202 pc=79 accept existing FR2 slice [20,20]
[repack] proto=202 pc=83 accept existing FR2 slice [20,20]
[repack] proto=202 pc=87 accept existing FR2 slice [20,20]
[repack] proto=202 pc=91 accept existing FR2 slice [20,21]
[repack] proto=202 pc=94 accept existing FR2 slice [20,20]
[repack] proto=202 pc=137 accept existing FR2 slice [21,21]
[repack] proto=202 pc=142 accept existing FR2 slice [21,22]
[repack] proto=202 pc=146 accept existing FR2 slice [21,22]
[repack] proto=202 pc=150 accept existing FR2 slice [21,22]
[repack] proto=202 pc=154 accept existing FR2 slice [21,22]
[repack] proto=202 pc=158 accept existing FR2 slice [21,22]
[repack] proto=202 pc=162 accept existing FR2 slice [21,22]
[repack] proto=202 pc=165 accept existing FR2 slice [21,21]
[repack] proto=202 pc=170 accept existing FR2 slice [26,27]
[repack] proto=202 pc=175 accept existing FR2 slice [21,21]
[repack] slice fail pc=180 target-at=177 range=[26,27]
[repack] simple-local pick pc=179 op=KPRI def=26 range=[26,27]
[repack] simple-local pick pc=169 op=KPRI def=27 range=[26,27]
[repack] proto=202 pc=180 accept existing FR2 slice [26,27]
[repack] slice fail pc=181 unresolved reg=23 range=[23,24]
[repack] readonly slice retry fail pc=181 read-at=180 op=CALL reg=24 range=[23,24]
[repack] simple-local pick pc=177 op=TGETS def=24 range=[23,24]
[repack] simple-local missing reg=23 range=[23,24]
[repack] slice fail pc=181 interference-at=180 op=CALL reg=24 range=[24,25]
[repack] simple-local pick pc=178 op=MOV def=25 range=[24,25]
[repack] simple-local pick pc=177 op=TGETS def=24 range=[24,25]
[repack] proto=202 pc=181 accept existing FR2 slice [24,25]
[repack] proto=202 pc=185 accept existing FR2 slice [21,21]
[repack] slice fail pc=190 target-at=187 range=[26,27]
[repack] simple-local pick pc=189 op=KPRI def=26 range=[26,27]
[repack] simple-local pick pc=169 op=KPRI def=27 range=[26,27]
[repack] proto=202 pc=190 accept existing FR2 slice [26,27]
[repack] proto=202 pc=197 accept existing FR2 slice [21,21]
[repack] proto=202 pc=212 accept existing FR2 slice [23,23]
[repack] proto=202 pc=235 accept existing FR2 slice [27,28]
[repack] proto=202 pc=241 accept existing FR2 slice [27,30]
[repack] proto=202 pc=247 accept existing FR2 slice [27,30]
[repack] proto=202 pc=253 accept existing FR2 slice [27,30]
[repack] proto=202 pc=259 accept existing FR2 slice [27,30]
[repack] proto=202 pc=265 accept existing FR2 slice [27,30]
[repack] proto=202 pc=271 accept existing FR2 slice [27,30]
[repack] proto=202 pc=277 accept existing FR2 slice [27,30]
[repack] proto=202 pc=283 accept existing FR2 slice [27,30]
[repack] proto=202 pc=289 accept existing FR2 slice [27,30]
[repack] proto=202 pc=295 accept existing FR2 slice [27,30]
[repack] proto=202 pc=301 accept existing FR2 slice [27,30]
[repack] proto=202 pc=307 accept existing FR2 slice [27,30]
[repack] proto=202 pc=313 accept existing FR2 slice [27,30]
[repack] proto=202 pc=319 accept existing FR2 slice [27,30]
[repack] proto=202 pc=325 accept existing FR2 slice [27,30]
[repack] proto=202 pc=331 accept existing FR2 slice [27,30]
[repack] proto=202 pc=337 accept existing FR2 slice [27,30]
[repack] proto=202 pc=343 accept existing FR2 slice [27,30]
[repack] proto=202 pc=349 accept existing FR2 slice [27,30]
[repack] proto=202 pc=355 accept existing FR2 slice [27,30]
[repack] proto=202 pc=361 accept existing FR2 slice [27,30]
[repack] proto=202 pc=367 accept existing FR2 slice [27,30]
[repack] proto=202 pc=373 accept existing FR2 slice [27,30]
[repack] proto=202 pc=379 accept existing FR2 slice [27,30]
[repack] proto=202 pc=385 accept existing FR2 slice [27,30]
[repack] proto=202 pc=391 accept existing FR2 slice [27,30]
[repack] proto=202 pc=397 accept existing FR2 slice [27,30]
[repack] proto=202 pc=403 accept existing FR2 slice [27,30]
[repack] proto=202 pc=409 accept existing FR2 slice [27,30]
[repack] proto=202 pc=415 accept existing FR2 slice [27,30]
[repack] proto=202 pc=421 accept existing FR2 slice [27,30]
[repack] proto=202 pc=427 accept existing FR2 slice [27,30]
[repack] proto=202 pc=433 accept existing FR2 slice [27,30]
[repack] proto=202 pc=439 accept existing FR2 slice [27,30]
[repack] proto=202 pc=445 accept existing FR2 slice [27,30]
[repack] proto=202 pc=448 accept existing FR2 slice [27,27]
[repack] proto=202 pc=455 accept existing FR2 slice [27,30]
[repack] proto=202 pc=458 accept existing FR2 slice [27,27]
[repack] proto=202 pc=465 accept existing FR2 slice [27,30]
[repack] proto=202 pc=471 accept existing FR2 slice [27,30]
[repack] proto=202 pc=477 accept existing FR2 slice [27,30]
[repack] proto=202 pc=483 accept existing FR2 slice [27,30]
[repack] proto=202 pc=489 accept existing FR2 slice [27,30]
[repack] proto=202 pc=495 accept existing FR2 slice [27,30]
[repack] proto=202 pc=501 accept existing FR2 slice [27,30]
[repack] proto=202 pc=507 accept existing FR2 slice [27,30]
[repack] proto=202 pc=513 accept existing FR2 slice [27,30]
[repack] proto=202 pc=519 accept existing FR2 slice [27,30]
[repack] proto=202 pc=525 accept existing FR2 slice [27,30]
[repack] proto=202 pc=531 accept existing FR2 slice [27,30]
[repack] proto=202 pc=537 accept existing FR2 slice [27,30]
[repack] proto=202 pc=543 accept existing FR2 slice [27,30]
[repack] proto=202 pc=550 accept existing FR2 slice [28,31]
[repack] proto=202 pc=556 accept existing FR2 slice [28,31]
[repack] proto=202 pc=562 accept existing FR2 slice [28,31]
[repack] proto=202 pc=568 accept existing FR2 slice [28,31]
[repack] proto=202 pc=574 accept existing FR2 slice [28,31]
[repack] proto=202 pc=580 accept existing FR2 slice [28,31]
[repack] proto=202 pc=586 accept existing FR2 slice [28,31]
[repack] proto=202 pc=592 accept existing FR2 slice [28,31]
[repack] slice fail pc=596 interference-at=592 op=CALL reg=29 range=[28,29]
[repack] simple-local pick pc=595 op=KPRI def=28 range=[28,29]
[repack] simple-local pick pc=590 op=KPRI def=29 range=[28,29]
[repack] proto=202 pc=596 accept existing FR2 slice [28,29]
[repack] proto=202 pc=602 accept existing FR2 slice [28,31]
[repack] slice fail pc=606 interference-at=602 op=CALL reg=29 range=[28,29]
[repack] simple-local pick pc=605 op=KPRI def=28 range=[28,29]
[repack] simple-local pick pc=600 op=KPRI def=29 range=[28,29]
[repack] proto=202 pc=606 accept existing FR2 slice [28,29]
[repack] proto=202 pc=612 accept existing FR2 slice [28,31]
[repack] proto=202 pc=615 accept existing FR2 slice [28,28]
[repack] proto=202 pc=624 accept existing FR2 slice [30,33]
[repack] proto=202 pc=630 accept existing FR2 slice [30,33]
[repack] proto=202 pc=636 accept existing FR2 slice [30,33]
[repack] proto=202 pc=642 accept existing FR2 slice [30,33]
[repack] proto=202 pc=648 accept existing FR2 slice [30,33]
[repack] proto=202 pc=654 accept existing FR2 slice [30,33]
[repack] slice fail pc=658 interference-at=654 op=CALL reg=31 range=[30,31]
[repack] simple-local pick pc=657 op=KPRI def=30 range=[30,31]
[repack] simple-local pick pc=652 op=KPRI def=31 range=[30,31]
[repack] proto=202 pc=658 accept existing FR2 slice [30,31]
[repack] proto=202 pc=664 accept existing FR2 slice [30,33]
[repack] slice fail pc=668 interference-at=664 op=CALL reg=31 range=[30,31]
[repack] simple-local pick pc=667 op=KPRI def=30 range=[30,31]
[repack] simple-local pick pc=662 op=KPRI def=31 range=[30,31]
[repack] proto=202 pc=668 accept existing FR2 slice [30,31]
[repack] proto=202 pc=674 accept existing FR2 slice [30,33]
[repack] slice fail pc=678 interference-at=674 op=CALL reg=31 range=[30,31]
[repack] simple-local pick pc=677 op=KPRI def=30 range=[30,31]
[repack] simple-local pick pc=672 op=KPRI def=31 range=[30,31]
[repack] proto=202 pc=678 accept existing FR2 slice [30,31]
[repack] slice fail pc=682 interference-at=674 op=CALL reg=31 range=[30,31]
[repack] simple-local pick pc=681 op=KPRI def=30 range=[30,31]
[repack] simple-local pick pc=672 op=KPRI def=31 range=[30,31]
[repack] proto=202 pc=682 accept existing FR2 slice [30,31]
[repack] slice fail pc=686 interference-at=674 op=CALL reg=31 range=[30,31]
[repack] simple-local pick pc=685 op=KPRI def=30 range=[30,31]
[repack] simple-local pick pc=672 op=KPRI def=31 range=[30,31]
[repack] proto=202 pc=686 accept existing FR2 slice [30,31]
[repack] slice fail pc=690 interference-at=674 op=CALL reg=31 range=[30,31]
[repack] simple-local pick pc=689 op=KPRI def=30 range=[30,31]
[repack] simple-local pick pc=672 op=KPRI def=31 range=[30,31]
[repack] proto=202 pc=690 accept existing FR2 slice [30,31]
[repack] slice fail pc=694 interference-at=674 op=CALL reg=31 range=[30,31]
[repack] simple-local pick pc=693 op=KPRI def=30 range=[30,31]
[repack] simple-local pick pc=672 op=KPRI def=31 range=[30,31]
[repack] proto=202 pc=694 accept existing FR2 slice [30,31]
[repack] slice fail pc=698 interference-at=674 op=CALL reg=31 range=[30,31]
[repack] simple-local pick pc=697 op=KPRI def=30 range=[30,31]
[repack] simple-local pick pc=672 op=KPRI def=31 range=[30,31]
[repack] proto=202 pc=698 accept existing FR2 slice [30,31]
[repack] slice fail pc=702 interference-at=674 op=CALL reg=31 range=[30,31]
[repack] simple-local pick pc=701 op=KPRI def=30 range=[30,31]
[repack] simple-local pick pc=672 op=KPRI def=31 range=[30,31]
[repack] proto=202 pc=702 accept existing FR2 slice [30,31]
[repack] proto=202 pc=708 accept existing FR2 slice [30,33]
[repack] proto=202 pc=714 accept existing FR2 slice [30,33]
[repack] proto=202 pc=720 accept existing FR2 slice [30,33]
[repack] proto=202 pc=726 accept existing FR2 slice [30,33]
[repack] proto=202 pc=732 accept existing FR2 slice [30,33]
[repack] proto=202 pc=738 accept existing FR2 slice [30,33]
[repack] proto=202 pc=744 accept existing FR2 slice [30,33]
[repack] slice fail pc=748 interference-at=744 op=CALL reg=31 range=[30,31]
[repack] simple-local pick pc=747 op=KPRI def=30 range=[30,31]
[repack] simple-local pick pc=742 op=KPRI def=31 range=[30,31]
[repack] proto=202 pc=748 accept existing FR2 slice [30,31]
[repack] proto=202 pc=754 accept existing FR2 slice [30,33]
[repack] proto=202 pc=760 accept existing FR2 slice [30,33]
[repack] slice fail pc=764 interference-at=760 op=CALL reg=31 range=[30,31]
[repack] simple-local pick pc=763 op=KPRI def=30 range=[30,31]
[repack] simple-local pick pc=758 op=KPRI def=31 range=[30,31]
[repack] proto=202 pc=764 accept existing FR2 slice [30,31]
[repack] proto=202 pc=770 accept existing FR2 slice [30,33]
[repack] proto=202 pc=776 accept existing FR2 slice [30,33]
[repack] proto=202 pc=782 accept existing FR2 slice [30,33]
[repack] proto=202 pc=788 accept existing FR2 slice [30,33]
[repack] slice fail pc=792 interference-at=788 op=CALL reg=31 range=[30,31]
[repack] simple-local pick pc=791 op=KPRI def=30 range=[30,31]
[repack] simple-local pick pc=786 op=KPRI def=31 range=[30,31]
[repack] proto=202 pc=792 accept existing FR2 slice [30,31]
[repack] slice fail pc=796 interference-at=788 op=CALL reg=31 range=[30,31]
[repack] simple-local pick pc=795 op=KPRI def=30 range=[30,31]
[repack] simple-local pick pc=786 op=KPRI def=31 range=[30,31]
[repack] proto=202 pc=796 accept existing FR2 slice [30,31]
[repack] slice fail pc=800 interference-at=788 op=CALL reg=31 range=[30,31]
[repack] simple-local pick pc=799 op=KPRI def=30 range=[30,31]
[repack] simple-local pick pc=786 op=KPRI def=31 range=[30,31]
[repack] proto=202 pc=800 accept existing FR2 slice [30,31]
[repack] proto=202 pc=806 accept existing FR2 slice [30,33]
[repack] proto=202 pc=812 accept existing FR2 slice [30,33]
[repack] proto=202 pc=818 accept existing FR2 slice [30,33]
[repack] proto=202 pc=824 accept existing FR2 slice [30,33]
[repack] proto=202 pc=830 accept existing FR2 slice [30,33]
[repack] proto=202 pc=836 accept existing FR2 slice [30,33]
[repack] proto=202 pc=842 accept existing FR2 slice [30,33]
[repack] proto=202 pc=848 accept existing FR2 slice [30,33]
[repack] proto=202 pc=854 accept existing FR2 slice [30,33]
[repack] slice fail pc=858 interference-at=854 op=CALL reg=31 range=[30,31]
[repack] simple-local pick pc=857 op=KPRI def=30 range=[30,31]
[repack] simple-local pick pc=852 op=KPRI def=31 range=[30,31]
[repack] proto=202 pc=858 accept existing FR2 slice [30,31]
[repack] proto=202 pc=864 accept existing FR2 slice [30,33]
[repack] proto=202 pc=870 accept existing FR2 slice [30,33]
[repack] proto=202 pc=876 accept existing FR2 slice [30,33]
[repack] proto=202 pc=882 accept existing FR2 slice [30,33]
[repack] proto=202 pc=888 accept existing FR2 slice [30,33]
[repack] proto=202 pc=894 accept existing FR2 slice [30,33]
[repack] proto=202 pc=900 accept existing FR2 slice [30,33]
[repack] proto=202 pc=906 accept existing FR2 slice [30,33]
[repack] proto=202 pc=912 accept existing FR2 slice [30,33]
[repack] proto=202 pc=918 accept existing FR2 slice [30,33]
[repack] proto=202 pc=924 accept existing FR2 slice [30,33]
[repack] proto=202 pc=930 accept existing FR2 slice [30,33]
[repack] proto=202 pc=936 accept existing FR2 slice [30,33]
[repack] proto=202 pc=942 accept existing FR2 slice [30,33]
[repack] proto=202 pc=948 accept existing FR2 slice [30,33]
[repack] proto=202 pc=954 accept existing FR2 slice [30,33]
[repack] slice fail pc=958 interference-at=954 op=CALL reg=31 range=[30,31]
[repack] simple-local pick pc=957 op=KPRI def=30 range=[30,31]
[repack] simple-local pick pc=952 op=KPRI def=31 range=[30,31]
[repack] proto=202 pc=958 accept existing FR2 slice [30,31]
[repack] slice fail pc=962 interference-at=954 op=CALL reg=31 range=[30,31]
[repack] simple-local pick pc=961 op=KPRI def=30 range=[30,31]
[repack] simple-local pick pc=952 op=KPRI def=31 range=[30,31]
[repack] proto=202 pc=962 accept existing FR2 slice [30,31]
[repack] proto=202 pc=987 accept existing FR2 slice [30,33]
[repack] proto=202 pc=993 accept existing FR2 slice [30,33]
[repack] proto=202 pc=999 accept existing FR2 slice [30,33]
[repack] proto=202 pc=1005 accept existing FR2 slice [30,33]
[repack] proto=202 pc=1011 accept existing FR2 slice [30,33]
[repack] slice fail pc=1015 interference-at=1011 op=CALL reg=31 range=[30,31]
[repack] simple-local pick pc=1014 op=KPRI def=30 range=[30,31]
[repack] simple-local pick pc=1009 op=KPRI def=31 range=[30,31]
[repack] proto=202 pc=1015 accept existing FR2 slice [30,31]
[repack] proto=202 pc=1021 accept existing FR2 slice [30,33]
[repack] proto=202 pc=1027 accept existing FR2 slice [30,33]
[repack] proto=202 pc=1033 accept existing FR2 slice [30,33]
[repack] slice fail pc=1037 interference-at=1033 op=CALL reg=31 range=[30,31]
[repack] simple-local pick pc=1036 op=KPRI def=30 range=[30,31]
[repack] simple-local pick pc=1031 op=KPRI def=31 range=[30,31]
[repack] proto=202 pc=1037 accept existing FR2 slice [30,31]
[repack] proto=202 pc=1043 accept existing FR2 slice [30,33]
[repack] proto=202 pc=1046 accept existing FR2 slice [30,30]
[repack] proto=202 pc=1052 accept existing FR2 slice [31,34]
[repack] proto=202 pc=1058 accept existing FR2 slice [31,34]
[repack] proto=202 pc=1064 accept existing FR2 slice [31,34]
[repack] proto=202 pc=1070 accept existing FR2 slice [31,34]
[repack] proto=202 pc=1076 accept existing FR2 slice [31,34]
[repack] proto=202 pc=1082 accept existing FR2 slice [31,34]
[repack] proto=202 pc=1088 accept existing FR2 slice [31,34]
[repack] proto=202 pc=1094 accept existing FR2 slice [31,34]
[repack] proto=202 pc=1100 accept existing FR2 slice [31,34]
[repack] proto=202 pc=1106 accept existing FR2 slice [31,34]
[repack] proto=202 pc=1110 accept existing FR2 slice [32,32]
[repack] proto=202 pc=1115 accept existing FR2 slice [31,32]
[repack] proto=202 pc=1121 accept existing FR2 slice [31,34]
[repack] proto=202 pc=1127 accept existing FR2 slice [31,34]
[repack] proto=202 pc=1133 accept existing FR2 slice [31,34]
[repack] proto=202 pc=1139 accept existing FR2 slice [31,34]
[repack] proto=202 pc=1151 accept existing FR2 slice [31,35]
[repack] proto=202 pc=1163 accept existing FR2 slice [31,35]
[repack] proto=202 pc=1175 accept existing FR2 slice [31,35]
[repack] proto=202 pc=1182 copy-fallback keep legacy-overlap reason=call6-kstr-tdup-fnew-chain old=[30,34] new=[31,35] base=29 nargs=5 b=1
[repack] proto=202 pc=1182 copy-fallback reason=call6-kstr-tdup-fnew-chain insert_pc=1182 count=5 range=[30,34]->[31,35] deferred=0
[rebuild] proto=202 insert_pc=1182 old_proto_total=16748 new_proto_total=16768 old_payload=16745 new_payload=16765 debug_drop=3445
[repack] proto=202 pc=3 accept existing FR2 slice [2,2]
[repack] proto=202 pc=7 accept existing FR2 slice [3,3]
[repack] proto=202 pc=11 accept existing FR2 slice [4,4]
[repack] proto=202 pc=15 accept existing FR2 slice [5,5]
[repack] proto=202 pc=19 accept existing FR2 slice [6,6]
[repack] proto=202 pc=23 accept existing FR2 slice [7,7]
[repack] proto=202 pc=27 accept existing FR2 slice [8,8]
[repack] proto=202 pc=31 accept existing FR2 slice [9,9]
[repack] proto=202 pc=35 accept existing FR2 slice [10,10]
[repack] proto=202 pc=39 accept existing FR2 slice [11,11]
[repack] proto=202 pc=44 accept existing FR2 slice [13,13]
[repack] proto=202 pc=48 accept existing FR2 slice [14,14]
[repack] proto=202 pc=52 accept existing FR2 slice [15,15]
[repack] proto=202 pc=56 accept existing FR2 slice [16,16]
[repack] proto=202 pc=60 accept existing FR2 slice [17,17]
[repack] proto=202 pc=64 accept existing FR2 slice [18,18]
[repack] proto=202 pc=68 accept existing FR2 slice [19,19]
[repack] proto=202 pc=79 accept existing FR2 slice [20,20]
[repack] proto=202 pc=83 accept existing FR2 slice [20,20]
[repack] proto=202 pc=87 accept existing FR2 slice [20,20]
[repack] proto=202 pc=91 accept existing FR2 slice [20,21]
[repack] proto=202 pc=94 accept existing FR2 slice [20,20]
[repack] proto=202 pc=137 accept existing FR2 slice [21,21]
[repack] proto=202 pc=142 accept existing FR2 slice [21,22]
[repack] proto=202 pc=146 accept existing FR2 slice [21,22]
[repack] proto=202 pc=150 accept existing FR2 slice [21,22]
[repack] proto=202 pc=154 accept existing FR2 slice [21,22]
[repack] proto=202 pc=158 accept existing FR2 slice [21,22]
[repack] proto=202 pc=162 accept existing FR2 slice [21,22]
[repack] proto=202 pc=165 accept existing FR2 slice [21,21]
[repack] proto=202 pc=170 accept existing FR2 slice [26,27]
[repack] proto=202 pc=175 accept existing FR2 slice [21,21]
[repack] slice fail pc=180 target-at=177 range=[26,27]
[repack] simple-local pick pc=179 op=KPRI def=26 range=[26,27]
[repack] simple-local pick pc=169 op=KPRI def=27 range=[26,27]
[repack] proto=202 pc=180 accept existing FR2 slice [26,27]
[repack] slice fail pc=181 unresolved reg=23 range=[23,24]
[repack] readonly slice retry fail pc=181 read-at=180 op=CALL reg=24 range=[23,24]
[repack] simple-local pick pc=177 op=TGETS def=24 range=[23,24]
[repack] simple-local missing reg=23 range=[23,24]
[repack] slice fail pc=181 interference-at=180 op=CALL reg=24 range=[24,25]
[repack] simple-local pick pc=178 op=MOV def=25 range=[24,25]
[repack] simple-local pick pc=177 op=TGETS def=24 range=[24,25]
[repack] proto=202 pc=181 accept existing FR2 slice [24,25]
[repack] proto=202 pc=185 accept existing FR2 slice [21,21]
[repack] slice fail pc=190 target-at=187 range=[26,27]
[repack] simple-local pick pc=189 op=KPRI def=26 range=[26,27]
[repack] simple-local pick pc=169 op=KPRI def=27 range=[26,27]
[repack] proto=202 pc=190 accept existing FR2 slice [26,27]
[repack] proto=202 pc=197 accept existing FR2 slice [21,21]
[repack] proto=202 pc=212 accept existing FR2 slice [23,23]
[repack] proto=202 pc=235 accept existing FR2 slice [27,28]
[repack] proto=202 pc=241 accept existing FR2 slice [27,30]
[repack] proto=202 pc=247 accept existing FR2 slice [27,30]
[repack] proto=202 pc=253 accept existing FR2 slice [27,30]
[repack] proto=202 pc=259 accept existing FR2 slice [27,30]
[repack] proto=202 pc=265 accept existing FR2 slice [27,30]
[repack] proto=202 pc=271 accept existing FR2 slice [27,30]
[repack] proto=202 pc=277 accept existing FR2 slice [27,30]
[repack] proto=202 pc=283 accept existing FR2 slice [27,30]
[repack] proto=202 pc=289 accept existing FR2 slice [27,30]
[repack] proto=202 pc=295 accept existing FR2 slice [27,30]
[repack] proto=202 pc=301 accept existing FR2 slice [27,30]
[repack] proto=202 pc=307 accept existing FR2 slice [27,30]
[repack] proto=202 pc=313 accept existing FR2 slice [27,30]
[repack] proto=202 pc=319 accept existing FR2 slice [27,30]
[repack] proto=202 pc=325 accept existing FR2 slice [27,30]
[repack] proto=202 pc=331 accept existing FR2 slice [27,30]
[repack] proto=202 pc=337 accept existing FR2 slice [27,30]
[repack] proto=202 pc=343 accept existing FR2 slice [27,30]
[repack] proto=202 pc=349 accept existing FR2 slice [27,30]
[repack] proto=202 pc=355 accept existing FR2 slice [27,30]
[repack] proto=202 pc=361 accept existing FR2 slice [27,30]
[repack] proto=202 pc=367 accept existing FR2 slice [27,30]
[repack] proto=202 pc=373 accept existing FR2 slice [27,30]
[repack] proto=202 pc=379 accept existing FR2 slice [27,30]
[repack] proto=202 pc=385 accept existing FR2 slice [27,30]
[repack] proto=202 pc=391 accept existing FR2 slice [27,30]
[repack] proto=202 pc=397 accept existing FR2 slice [27,30]
[repack] proto=202 pc=403 accept existing FR2 slice [27,30]
[repack] proto=202 pc=409 accept existing FR2 slice [27,30]
[repack] proto=202 pc=415 accept existing FR2 slice [27,30]
[repack] proto=202 pc=421 accept existing FR2 slice [27,30]
[repack] proto=202 pc=427 accept existing FR2 slice [27,30]
[repack] proto=202 pc=433 accept existing FR2 slice [27,30]
[repack] proto=202 pc=439 accept existing FR2 slice [27,30]
[repack] proto=202 pc=445 accept existing FR2 slice [27,30]
[repack] proto=202 pc=448 accept existing FR2 slice [27,27]
[repack] proto=202 pc=455 accept existing FR2 slice [27,30]
[repack] proto=202 pc=458 accept existing FR2 slice [27,27]
[repack] proto=202 pc=465 accept existing FR2 slice [27,30]
[repack] proto=202 pc=471 accept existing FR2 slice [27,30]
[repack] proto=202 pc=477 accept existing FR2 slice [27,30]
[repack] proto=202 pc=483 accept existing FR2 slice [27,30]
[repack] proto=202 pc=489 accept existing FR2 slice [27,30]
[repack] proto=202 pc=495 accept existing FR2 slice [27,30]
[repack] proto=202 pc=501 accept existing FR2 slice [27,30]
[repack] proto=202 pc=507 accept existing FR2 slice [27,30]
[repack] proto=202 pc=513 accept existing FR2 slice [27,30]
[repack] proto=202 pc=519 accept existing FR2 slice [27,30]
[repack] proto=202 pc=525 accept existing FR2 slice [27,30]
[repack] proto=202 pc=531 accept existing FR2 slice [27,30]
[repack] proto=202 pc=537 accept existing FR2 slice [27,30]
[repack] proto=202 pc=543 accept existing FR2 slice [27,30]
[repack] proto=202 pc=550 accept existing FR2 slice [28,31]
[repack] proto=202 pc=556 accept existing FR2 slice [28,31]
[repack] proto=202 pc=562 accept existing FR2 slice [28,31]
[repack] proto=202 pc=568 accept existing FR2 slice [28,31]
[repack] proto=202 pc=574 accept existing FR2 slice [28,31]
[repack] proto=202 pc=580 accept existing FR2 slice [28,31]
[repack] proto=202 pc=586 accept existing FR2 slice [28,31]
[repack] proto=202 pc=592 accept existing FR2 slice [28,31]
[repack] slice fail pc=596 interference-at=592 op=CALL reg=29 range=[28,29]
[repack] simple-local pick pc=595 op=KPRI def=28 range=[28,29]
[repack] simple-local pick pc=590 op=KPRI def=29 range=[28,29]
[repack] proto=202 pc=596 accept existing FR2 slice [28,29]
[repack] proto=202 pc=602 accept existing FR2 slice [28,31]
[repack] slice fail pc=606 interference-at=602 op=CALL reg=29 range=[28,29]
[repack] simple-local pick pc=605 op=KPRI def=28 range=[28,29]
[repack] simple-local pick pc=600 op=KPRI def=29 range=[28,29]
[repack] proto=202 pc=606 accept existing FR2 slice [28,29]
[repack] proto=202 pc=612 accept existing FR2 slice [28,31]
[repack] proto=202 pc=615 accept existing FR2 slice [28,28]
[repack] proto=202 pc=624 accept existing FR2 slice [30,33]
[repack] proto=202 pc=630 accept existing FR2 slice [30,33]
[repack] proto=202 pc=636 accept existing FR2 slice [30,33]
[repack] proto=202 pc=642 accept existing FR2 slice [30,33]
[repack] proto=202 pc=648 accept existing FR2 slice [30,33]
[repack] proto=202 pc=654 accept existing FR2 slice [30,33]
[repack] slice fail pc=658 interference-at=654 op=CALL reg=31 range=[30,31]
[repack] simple-local pick pc=657 op=KPRI def=30 range=[30,31]
[repack] simple-local pick pc=652 op=KPRI def=31 range=[30,31]
[repack] proto=202 pc=658 accept existing FR2 slice [30,31]
[repack] proto=202 pc=664 accept existing FR2 slice [30,33]
[repack] slice fail pc=668 interference-at=664 op=CALL reg=31 range=[30,31]
[repack] simple-local pick pc=667 op=KPRI def=30 range=[30,31]
[repack] simple-local pick pc=662 op=KPRI def=31 range=[30,31]
[repack] proto=202 pc=668 accept existing FR2 slice [30,31]
[repack] proto=202 pc=674 accept existing FR2 slice [30,33]
[repack] slice fail pc=678 interference-at=674 op=CALL reg=31 range=[30,31]
[repack] simple-local pick pc=677 op=KPRI def=30 range=[30,31]
[repack] simple-local pick pc=672 op=KPRI def=31 range=[30,31]
[repack] proto=202 pc=678 accept existing FR2 slice [30,31]
[repack] slice fail pc=682 interference-at=674 op=CALL reg=31 range=[30,31]
[repack] simple-local pick pc=681 op=KPRI def=30 range=[30,31]
[repack] simple-local pick pc=672 op=KPRI def=31 range=[30,31]
[repack] proto=202 pc=682 accept existing FR2 slice [30,31]
[repack] slice fail pc=686 interference-at=674 op=CALL reg=31 range=[30,31]
[repack] simple-local pick pc=685 op=KPRI def=30 range=[30,31]
[repack] simple-local pick pc=672 op=KPRI def=31 range=[30,31]
[repack] proto=202 pc=686 accept existing FR2 slice [30,31]
[repack] slice fail pc=690 interference-at=674 op=CALL reg=31 range=[30,31]
[repack] simple-local pick pc=689 op=KPRI def=30 range=[30,31]
[repack] simple-local pick pc=672 op=KPRI def=31 range=[30,31]
[repack] proto=202 pc=690 accept existing FR2 slice [30,31]
[repack] slice fail pc=694 interference-at=674 op=CALL reg=31 range=[30,31]
[repack] simple-local pick pc=693 op=KPRI def=30 range=[30,31]
[repack] simple-local pick pc=672 op=KPRI def=31 range=[30,31]
[repack] proto=202 pc=694 accept existing FR2 slice [30,31]
[repack] slice fail pc=698 interference-at=674 op=CALL reg=31 range=[30,31]
[repack] simple-local pick pc=697 op=KPRI def=30 range=[30,31]
[repack] simple-local pick pc=672 op=KPRI def=31 range=[30,31]
[repack] proto=202 pc=698 accept existing FR2 slice [30,31]
[repack] slice fail pc=702 interference-at=674 op=CALL reg=31 range=[30,31]
[repack] simple-local pick pc=701 op=KPRI def=30 range=[30,31]
[repack] simple-local pick pc=672 op=KPRI def=31 range=[30,31]
[repack] proto=202 pc=702 accept existing FR2 slice [30,31]
[repack] proto=202 pc=708 accept existing FR2 slice [30,33]
[repack] proto=202 pc=714 accept existing FR2 slice [30,33]
[repack] proto=202 pc=720 accept existing FR2 slice [30,33]
[repack] proto=202 pc=726 accept existing FR2 slice [30,33]
[repack] proto=202 pc=732 accept existing FR2 slice [30,33]
[repack] proto=202 pc=738 accept existing FR2 slice [30,33]
[repack] proto=202 pc=744 accept existing FR2 slice [30,33]
[repack] slice fail pc=748 interference-at=744 op=CALL reg=31 range=[30,31]
[repack] simple-local pick pc=747 op=KPRI def=30 range=[30,31]
[repack] simple-local pick pc=742 op=KPRI def=31 range=[30,31]
[repack] proto=202 pc=748 accept existing FR2 slice [30,31]
[repack] proto=202 pc=754 accept existing FR2 slice [30,33]
[repack] proto=202 pc=760 accept existing FR2 slice [30,33]
[repack] slice fail pc=764 interference-at=760 op=CALL reg=31 range=[30,31]
[repack] simple-local pick pc=763 op=KPRI def=30 range=[30,31]
[repack] simple-local pick pc=758 op=KPRI def=31 range=[30,31]
[repack] proto=202 pc=764 accept existing FR2 slice [30,31]
[repack] proto=202 pc=770 accept existing FR2 slice [30,33]
[repack] proto=202 pc=776 accept existing FR2 slice [30,33]
[repack] proto=202 pc=782 accept existing FR2 slice [30,33]
[repack] proto=202 pc=788 accept existing FR2 slice [30,33]
[repack] slice fail pc=792 interference-at=788 op=CALL reg=31 range=[30,31]
[repack] simple-local pick pc=791 op=KPRI def=30 range=[30,31]
[repack] simple-local pick pc=786 op=KPRI def=31 range=[30,31]
[repack] proto=202 pc=792 accept existing FR2 slice [30,31]
[repack] slice fail pc=796 interference-at=788 op=CALL reg=31 range=[30,31]
[repack] simple-local pick pc=795 op=KPRI def=30 range=[30,31]
[repack] simple-local pick pc=786 op=KPRI def=31 range=[30,31]
[repack] proto=202 pc=796 accept existing FR2 slice [30,31]
[repack] slice fail pc=800 interference-at=788 op=CALL reg=31 range=[30,31]
[repack] simple-local pick pc=799 op=KPRI def=30 range=[30,31]
[repack] simple-local pick pc=786 op=KPRI def=31 range=[30,31]
[repack] proto=202 pc=800 accept existing FR2 slice [30,31]
[repack] proto=202 pc=806 accept existing FR2 slice [30,33]
[repack] proto=202 pc=812 accept existing FR2 slice [30,33]
[repack] proto=202 pc=818 accept existing FR2 slice [30,33]
[repack] proto=202 pc=824 accept existing FR2 slice [30,33]
[repack] proto=202 pc=830 accept existing FR2 slice [30,33]
[repack] proto=202 pc=836 accept existing FR2 slice [30,33]
[repack] proto=202 pc=842 accept existing FR2 slice [30,33]
[repack] proto=202 pc=848 accept existing FR2 slice [30,33]
[repack] proto=202 pc=854 accept existing FR2 slice [30,33]
[repack] slice fail pc=858 interference-at=854 op=CALL reg=31 range=[30,31]
[repack] simple-local pick pc=857 op=KPRI def=30 range=[30,31]
[repack] simple-local pick pc=852 op=KPRI def=31 range=[30,31]
[repack] proto=202 pc=858 accept existing FR2 slice [30,31]
[repack] proto=202 pc=864 accept existing FR2 slice [30,33]
[repack] proto=202 pc=870 accept existing FR2 slice [30,33]
[repack] proto=202 pc=876 accept existing FR2 slice [30,33]
[repack] proto=202 pc=882 accept existing FR2 slice [30,33]
[repack] proto=202 pc=888 accept existing FR2 slice [30,33]
[repack] proto=202 pc=894 accept existing FR2 slice [30,33]
[repack] proto=202 pc=900 accept existing FR2 slice [30,33]
[repack] proto=202 pc=906 accept existing FR2 slice [30,33]
[repack] proto=202 pc=912 accept existing FR2 slice [30,33]
[repack] proto=202 pc=918 accept existing FR2 slice [30,33]
[repack] proto=202 pc=924 accept existing FR2 slice [30,33]
[repack] proto=202 pc=930 accept existing FR2 slice [30,33]
[repack] proto=202 pc=936 accept existing FR2 slice [30,33]
[repack] proto=202 pc=942 accept existing FR2 slice [30,33]
[repack] proto=202 pc=948 accept existing FR2 slice [30,33]
[repack] proto=202 pc=954 accept existing FR2 slice [30,33]
[repack] slice fail pc=958 interference-at=954 op=CALL reg=31 range=[30,31]
[repack] simple-local pick pc=957 op=KPRI def=30 range=[30,31]
[repack] simple-local pick pc=952 op=KPRI def=31 range=[30,31]
[repack] proto=202 pc=958 accept existing FR2 slice [30,31]
[repack] slice fail pc=962 interference-at=954 op=CALL reg=31 range=[30,31]
[repack] simple-local pick pc=961 op=KPRI def=30 range=[30,31]
[repack] simple-local pick pc=952 op=KPRI def=31 range=[30,31]
[repack] proto=202 pc=962 accept existing FR2 slice [30,31]
[repack] proto=202 pc=987 accept existing FR2 slice [30,33]
[repack] proto=202 pc=993 accept existing FR2 slice [30,33]
[repack] proto=202 pc=999 accept existing FR2 slice [30,33]
[repack] proto=202 pc=1005 accept existing FR2 slice [30,33]
[repack] proto=202 pc=1011 accept existing FR2 slice [30,33]
[repack] slice fail pc=1015 interference-at=1011 op=CALL reg=31 range=[30,31]
[repack] simple-local pick pc=1014 op=KPRI def=30 range=[30,31]
[repack] simple-local pick pc=1009 op=KPRI def=31 range=[30,31]
[repack] proto=202 pc=1015 accept existing FR2 slice [30,31]
[repack] proto=202 pc=1021 accept existing FR2 slice [30,33]
[repack] proto=202 pc=1027 accept existing FR2 slice [30,33]
[repack] proto=202 pc=1033 accept existing FR2 slice [30,33]
[repack] slice fail pc=1037 interference-at=1033 op=CALL reg=31 range=[30,31]
[repack] simple-local pick pc=1036 op=KPRI def=30 range=[30,31]
[repack] simple-local pick pc=1031 op=KPRI def=31 range=[30,31]
[repack] proto=202 pc=1037 accept existing FR2 slice [30,31]
[repack] proto=202 pc=1043 accept existing FR2 slice [30,33]
[repack] proto=202 pc=1046 accept existing FR2 slice [30,30]
[repack] proto=202 pc=1052 accept existing FR2 slice [31,34]
[repack] proto=202 pc=1058 accept existing FR2 slice [31,34]
[repack] proto=202 pc=1064 accept existing FR2 slice [31,34]
[repack] proto=202 pc=1070 accept existing FR2 slice [31,34]
[repack] proto=202 pc=1076 accept existing FR2 slice [31,34]
[repack] proto=202 pc=1082 accept existing FR2 slice [31,34]
[repack] proto=202 pc=1088 accept existing FR2 slice [31,34]
[repack] proto=202 pc=1094 accept existing FR2 slice [31,34]
[repack] proto=202 pc=1100 accept existing FR2 slice [31,34]
[repack] proto=202 pc=1106 accept existing FR2 slice [31,34]
[repack] proto=202 pc=1110 accept existing FR2 slice [32,32]
[repack] proto=202 pc=1115 accept existing FR2 slice [31,32]
[repack] proto=202 pc=1121 accept existing FR2 slice [31,34]
[repack] proto=202 pc=1127 accept existing FR2 slice [31,34]
[repack] proto=202 pc=1133 accept existing FR2 slice [31,34]
[repack] proto=202 pc=1139 accept existing FR2 slice [31,34]
[repack] proto=202 pc=1151 accept existing FR2 slice [31,35]
[repack] proto=202 pc=1163 accept existing FR2 slice [31,35]
[repack] proto=202 pc=1175 accept existing FR2 slice [31,35]
[repack] proto=202 pc=1187 accept existing FR2 slice [31,35]
[repack] slice fail pc=1191 interference-at=1187 op=CALL reg=32 range=[31,32]
[repack] simple-local pick pc=1190 op=KPRI def=31 range=[31,32]
[repack] simple-local pick pc=1185 op=MOV def=32 range=[31,32]
[repack] proto=202 pc=1191 accept existing FR2 slice [31,32]
[repack] proto=202 pc=1198 copy-fallback keep legacy-overlap reason=call6-kstr-tdup-fnew-chain old=[30,34] new=[31,35] base=29 nargs=5 b=1
[repack] proto=202 pc=1198 copy-fallback reason=call6-kstr-tdup-fnew-chain insert_pc=1198 count=5 range=[30,34]->[31,35] deferred=0
[rebuild] proto=202 insert_pc=1198 old_proto_total=16768 new_proto_total=16788 old_payload=16765 new_payload=16785 debug_drop=3445
[repack] proto=202 pc=3 accept existing FR2 slice [2,2]
[repack] proto=202 pc=7 accept existing FR2 slice [3,3]
[repack] proto=202 pc=11 accept existing FR2 slice [4,4]
[repack] proto=202 pc=15 accept existing FR2 slice [5,5]
[repack] proto=202 pc=19 accept existing FR2 slice [6,6]
[repack] proto=202 pc=23 accept existing FR2 slice [7,7]
[repack] proto=202 pc=27 accept existing FR2 slice [8,8]
[repack] proto=202 pc=31 accept existing FR2 slice [9,9]
[repack] proto=202 pc=35 accept existing FR2 slice [10,10]
[repack] proto=202 pc=39 accept existing FR2 slice [11,11]
[repack] proto=202 pc=44 accept existing FR2 slice [13,13]
[repack] proto=202 pc=48 accept existing FR2 slice [14,14]
[repack] proto=202 pc=52 accept existing FR2 slice [15,15]
[repack] proto=202 pc=56 accept existing FR2 slice [16,16]
[repack] proto=202 pc=60 accept existing FR2 slice [17,17]
[repack] proto=202 pc=64 accept existing FR2 slice [18,18]
[repack] proto=202 pc=68 accept existing FR2 slice [19,19]
[repack] proto=202 pc=79 accept existing FR2 slice [20,20]
[repack] proto=202 pc=83 accept existing FR2 slice [20,20]
[repack] proto=202 pc=87 accept existing FR2 slice [20,20]
[repack] proto=202 pc=91 accept existing FR2 slice [20,21]
[repack] proto=202 pc=94 accept existing FR2 slice [20,20]
[repack] proto=202 pc=137 accept existing FR2 slice [21,21]
[repack] proto=202 pc=142 accept existing FR2 slice [21,22]
[repack] proto=202 pc=146 accept existing FR2 slice [21,22]
[repack] proto=202 pc=150 accept existing FR2 slice [21,22]
[repack] proto=202 pc=154 accept existing FR2 slice [21,22]
[repack] proto=202 pc=158 accept existing FR2 slice [21,22]
[repack] proto=202 pc=162 accept existing FR2 slice [21,22]
[repack] proto=202 pc=165 accept existing FR2 slice [21,21]
[repack] proto=202 pc=170 accept existing FR2 slice [26,27]
[repack] proto=202 pc=175 accept existing FR2 slice [21,21]
[repack] slice fail pc=180 target-at=177 range=[26,27]
[repack] simple-local pick pc=179 op=KPRI def=26 range=[26,27]
[repack] simple-local pick pc=169 op=KPRI def=27 range=[26,27]
[repack] proto=202 pc=180 accept existing FR2 slice [26,27]
[repack] slice fail pc=181 unresolved reg=23 range=[23,24]
[repack] readonly slice retry fail pc=181 read-at=180 op=CALL reg=24 range=[23,24]
[repack] simple-local pick pc=177 op=TGETS def=24 range=[23,24]
[repack] simple-local missing reg=23 range=[23,24]
[repack] slice fail pc=181 interference-at=180 op=CALL reg=24 range=[24,25]
[repack] simple-local pick pc=178 op=MOV def=25 range=[24,25]
[repack] simple-local pick pc=177 op=TGETS def=24 range=[24,25]
[repack] proto=202 pc=181 accept existing FR2 slice [24,25]
[repack] proto=202 pc=185 accept existing FR2 slice [21,21]
[repack] slice fail pc=190 target-at=187 range=[26,27]
[repack] simple-local pick pc=189 op=KPRI def=26 range=[26,27]
[repack] simple-local pick pc=169 op=KPRI def=27 range=[26,27]
[repack] proto=202 pc=190 accept existing FR2 slice [26,27]
[repack] proto=202 pc=197 accept existing FR2 slice [21,21]
[repack] proto=202 pc=212 accept existing FR2 slice [23,23]
[repack] proto=202 pc=235 accept existing FR2 slice [27,28]
[repack] proto=202 pc=241 accept existing FR2 slice [27,30]
[repack] proto=202 pc=247 accept existing FR2 slice [27,30]
[repack] proto=202 pc=253 accept existing FR2 slice [27,30]
[repack] proto=202 pc=259 accept existing FR2 slice [27,30]
[repack] proto=202 pc=265 accept existing FR2 slice [27,30]
[repack] proto=202 pc=271 accept existing FR2 slice [27,30]
[repack] proto=202 pc=277 accept existing FR2 slice [27,30]
[repack] proto=202 pc=283 accept existing FR2 slice [27,30]
[repack] proto=202 pc=289 accept existing FR2 slice [27,30]
[repack] proto=202 pc=295 accept existing FR2 slice [27,30]
[repack] proto=202 pc=301 accept existing FR2 slice [27,30]
[repack] proto=202 pc=307 accept existing FR2 slice [27,30]
[repack] proto=202 pc=313 accept existing FR2 slice [27,30]
[repack] proto=202 pc=319 accept existing FR2 slice [27,30]
[repack] proto=202 pc=325 accept existing FR2 slice [27,30]
[repack] proto=202 pc=331 accept existing FR2 slice [27,30]
[repack] proto=202 pc=337 accept existing FR2 slice [27,30]
[repack] proto=202 pc=343 accept existing FR2 slice [27,30]
[repack] proto=202 pc=349 accept existing FR2 slice [27,30]
[repack] proto=202 pc=355 accept existing FR2 slice [27,30]
[repack] proto=202 pc=361 accept existing FR2 slice [27,30]
[repack] proto=202 pc=367 accept existing FR2 slice [27,30]
[repack] proto=202 pc=373 accept existing FR2 slice [27,30]
[repack] proto=202 pc=379 accept existing FR2 slice [27,30]
[repack] proto=202 pc=385 accept existing FR2 slice [27,30]
[repack] proto=202 pc=391 accept existing FR2 slice [27,30]
[repack] proto=202 pc=397 accept existing FR2 slice [27,30]
[repack] proto=202 pc=403 accept existing FR2 slice [27,30]
[repack] proto=202 pc=409 accept existing FR2 slice [27,30]
[repack] proto=202 pc=415 accept existing FR2 slice [27,30]
[repack] proto=202 pc=421 accept existing FR2 slice [27,30]
[repack] proto=202 pc=427 accept existing FR2 slice [27,30]
[repack] proto=202 pc=433 accept existing FR2 slice [27,30]
[repack] proto=202 pc=439 accept existing FR2 slice [27,30]
[repack] proto=202 pc=445 accept existing FR2 slice [27,30]
[repack] proto=202 pc=448 accept existing FR2 slice [27,27]
[repack] proto=202 pc=455 accept existing FR2 slice [27,30]
[repack] proto=202 pc=458 accept existing FR2 slice [27,27]
[repack] proto=202 pc=465 accept existing FR2 slice [27,30]
[repack] proto=202 pc=471 accept existing FR2 slice [27,30]
[repack] proto=202 pc=477 accept existing FR2 slice [27,30]
[repack] proto=202 pc=483 accept existing FR2 slice [27,30]
[repack] proto=202 pc=489 accept existing FR2 slice [27,30]
[repack] proto=202 pc=495 accept existing FR2 slice [27,30]
[repack] proto=202 pc=501 accept existing FR2 slice [27,30]
[repack] proto=202 pc=507 accept existing FR2 slice [27,30]
[repack] proto=202 pc=513 accept existing FR2 slice [27,30]
[repack] proto=202 pc=519 accept existing FR2 slice [27,30]
[repack] proto=202 pc=525 accept existing FR2 slice [27,30]
[repack] proto=202 pc=531 accept existing FR2 slice [27,30]
[repack] proto=202 pc=537 accept existing FR2 slice [27,30]
[repack] proto=202 pc=543 accept existing FR2 slice [27,30]
[repack] proto=202 pc=550 accept existing FR2 slice [28,31]
[repack] proto=202 pc=556 accept existing FR2 slice [28,31]
[repack] proto=202 pc=562 accept existing FR2 slice [28,31]
[repack] proto=202 pc=568 accept existing FR2 slice [28,31]
[repack] proto=202 pc=574 accept existing FR2 slice [28,31]
[repack] proto=202 pc=580 accept existing FR2 slice [28,31]
[repack] proto=202 pc=586 accept existing FR2 slice [28,31]
[repack] proto=202 pc=592 accept existing FR2 slice [28,31]
[repack] slice fail pc=596 interference-at=592 op=CALL reg=29 range=[28,29]
[repack] simple-local pick pc=595 op=KPRI def=28 range=[28,29]
[repack] simple-local pick pc=590 op=KPRI def=29 range=[28,29]
[repack] proto=202 pc=596 accept existing FR2 slice [28,29]
[repack] proto=202 pc=602 accept existing FR2 slice [28,31]
[repack] slice fail pc=606 interference-at=602 op=CALL reg=29 range=[28,29]
[repack] simple-local pick pc=605 op=KPRI def=28 range=[28,29]
[repack] simple-local pick pc=600 op=KPRI def=29 range=[28,29]
[repack] proto=202 pc=606 accept existing FR2 slice [28,29]
[repack] proto=202 pc=612 accept existing FR2 slice [28,31]
[repack] proto=202 pc=615 accept existing FR2 slice [28,28]
[repack] proto=202 pc=624 accept existing FR2 slice [30,33]
[repack] proto=202 pc=630 accept existing FR2 slice [30,33]
[repack] proto=202 pc=636 accept existing FR2 slice [30,33]
[repack] proto=202 pc=642 accept existing FR2 slice [30,33]
[repack] proto=202 pc=648 accept existing FR2 slice [30,33]
[repack] proto=202 pc=654 accept existing FR2 slice [30,33]
[repack] slice fail pc=658 interference-at=654 op=CALL reg=31 range=[30,31]
[repack] simple-local pick pc=657 op=KPRI def=30 range=[30,31]
[repack] simple-local pick pc=652 op=KPRI def=31 range=[30,31]
[repack] proto=202 pc=658 accept existing FR2 slice [30,31]
[repack] proto=202 pc=664 accept existing FR2 slice [30,33]
[repack] slice fail pc=668 interference-at=664 op=CALL reg=31 range=[30,31]
[repack] simple-local pick pc=667 op=KPRI def=30 range=[30,31]
[repack] simple-local pick pc=662 op=KPRI def=31 range=[30,31]
[repack] proto=202 pc=668 accept existing FR2 slice [30,31]
[repack] proto=202 pc=674 accept existing FR2 slice [30,33]
[repack] slice fail pc=678 interference-at=674 op=CALL reg=31 range=[30,31]
[repack] simple-local pick pc=677 op=KPRI def=30 range=[30,31]
[repack] simple-local pick pc=672 op=KPRI def=31 range=[30,31]
[repack] proto=202 pc=678 accept existing FR2 slice [30,31]
[repack] slice fail pc=682 interference-at=674 op=CALL reg=31 range=[30,31]
[repack] simple-local pick pc=681 op=KPRI def=30 range=[30,31]
[repack] simple-local pick pc=672 op=KPRI def=31 range=[30,31]
[repack] proto=202 pc=682 accept existing FR2 slice [30,31]
[repack] slice fail pc=686 interference-at=674 op=CALL reg=31 range=[30,31]
[repack] simple-local pick pc=685 op=KPRI def=30 range=[30,31]
[repack] simple-local pick pc=672 op=KPRI def=31 range=[30,31]
[repack] proto=202 pc=686 accept existing FR2 slice [30,31]
[repack] slice fail pc=690 interference-at=674 op=CALL reg=31 range=[30,31]
[repack] simple-local pick pc=689 op=KPRI def=30 range=[30,31]
[repack] simple-local pick pc=672 op=KPRI def=31 range=[30,31]
[repack] proto=202 pc=690 accept existing FR2 slice [30,31]
[repack] slice fail pc=694 interference-at=674 op=CALL reg=31 range=[30,31]
[repack] simple-local pick pc=693 op=KPRI def=30 range=[30,31]
[repack] simple-local pick pc=672 op=KPRI def=31 range=[30,31]
[repack] proto=202 pc=694 accept existing FR2 slice [30,31]
[repack] slice fail pc=698 interference-at=674 op=CALL reg=31 range=[30,31]
[repack] simple-local pick pc=697 op=KPRI def=30 range=[30,31]
[repack] simple-local pick pc=672 op=KPRI def=31 range=[30,31]
[repack] proto=202 pc=698 accept existing FR2 slice [30,31]
[repack] slice fail pc=702 interference-at=674 op=CALL reg=31 range=[30,31]
[repack] simple-local pick pc=701 op=KPRI def=30 range=[30,31]
[repack] simple-local pick pc=672 op=KPRI def=31 range=[30,31]
[repack] proto=202 pc=702 accept existing FR2 slice [30,31]
[repack] proto=202 pc=708 accept existing FR2 slice [30,33]
[repack] proto=202 pc=714 accept existing FR2 slice [30,33]
[repack] proto=202 pc=720 accept existing FR2 slice [30,33]
[repack] proto=202 pc=726 accept existing FR2 slice [30,33]
[repack] proto=202 pc=732 accept existing FR2 slice [30,33]
[repack] proto=202 pc=738 accept existing FR2 slice [30,33]
[repack] proto=202 pc=744 accept existing FR2 slice [30,33]
[repack] slice fail pc=748 interference-at=744 op=CALL reg=31 range=[30,31]
[repack] simple-local pick pc=747 op=KPRI def=30 range=[30,31]
[repack] simple-local pick pc=742 op=KPRI def=31 range=[30,31]
[repack] proto=202 pc=748 accept existing FR2 slice [30,31]
[repack] proto=202 pc=754 accept existing FR2 slice [30,33]
[repack] proto=202 pc=760 accept existing FR2 slice [30,33]
[repack] slice fail pc=764 interference-at=760 op=CALL reg=31 range=[30,31]
[repack] simple-local pick pc=763 op=KPRI def=30 range=[30,31]
[repack] simple-local pick pc=758 op=KPRI def=31 range=[30,31]
[repack] proto=202 pc=764 accept existing FR2 slice [30,31]
[repack] proto=202 pc=770 accept existing FR2 slice [30,33]
[repack] proto=202 pc=776 accept existing FR2 slice [30,33]
[repack] proto=202 pc=782 accept existing FR2 slice [30,33]
[repack] proto=202 pc=788 accept existing FR2 slice [30,33]
[repack] slice fail pc=792 interference-at=788 op=CALL reg=31 range=[30,31]
[repack] simple-local pick pc=791 op=KPRI def=30 range=[30,31]
[repack] simple-local pick pc=786 op=KPRI def=31 range=[30,31]
[repack] proto=202 pc=792 accept existing FR2 slice [30,31]
[repack] slice fail pc=796 interference-at=788 op=CALL reg=31 range=[30,31]
[repack] simple-local pick pc=795 op=KPRI def=30 range=[30,31]
[repack] simple-local pick pc=786 op=KPRI def=31 range=[30,31]
[repack] proto=202 pc=796 accept existing FR2 slice [30,31]
[repack] slice fail pc=800 interference-at=788 op=CALL reg=31 range=[30,31]
[repack] simple-local pick pc=799 op=KPRI def=30 range=[30,31]
[repack] simple-local pick pc=786 op=KPRI def=31 range=[30,31]
[repack] proto=202 pc=800 accept existing FR2 slice [30,31]
[repack] proto=202 pc=806 accept existing FR2 slice [30,33]
[repack] proto=202 pc=812 accept existing FR2 slice [30,33]
[repack] proto=202 pc=818 accept existing FR2 slice [30,33]
[repack] proto=202 pc=824 accept existing FR2 slice [30,33]
[repack] proto=202 pc=830 accept existing FR2 slice [30,33]
[repack] proto=202 pc=836 accept existing FR2 slice [30,33]
[repack] proto=202 pc=842 accept existing FR2 slice [30,33]
[repack] proto=202 pc=848 accept existing FR2 slice [30,33]
[repack] proto=202 pc=854 accept existing FR2 slice [30,33]
[repack] slice fail pc=858 interference-at=854 op=CALL reg=31 range=[30,31]
[repack] simple-local pick pc=857 op=KPRI def=30 range=[30,31]
[repack] simple-local pick pc=852 op=KPRI def=31 range=[30,31]
[repack] proto=202 pc=858 accept existing FR2 slice [30,31]
[repack] proto=202 pc=864 accept existing FR2 slice [30,33]
[repack] proto=202 pc=870 accept existing FR2 slice [30,33]
[repack] proto=202 pc=876 accept existing FR2 slice [30,33]
[repack] proto=202 pc=882 accept existing FR2 slice [30,33]
[repack] proto=202 pc=888 accept existing FR2 slice [30,33]
[repack] proto=202 pc=894 accept existing FR2 slice [30,33]
[repack] proto=202 pc=900 accept existing FR2 slice [30,33]
[repack] proto=202 pc=906 accept existing FR2 slice [30,33]
[repack] proto=202 pc=912 accept existing FR2 slice [30,33]
[repack] proto=202 pc=918 accept existing FR2 slice [30,33]
[repack] proto=202 pc=924 accept existing FR2 slice [30,33]
[repack] proto=202 pc=930 accept existing FR2 slice [30,33]
[repack] proto=202 pc=936 accept existing FR2 slice [30,33]
[repack] proto=202 pc=942 accept existing FR2 slice [30,33]
[repack] proto=202 pc=948 accept existing FR2 slice [30,33]
[repack] proto=202 pc=954 accept existing FR2 slice [30,33]
[repack] slice fail pc=958 interference-at=954 op=CALL reg=31 range=[30,31]
[repack] simple-local pick pc=957 op=KPRI def=30 range=[30,31]
[repack] simple-local pick pc=952 op=KPRI def=31 range=[30,31]
[repack] proto=202 pc=958 accept existing FR2 slice [30,31]
[repack] slice fail pc=962 interference-at=954 op=CALL reg=31 range=[30,31]
[repack] simple-local pick pc=961 op=KPRI def=30 range=[30,31]
[repack] simple-local pick pc=952 op=KPRI def=31 range=[30,31]
[repack] proto=202 pc=962 accept existing FR2 slice [30,31]
[repack] proto=202 pc=987 accept existing FR2 slice [30,33]
[repack] proto=202 pc=993 accept existing FR2 slice [30,33]
[repack] proto=202 pc=999 accept existing FR2 slice [30,33]
[repack] proto=202 pc=1005 accept existing FR2 slice [30,33]
[repack] proto=202 pc=1011 accept existing FR2 slice [30,33]
[repack] slice fail pc=1015 interference-at=1011 op=CALL reg=31 range=[30,31]
[repack] simple-local pick pc=1014 op=KPRI def=30 range=[30,31]
[repack] simple-local pick pc=1009 op=KPRI def=31 range=[30,31]
[repack] proto=202 pc=1015 accept existing FR2 slice [30,31]
[repack] proto=202 pc=1021 accept existing FR2 slice [30,33]
[repack] proto=202 pc=1027 accept existing FR2 slice [30,33]
[repack] proto=202 pc=1033 accept existing FR2 slice [30,33]
[repack] slice fail pc=1037 interference-at=1033 op=CALL reg=31 range=[30,31]
[repack] simple-local pick pc=1036 op=KPRI def=30 range=[30,31]
[repack] simple-local pick pc=1031 op=KPRI def=31 range=[30,31]
[repack] proto=202 pc=1037 accept existing FR2 slice [30,31]
[repack] proto=202 pc=1043 accept existing FR2 slice [30,33]
[repack] proto=202 pc=1046 accept existing FR2 slice [30,30]
[repack] proto=202 pc=1052 accept existing FR2 slice [31,34]
[repack] proto=202 pc=1058 accept existing FR2 slice [31,34]
[repack] proto=202 pc=1064 accept existing FR2 slice [31,34]
[repack] proto=202 pc=1070 accept existing FR2 slice [31,34]
[repack] proto=202 pc=1076 accept existing FR2 slice [31,34]
[repack] proto=202 pc=1082 accept existing FR2 slice [31,34]
[repack] proto=202 pc=1088 accept existing FR2 slice [31,34]
[repack] proto=202 pc=1094 accept existing FR2 slice [31,34]
[repack] proto=202 pc=1100 accept existing FR2 slice [31,34]
[repack] proto=202 pc=1106 accept existing FR2 slice [31,34]
[repack] proto=202 pc=1110 accept existing FR2 slice [32,32]
[repack] proto=202 pc=1115 accept existing FR2 slice [31,32]
[repack] proto=202 pc=1121 accept existing FR2 slice [31,34]
[repack] proto=202 pc=1127 accept existing FR2 slice [31,34]
[repack] proto=202 pc=1133 accept existing FR2 slice [31,34]
[repack] proto=202 pc=1139 accept existing FR2 slice [31,34]
[repack] proto=202 pc=1151 accept existing FR2 slice [31,35]
[repack] proto=202 pc=1163 accept existing FR2 slice [31,35]
[repack] proto=202 pc=1175 accept existing FR2 slice [31,35]
[repack] proto=202 pc=1187 accept existing FR2 slice [31,35]
[repack] slice fail pc=1191 interference-at=1187 op=CALL reg=32 range=[31,32]
[repack] simple-local pick pc=1190 op=KPRI def=31 range=[31,32]
[repack] simple-local pick pc=1185 op=MOV def=32 range=[31,32]
[repack] proto=202 pc=1191 accept existing FR2 slice [31,32]
[repack] proto=202 pc=1203 accept existing FR2 slice [31,35]
[repack] proto=202 pc=1210 copy-fallback keep legacy-overlap reason=call6-kstr-tdup-fnew-chain old=[30,34] new=[31,35] base=29 nargs=5 b=1
[repack] proto=202 pc=1210 copy-fallback reason=call6-kstr-tdup-fnew-chain insert_pc=1210 count=5 range=[30,34]->[31,35] deferred=0
[rebuild] proto=202 insert_pc=1210 old_proto_total=16788 new_proto_total=16808 old_payload=16785 new_payload=16805 debug_drop=3445
[repack] proto=202 pc=3 accept existing FR2 slice [2,2]
[repack] proto=202 pc=7 accept existing FR2 slice [3,3]
[repack] proto=202 pc=11 accept existing FR2 slice [4,4]
[repack] proto=202 pc=15 accept existing FR2 slice [5,5]
[repack] proto=202 pc=19 accept existing FR2 slice [6,6]
[repack] proto=202 pc=23 accept existing FR2 slice [7,7]
[repack] proto=202 pc=27 accept existing FR2 slice [8,8]
[repack] proto=202 pc=31 accept existing FR2 slice [9,9]
[repack] proto=202 pc=35 accept existing FR2 slice [10,10]
[repack] proto=202 pc=39 accept existing FR2 slice [11,11]
[repack] proto=202 pc=44 accept existing FR2 slice [13,13]
[repack] proto=202 pc=48 accept existing FR2 slice [14,14]
[repack] proto=202 pc=52 accept existing FR2 slice [15,15]
[repack] proto=202 pc=56 accept existing FR2 slice [16,16]
[repack] proto=202 pc=60 accept existing FR2 slice [17,17]
[repack] proto=202 pc=64 accept existing FR2 slice [18,18]
[repack] proto=202 pc=68 accept existing FR2 slice [19,19]
[repack] proto=202 pc=79 accept existing FR2 slice [20,20]
[repack] proto=202 pc=83 accept existing FR2 slice [20,20]
[repack] proto=202 pc=87 accept existing FR2 slice [20,20]
[repack] proto=202 pc=91 accept existing FR2 slice [20,21]
[repack] proto=202 pc=94 accept existing FR2 slice [20,20]
[repack] proto=202 pc=137 accept existing FR2 slice [21,21]
[repack] proto=202 pc=142 accept existing FR2 slice [21,22]
[repack] proto=202 pc=146 accept existing FR2 slice [21,22]
[repack] proto=202 pc=150 accept existing FR2 slice [21,22]
[repack] proto=202 pc=154 accept existing FR2 slice [21,22]
[repack] proto=202 pc=158 accept existing FR2 slice [21,22]
[repack] proto=202 pc=162 accept existing FR2 slice [21,22]
[repack] proto=202 pc=165 accept existing FR2 slice [21,21]
[repack] proto=202 pc=170 accept existing FR2 slice [26,27]
[repack] proto=202 pc=175 accept existing FR2 slice [21,21]
[repack] slice fail pc=180 target-at=177 range=[26,27]
[repack] simple-local pick pc=179 op=KPRI def=26 range=[26,27]
[repack] simple-local pick pc=169 op=KPRI def=27 range=[26,27]
[repack] proto=202 pc=180 accept existing FR2 slice [26,27]
[repack] slice fail pc=181 unresolved reg=23 range=[23,24]
[repack] readonly slice retry fail pc=181 read-at=180 op=CALL reg=24 range=[23,24]
[repack] simple-local pick pc=177 op=TGETS def=24 range=[23,24]
[repack] simple-local missing reg=23 range=[23,24]
[repack] slice fail pc=181 interference-at=180 op=CALL reg=24 range=[24,25]
[repack] simple-local pick pc=178 op=MOV def=25 range=[24,25]
[repack] simple-local pick pc=177 op=TGETS def=24 range=[24,25]
[repack] proto=202 pc=181 accept existing FR2 slice [24,25]
[repack] proto=202 pc=185 accept existing FR2 slice [21,21]
[repack] slice fail pc=190 target-at=187 range=[26,27]
[repack] simple-local pick pc=189 op=KPRI def=26 range=[26,27]
[repack] simple-local pick pc=169 op=KPRI def=27 range=[26,27]
[repack] proto=202 pc=190 accept existing FR2 slice [26,27]
[repack] proto=202 pc=197 accept existing FR2 slice [21,21]
[repack] proto=202 pc=212 accept existing FR2 slice [23,23]
[repack] proto=202 pc=235 accept existing FR2 slice [27,28]
[repack] proto=202 pc=241 accept existing FR2 slice [27,30]
[repack] proto=202 pc=247 accept existing FR2 slice [27,30]
[repack] proto=202 pc=253 accept existing FR2 slice [27,30]
[repack] proto=202 pc=259 accept existing FR2 slice [27,30]
[repack] proto=202 pc=265 accept existing FR2 slice [27,30]
[repack] proto=202 pc=271 accept existing FR2 slice [27,30]
[repack] proto=202 pc=277 accept existing FR2 slice [27,30]
[repack] proto=202 pc=283 accept existing FR2 slice [27,30]
[repack] proto=202 pc=289 accept existing FR2 slice [27,30]
[repack] proto=202 pc=295 accept existing FR2 slice [27,30]
[repack] proto=202 pc=301 accept existing FR2 slice [27,30]
[repack] proto=202 pc=307 accept existing FR2 slice [27,30]
[repack] proto=202 pc=313 accept existing FR2 slice [27,30]
[repack] proto=202 pc=319 accept existing FR2 slice [27,30]
[repack] proto=202 pc=325 accept existing FR2 slice [27,30]
[repack] proto=202 pc=331 accept existing FR2 slice [27,30]
[repack] proto=202 pc=337 accept existing FR2 slice [27,30]
[repack] proto=202 pc=343 accept existing FR2 slice [27,30]
[repack] proto=202 pc=349 accept existing FR2 slice [27,30]
[repack] proto=202 pc=355 accept existing FR2 slice [27,30]
[repack] proto=202 pc=361 accept existing FR2 slice [27,30]
[repack] proto=202 pc=367 accept existing FR2 slice [27,30]
[repack] proto=202 pc=373 accept existing FR2 slice [27,30]
[repack] proto=202 pc=379 accept existing FR2 slice [27,30]
[repack] proto=202 pc=385 accept existing FR2 slice [27,30]
[repack] proto=202 pc=391 accept existing FR2 slice [27,30]
[repack] proto=202 pc=397 accept existing FR2 slice [27,30]
[repack] proto=202 pc=403 accept existing FR2 slice [27,30]
[repack] proto=202 pc=409 accept existing FR2 slice [27,30]
[repack] proto=202 pc=415 accept existing FR2 slice [27,30]
[repack] proto=202 pc=421 accept existing FR2 slice [27,30]
[repack] proto=202 pc=427 accept existing FR2 slice [27,30]
[repack] proto=202 pc=433 accept existing FR2 slice [27,30]
[repack] proto=202 pc=439 accept existing FR2 slice [27,30]
[repack] proto=202 pc=445 accept existing FR2 slice [27,30]
[repack] proto=202 pc=448 accept existing FR2 slice [27,27]
[repack] proto=202 pc=455 accept existing FR2 slice [27,30]
[repack] proto=202 pc=458 accept existing FR2 slice [27,27]
[repack] proto=202 pc=465 accept existing FR2 slice [27,30]
[repack] proto=202 pc=471 accept existing FR2 slice [27,30]
[repack] proto=202 pc=477 accept existing FR2 slice [27,30]
[repack] proto=202 pc=483 accept existing FR2 slice [27,30]
[repack] proto=202 pc=489 accept existing FR2 slice [27,30]
[repack] proto=202 pc=495 accept existing FR2 slice [27,30]
[repack] proto=202 pc=501 accept existing FR2 slice [27,30]
[repack] proto=202 pc=507 accept existing FR2 slice [27,30]
[repack] proto=202 pc=513 accept existing FR2 slice [27,30]
[repack] proto=202 pc=519 accept existing FR2 slice [27,30]
[repack] proto=202 pc=525 accept existing FR2 slice [27,30]
[repack] proto=202 pc=531 accept existing FR2 slice [27,30]
[repack] proto=202 pc=537 accept existing FR2 slice [27,30]
[repack] proto=202 pc=543 accept existing FR2 slice [27,30]
[repack] proto=202 pc=550 accept existing FR2 slice [28,31]
[repack] proto=202 pc=556 accept existing FR2 slice [28,31]
[repack] proto=202 pc=562 accept existing FR2 slice [28,31]
[repack] proto=202 pc=568 accept existing FR2 slice [28,31]
[repack] proto=202 pc=574 accept existing FR2 slice [28,31]
[repack] proto=202 pc=580 accept existing FR2 slice [28,31]
[repack] proto=202 pc=586 accept existing FR2 slice [28,31]
[repack] proto=202 pc=592 accept existing FR2 slice [28,31]
[repack] slice fail pc=596 interference-at=592 op=CALL reg=29 range=[28,29]
[repack] simple-local pick pc=595 op=KPRI def=28 range=[28,29]
[repack] simple-local pick pc=590 op=KPRI def=29 range=[28,29]
[repack] proto=202 pc=596 accept existing FR2 slice [28,29]
[repack] proto=202 pc=602 accept existing FR2 slice [28,31]
[repack] slice fail pc=606 interference-at=602 op=CALL reg=29 range=[28,29]
[repack] simple-local pick pc=605 op=KPRI def=28 range=[28,29]
[repack] simple-local pick pc=600 op=KPRI def=29 range=[28,29]
[repack] proto=202 pc=606 accept existing FR2 slice [28,29]
[repack] proto=202 pc=612 accept existing FR2 slice [28,31]
[repack] proto=202 pc=615 accept existing FR2 slice [28,28]
[repack] proto=202 pc=624 accept existing FR2 slice [30,33]
[repack] proto=202 pc=630 accept existing FR2 slice [30,33]
[repack] proto=202 pc=636 accept existing FR2 slice [30,33]
[repack] proto=202 pc=642 accept existing FR2 slice [30,33]
[repack] proto=202 pc=648 accept existing FR2 slice [30,33]
[repack] proto=202 pc=654 accept existing FR2 slice [30,33]
[repack] slice fail pc=658 interference-at=654 op=CALL reg=31 range=[30,31]
[repack] simple-local pick pc=657 op=KPRI def=30 range=[30,31]
[repack] simple-local pick pc=652 op=KPRI def=31 range=[30,31]
[repack] proto=202 pc=658 accept existing FR2 slice [30,31]
[repack] proto=202 pc=664 accept existing FR2 slice [30,33]
[repack] slice fail pc=668 interference-at=664 op=CALL reg=31 range=[30,31]
[repack] simple-local pick pc=667 op=KPRI def=30 range=[30,31]
[repack] simple-local pick pc=662 op=KPRI def=31 range=[30,31]
[repack] proto=202 pc=668 accept existing FR2 slice [30,31]
[repack] proto=202 pc=674 accept existing FR2 slice [30,33]
[repack] slice fail pc=678 interference-at=674 op=CALL reg=31 range=[30,31]
[repack] simple-local pick pc=677 op=KPRI def=30 range=[30,31]
[repack] simple-local pick pc=672 op=KPRI def=31 range=[30,31]
[repack] proto=202 pc=678 accept existing FR2 slice [30,31]
[repack] slice fail pc=682 interference-at=674 op=CALL reg=31 range=[30,31]
[repack] simple-local pick pc=681 op=KPRI def=30 range=[30,31]
[repack] simple-local pick pc=672 op=KPRI def=31 range=[30,31]
[repack] proto=202 pc=682 accept existing FR2 slice [30,31]
[repack] slice fail pc=686 interference-at=674 op=CALL reg=31 range=[30,31]
[repack] simple-local pick pc=685 op=KPRI def=30 range=[30,31]
[repack] simple-local pick pc=672 op=KPRI def=31 range=[30,31]
[repack] proto=202 pc=686 accept existing FR2 slice [30,31]
[repack] slice fail pc=690 interference-at=674 op=CALL reg=31 range=[30,31]
[repack] simple-local pick pc=689 op=KPRI def=30 range=[30,31]
[repack] simple-local pick pc=672 op=KPRI def=31 range=[30,31]
[repack] proto=202 pc=690 accept existing FR2 slice [30,31]
[repack] slice fail pc=694 interference-at=674 op=CALL reg=31 range=[30,31]
[repack] simple-local pick pc=693 op=KPRI def=30 range=[30,31]
[repack] simple-local pick pc=672 op=KPRI def=31 range=[30,31]
[repack] proto=202 pc=694 accept existing FR2 slice [30,31]
[repack] slice fail pc=698 interference-at=674 op=CALL reg=31 range=[30,31]
[repack] simple-local pick pc=697 op=KPRI def=30 range=[30,31]
[repack] simple-local pick pc=672 op=KPRI def=31 range=[30,31]
[repack] proto=202 pc=698 accept existing FR2 slice [30,31]
[repack] slice fail pc=702 interference-at=674 op=CALL reg=31 range=[30,31]
[repack] simple-local pick pc=701 op=KPRI def=30 range=[30,31]
[repack] simple-local pick pc=672 op=KPRI def=31 range=[30,31]
[repack] proto=202 pc=702 accept existing FR2 slice [30,31]
[repack] proto=202 pc=708 accept existing FR2 slice [30,33]
[repack] proto=202 pc=714 accept existing FR2 slice [30,33]
[repack] proto=202 pc=720 accept existing FR2 slice [30,33]
[repack] proto=202 pc=726 accept existing FR2 slice [30,33]
[repack] proto=202 pc=732 accept existing FR2 slice [30,33]
[repack] proto=202 pc=738 accept existing FR2 slice [30,33]
[repack] proto=202 pc=744 accept existing FR2 slice [30,33]
[repack] slice fail pc=748 interference-at=744 op=CALL reg=31 range=[30,31]
[repack] simple-local pick pc=747 op=KPRI def=30 range=[30,31]
[repack] simple-local pick pc=742 op=KPRI def=31 range=[30,31]
[repack] proto=202 pc=748 accept existing FR2 slice [30,31]
[repack] proto=202 pc=754 accept existing FR2 slice [30,33]
[repack] proto=202 pc=760 accept existing FR2 slice [30,33]
[repack] slice fail pc=764 interference-at=760 op=CALL reg=31 range=[30,31]
[repack] simple-local pick pc=763 op=KPRI def=30 range=[30,31]
[repack] simple-local pick pc=758 op=KPRI def=31 range=[30,31]
[repack] proto=202 pc=764 accept existing FR2 slice [30,31]
[repack] proto=202 pc=770 accept existing FR2 slice [30,33]
[repack] proto=202 pc=776 accept existing FR2 slice [30,33]
[repack] proto=202 pc=782 accept existing FR2 slice [30,33]
[repack] proto=202 pc=788 accept existing FR2 slice [30,33]
[repack] slice fail pc=792 interference-at=788 op=CALL reg=31 range=[30,31]
[repack] simple-local pick pc=791 op=KPRI def=30 range=[30,31]
[repack] simple-local pick pc=786 op=KPRI def=31 range=[30,31]
[repack] proto=202 pc=792 accept existing FR2 slice [30,31]
[repack] slice fail pc=796 interference-at=788 op=CALL reg=31 range=[30,31]
[repack] simple-local pick pc=795 op=KPRI def=30 range=[30,31]
[repack] simple-local pick pc=786 op=KPRI def=31 range=[30,31]
[repack] proto=202 pc=796 accept existing FR2 slice [30,31]
[repack] slice fail pc=800 interference-at=788 op=CALL reg=31 range=[30,31]
[repack] simple-local pick pc=799 op=KPRI def=30 range=[30,31]
[repack] simple-local pick pc=786 op=KPRI def=31 range=[30,31]
[repack] proto=202 pc=800 accept existing FR2 slice [30,31]
[repack] proto=202 pc=806 accept existing FR2 slice [30,33]
[repack] proto=202 pc=812 accept existing FR2 slice [30,33]
[repack] proto=202 pc=818 accept existing FR2 slice [30,33]
[repack] proto=202 pc=824 accept existing FR2 slice [30,33]
[repack] proto=202 pc=830 accept existing FR2 slice [30,33]
[repack] proto=202 pc=836 accept existing FR2 slice [30,33]
[repack] proto=202 pc=842 accept existing FR2 slice [30,33]
[repack] proto=202 pc=848 accept existing FR2 slice [30,33]
[repack] proto=202 pc=854 accept existing FR2 slice [30,33]
[repack] slice fail pc=858 interference-at=854 op=CALL reg=31 range=[30,31]
[repack] simple-local pick pc=857 op=KPRI def=30 range=[30,31]
[repack] simple-local pick pc=852 op=KPRI def=31 range=[30,31]
[repack] proto=202 pc=858 accept existing FR2 slice [30,31]
[repack] proto=202 pc=864 accept existing FR2 slice [30,33]
[repack] proto=202 pc=870 accept existing FR2 slice [30,33]
[repack] proto=202 pc=876 accept existing FR2 slice [30,33]
[repack] proto=202 pc=882 accept existing FR2 slice [30,33]
[repack] proto=202 pc=888 accept existing FR2 slice [30,33]
[repack] proto=202 pc=894 accept existing FR2 slice [30,33]
[repack] proto=202 pc=900 accept existing FR2 slice [30,33]
[repack] proto=202 pc=906 accept existing FR2 slice [30,33]
[repack] proto=202 pc=912 accept existing FR2 slice [30,33]
[repack] proto=202 pc=918 accept existing FR2 slice [30,33]
[repack] proto=202 pc=924 accept existing FR2 slice [30,33]
[repack] proto=202 pc=930 accept existing FR2 slice [30,33]
[repack] proto=202 pc=936 accept existing FR2 slice [30,33]
[repack] proto=202 pc=942 accept existing FR2 slice [30,33]
[repack] proto=202 pc=948 accept existing FR2 slice [30,33]
[repack] proto=202 pc=954 accept existing FR2 slice [30,33]
[repack] slice fail pc=958 interference-at=954 op=CALL reg=31 range=[30,31]
[repack] simple-local pick pc=957 op=KPRI def=30 range=[30,31]
[repack] simple-local pick pc=952 op=KPRI def=31 range=[30,31]
[repack] proto=202 pc=958 accept existing FR2 slice [30,31]
[repack] slice fail pc=962 interference-at=954 op=CALL reg=31 range=[30,31]
[repack] simple-local pick pc=961 op=KPRI def=30 range=[30,31]
[repack] simple-local pick pc=952 op=KPRI def=31 range=[30,31]
[repack] proto=202 pc=962 accept existing FR2 slice [30,31]
[repack] proto=202 pc=987 accept existing FR2 slice [30,33]
[repack] proto=202 pc=993 accept existing FR2 slice [30,33]
[repack] proto=202 pc=999 accept existing FR2 slice [30,33]
[repack] proto=202 pc=1005 accept existing FR2 slice [30,33]
[repack] proto=202 pc=1011 accept existing FR2 slice [30,33]
[repack] slice fail pc=1015 interference-at=1011 op=CALL reg=31 range=[30,31]
[repack] simple-local pick pc=1014 op=KPRI def=30 range=[30,31]
[repack] simple-local pick pc=1009 op=KPRI def=31 range=[30,31]
[repack] proto=202 pc=1015 accept existing FR2 slice [30,31]
[repack] proto=202 pc=1021 accept existing FR2 slice [30,33]
[repack] proto=202 pc=1027 accept existing FR2 slice [30,33]
[repack] proto=202 pc=1033 accept existing FR2 slice [30,33]
[repack] slice fail pc=1037 interference-at=1033 op=CALL reg=31 range=[30,31]
[repack] simple-local pick pc=1036 op=KPRI def=30 range=[30,31]
[repack] simple-local pick pc=1031 op=KPRI def=31 range=[30,31]
[repack] proto=202 pc=1037 accept existing FR2 slice [30,31]
[repack] proto=202 pc=1043 accept existing FR2 slice [30,33]
[repack] proto=202 pc=1046 accept existing FR2 slice [30,30]
[repack] proto=202 pc=1052 accept existing FR2 slice [31,34]
[repack] proto=202 pc=1058 accept existing FR2 slice [31,34]
[repack] proto=202 pc=1064 accept existing FR2 slice [31,34]
[repack] proto=202 pc=1070 accept existing FR2 slice [31,34]
[repack] proto=202 pc=1076 accept existing FR2 slice [31,34]
[repack] proto=202 pc=1082 accept existing FR2 slice [31,34]
[repack] proto=202 pc=1088 accept existing FR2 slice [31,34]
[repack] proto=202 pc=1094 accept existing FR2 slice [31,34]
[repack] proto=202 pc=1100 accept existing FR2 slice [31,34]
[repack] proto=202 pc=1106 accept existing FR2 slice [31,34]
[repack] proto=202 pc=1110 accept existing FR2 slice [32,32]
[repack] proto=202 pc=1115 accept existing FR2 slice [31,32]
[repack] proto=202 pc=1121 accept existing FR2 slice [31,34]
[repack] proto=202 pc=1127 accept existing FR2 slice [31,34]
[repack] proto=202 pc=1133 accept existing FR2 slice [31,34]
[repack] proto=202 pc=1139 accept existing FR2 slice [31,34]
[repack] proto=202 pc=1151 accept existing FR2 slice [31,35]
[repack] proto=202 pc=1163 accept existing FR2 slice [31,35]
[repack] proto=202 pc=1175 accept existing FR2 slice [31,35]
[repack] proto=202 pc=1187 accept existing FR2 slice [31,35]
[repack] slice fail pc=1191 interference-at=1187 op=CALL reg=32 range=[31,32]
[repack] simple-local pick pc=1190 op=KPRI def=31 range=[31,32]
[repack] simple-local pick pc=1185 op=MOV def=32 range=[31,32]
[repack] proto=202 pc=1191 accept existing FR2 slice [31,32]
[repack] proto=202 pc=1203 accept existing FR2 slice [31,35]
[repack] proto=202 pc=1215 accept existing FR2 slice [31,35]
[repack] proto=202 pc=1222 copy-fallback keep legacy-overlap reason=call6-kstr-tdup-fnew-chain old=[30,34] new=[31,35] base=29 nargs=5 b=1
[repack] proto=202 pc=1222 copy-fallback reason=call6-kstr-tdup-fnew-chain insert_pc=1222 count=5 range=[30,34]->[31,35] deferred=0
[rebuild] proto=202 insert_pc=1222 old_proto_total=16808 new_proto_total=16828 old_payload=16805 new_payload=16825 debug_drop=3445
[repack] proto=202 pc=3 accept existing FR2 slice [2,2]
[repack] proto=202 pc=7 accept existing FR2 slice [3,3]
[repack] proto=202 pc=11 accept existing FR2 slice [4,4]
[repack] proto=202 pc=15 accept existing FR2 slice [5,5]
[repack] proto=202 pc=19 accept existing FR2 slice [6,6]
[repack] proto=202 pc=23 accept existing FR2 slice [7,7]
[repack] proto=202 pc=27 accept existing FR2 slice [8,8]
[repack] proto=202 pc=31 accept existing FR2 slice [9,9]
[repack] proto=202 pc=35 accept existing FR2 slice [10,10]
[repack] proto=202 pc=39 accept existing FR2 slice [11,11]
[repack] proto=202 pc=44 accept existing FR2 slice [13,13]
[repack] proto=202 pc=48 accept existing FR2 slice [14,14]
[repack] proto=202 pc=52 accept existing FR2 slice [15,15]
[repack] proto=202 pc=56 accept existing FR2 slice [16,16]
[repack] proto=202 pc=60 accept existing FR2 slice [17,17]
[repack] proto=202 pc=64 accept existing FR2 slice [18,18]
[repack] proto=202 pc=68 accept existing FR2 slice [19,19]
[repack] proto=202 pc=79 accept existing FR2 slice [20,20]
[repack] proto=202 pc=83 accept existing FR2 slice [20,20]
[repack] proto=202 pc=87 accept existing FR2 slice [20,20]
[repack] proto=202 pc=91 accept existing FR2 slice [20,21]
[repack] proto=202 pc=94 accept existing FR2 slice [20,20]
[repack] proto=202 pc=137 accept existing FR2 slice [21,21]
[repack] proto=202 pc=142 accept existing FR2 slice [21,22]
[repack] proto=202 pc=146 accept existing FR2 slice [21,22]
[repack] proto=202 pc=150 accept existing FR2 slice [21,22]
[repack] proto=202 pc=154 accept existing FR2 slice [21,22]
[repack] proto=202 pc=158 accept existing FR2 slice [21,22]
[repack] proto=202 pc=162 accept existing FR2 slice [21,22]
[repack] proto=202 pc=165 accept existing FR2 slice [21,21]
[repack] proto=202 pc=170 accept existing FR2 slice [26,27]
[repack] proto=202 pc=175 accept existing FR2 slice [21,21]
[repack] slice fail pc=180 target-at=177 range=[26,27]
[repack] simple-local pick pc=179 op=KPRI def=26 range=[26,27]
[repack] simple-local pick pc=169 op=KPRI def=27 range=[26,27]
[repack] proto=202 pc=180 accept existing FR2 slice [26,27]
[repack] slice fail pc=181 unresolved reg=23 range=[23,24]
[repack] readonly slice retry fail pc=181 read-at=180 op=CALL reg=24 range=[23,24]
[repack] simple-local pick pc=177 op=TGETS def=24 range=[23,24]
[repack] simple-local missing reg=23 range=[23,24]
[repack] slice fail pc=181 interference-at=180 op=CALL reg=24 range=[24,25]
[repack] simple-local pick pc=178 op=MOV def=25 range=[24,25]
[repack] simple-local pick pc=177 op=TGETS def=24 range=[24,25]
[repack] proto=202 pc=181 accept existing FR2 slice [24,25]
[repack] proto=202 pc=185 accept existing FR2 slice [21,21]
[repack] slice fail pc=190 target-at=187 range=[26,27]
[repack] simple-local pick pc=189 op=KPRI def=26 range=[26,27]
[repack] simple-local pick pc=169 op=KPRI def=27 range=[26,27]
[repack] proto=202 pc=190 accept existing FR2 slice [26,27]
[repack] proto=202 pc=197 accept existing FR2 slice [21,21]
[repack] proto=202 pc=212 accept existing FR2 slice [23,23]
[repack] proto=202 pc=235 accept existing FR2 slice [27,28]
[repack] proto=202 pc=241 accept existing FR2 slice [27,30]
[repack] proto=202 pc=247 accept existing FR2 slice [27,30]
[repack] proto=202 pc=253 accept existing FR2 slice [27,30]
[repack] proto=202 pc=259 accept existing FR2 slice [27,30]
[repack] proto=202 pc=265 accept existing FR2 slice [27,30]
[repack] proto=202 pc=271 accept existing FR2 slice [27,30]
[repack] proto=202 pc=277 accept existing FR2 slice [27,30]
[repack] proto=202 pc=283 accept existing FR2 slice [27,30]
[repack] proto=202 pc=289 accept existing FR2 slice [27,30]
[repack] proto=202 pc=295 accept existing FR2 slice [27,30]
[repack] proto=202 pc=301 accept existing FR2 slice [27,30]
[repack] proto=202 pc=307 accept existing FR2 slice [27,30]
[repack] proto=202 pc=313 accept existing FR2 slice [27,30]
[repack] proto=202 pc=319 accept existing FR2 slice [27,30]
[repack] proto=202 pc=325 accept existing FR2 slice [27,30]
[repack] proto=202 pc=331 accept existing FR2 slice [27,30]
[repack] proto=202 pc=337 accept existing FR2 slice [27,30]
[repack] proto=202 pc=343 accept existing FR2 slice [27,30]
[repack] proto=202 pc=349 accept existing FR2 slice [27,30]
[repack] proto=202 pc=355 accept existing FR2 slice [27,30]
[repack] proto=202 pc=361 accept existing FR2 slice [27,30]
[repack] proto=202 pc=367 accept existing FR2 slice [27,30]
[repack] proto=202 pc=373 accept existing FR2 slice [27,30]
[repack] proto=202 pc=379 accept existing FR2 slice [27,30]
[repack] proto=202 pc=385 accept existing FR2 slice [27,30]
[repack] proto=202 pc=391 accept existing FR2 slice [27,30]
[repack] proto=202 pc=397 accept existing FR2 slice [27,30]
[repack] proto=202 pc=403 accept existing FR2 slice [27,30]
[repack] proto=202 pc=409 accept existing FR2 slice [27,30]
[repack] proto=202 pc=415 accept existing FR2 slice [27,30]
[repack] proto=202 pc=421 accept existing FR2 slice [27,30]
[repack] proto=202 pc=427 accept existing FR2 slice [27,30]
[repack] proto=202 pc=433 accept existing FR2 slice [27,30]
[repack] proto=202 pc=439 accept existing FR2 slice [27,30]
[repack] proto=202 pc=445 accept existing FR2 slice [27,30]
[repack] proto=202 pc=448 accept existing FR2 slice [27,27]
[repack] proto=202 pc=455 accept existing FR2 slice [27,30]
[repack] proto=202 pc=458 accept existing FR2 slice [27,27]
[repack] proto=202 pc=465 accept existing FR2 slice [27,30]
[repack] proto=202 pc=471 accept existing FR2 slice [27,30]
[repack] proto=202 pc=477 accept existing FR2 slice [27,30]
[repack] proto=202 pc=483 accept existing FR2 slice [27,30]
[repack] proto=202 pc=489 accept existing FR2 slice [27,30]
[repack] proto=202 pc=495 accept existing FR2 slice [27,30]
[repack] proto=202 pc=501 accept existing FR2 slice [27,30]
[repack] proto=202 pc=507 accept existing FR2 slice [27,30]
[repack] proto=202 pc=513 accept existing FR2 slice [27,30]
[repack] proto=202 pc=519 accept existing FR2 slice [27,30]
[repack] proto=202 pc=525 accept existing FR2 slice [27,30]
[repack] proto=202 pc=531 accept existing FR2 slice [27,30]
[repack] proto=202 pc=537 accept existing FR2 slice [27,30]
[repack] proto=202 pc=543 accept existing FR2 slice [27,30]
[repack] proto=202 pc=550 accept existing FR2 slice [28,31]
[repack] proto=202 pc=556 accept existing FR2 slice [28,31]
[repack] proto=202 pc=562 accept existing FR2 slice [28,31]
[repack] proto=202 pc=568 accept existing FR2 slice [28,31]
[repack] proto=202 pc=574 accept existing FR2 slice [28,31]
[repack] proto=202 pc=580 accept existing FR2 slice [28,31]
[repack] proto=202 pc=586 accept existing FR2 slice [28,31]
[repack] proto=202 pc=592 accept existing FR2 slice [28,31]
[repack] slice fail pc=596 interference-at=592 op=CALL reg=29 range=[28,29]
[repack] simple-local pick pc=595 op=KPRI def=28 range=[28,29]
[repack] simple-local pick pc=590 op=KPRI def=29 range=[28,29]
[repack] proto=202 pc=596 accept existing FR2 slice [28,29]
[repack] proto=202 pc=602 accept existing FR2 slice [28,31]
[repack] slice fail pc=606 interference-at=602 op=CALL reg=29 range=[28,29]
[repack] simple-local pick pc=605 op=KPRI def=28 range=[28,29]
[repack] simple-local pick pc=600 op=KPRI def=29 range=[28,29]
[repack] proto=202 pc=606 accept existing FR2 slice [28,29]
[repack] proto=202 pc=612 accept existing FR2 slice [28,31]
[repack] proto=202 pc=615 accept existing FR2 slice [28,28]
[repack] proto=202 pc=624 accept existing FR2 slice [30,33]
[repack] proto=202 pc=630 accept existing FR2 slice [30,33]
[repack] proto=202 pc=636 accept existing FR2 slice [30,33]
[repack] proto=202 pc=642 accept existing FR2 slice [30,33]
[repack] proto=202 pc=648 accept existing FR2 slice [30,33]
[repack] proto=202 pc=654 accept existing FR2 slice [30,33]
[repack] slice fail pc=658 interference-at=654 op=CALL reg=31 range=[30,31]
[repack] simple-local pick pc=657 op=KPRI def=30 range=[30,31]
[repack] simple-local pick pc=652 op=KPRI def=31 range=[30,31]
[repack] proto=202 pc=658 accept existing FR2 slice [30,31]
[repack] proto=202 pc=664 accept existing FR2 slice [30,33]
[repack] slice fail pc=668 interference-at=664 op=CALL reg=31 range=[30,31]
[repack] simple-local pick pc=667 op=KPRI def=30 range=[30,31]
[repack] simple-local pick pc=662 op=KPRI def=31 range=[30,31]
[repack] proto=202 pc=668 accept existing FR2 slice [30,31]
[repack] proto=202 pc=674 accept existing FR2 slice [30,33]
[repack] slice fail pc=678 interference-at=674 op=CALL reg=31 range=[30,31]
[repack] simple-local pick pc=677 op=KPRI def=30 range=[30,31]
[repack] simple-local pick pc=672 op=KPRI def=31 range=[30,31]
[repack] proto=202 pc=678 accept existing FR2 slice [30,31]
[repack] slice fail pc=682 interference-at=674 op=CALL reg=31 range=[30,31]
[repack] simple-local pick pc=681 op=KPRI def=30 range=[30,31]
[repack] simple-local pick pc=672 op=KPRI def=31 range=[30,31]
[repack] proto=202 pc=682 accept existing FR2 slice [30,31]
[repack] slice fail pc=686 interference-at=674 op=CALL reg=31 range=[30,31]
[repack] simple-local pick pc=685 op=KPRI def=30 range=[30,31]
[repack] simple-local pick pc=672 op=KPRI def=31 range=[30,31]
[repack] proto=202 pc=686 accept existing FR2 slice [30,31]
[repack] slice fail pc=690 interference-at=674 op=CALL reg=31 range=[30,31]
[repack] simple-local pick pc=689 op=KPRI def=30 range=[30,31]
[repack] simple-local pick pc=672 op=KPRI def=31 range=[30,31]
[repack] proto=202 pc=690 accept existing FR2 slice [30,31]
[repack] slice fail pc=694 interference-at=674 op=CALL reg=31 range=[30,31]
[repack] simple-local pick pc=693 op=KPRI def=30 range=[30,31]
[repack] simple-local pick pc=672 op=KPRI def=31 range=[30,31]
[repack] proto=202 pc=694 accept existing FR2 slice [30,31]
[repack] slice fail pc=698 interference-at=674 op=CALL reg=31 range=[30,31]
[repack] simple-local pick pc=697 op=KPRI def=30 range=[30,31]
[repack] simple-local pick pc=672 op=KPRI def=31 range=[30,31]
[repack] proto=202 pc=698 accept existing FR2 slice [30,31]
[repack] slice fail pc=702 interference-at=674 op=CALL reg=31 range=[30,31]
[repack] simple-local pick pc=701 op=KPRI def=30 range=[30,31]
[repack] simple-local pick pc=672 op=KPRI def=31 range=[30,31]
[repack] proto=202 pc=702 accept existing FR2 slice [30,31]
[repack] proto=202 pc=708 accept existing FR2 slice [30,33]
[repack] proto=202 pc=714 accept existing FR2 slice [30,33]
[repack] proto=202 pc=720 accept existing FR2 slice [30,33]
[repack] proto=202 pc=726 accept existing FR2 slice [30,33]
[repack] proto=202 pc=732 accept existing FR2 slice [30,33]
[repack] proto=202 pc=738 accept existing FR2 slice [30,33]
[repack] proto=202 pc=744 accept existing FR2 slice [30,33]
[repack] slice fail pc=748 interference-at=744 op=CALL reg=31 range=[30,31]
[repack] simple-local pick pc=747 op=KPRI def=30 range=[30,31]
[repack] simple-local pick pc=742 op=KPRI def=31 range=[30,31]
[repack] proto=202 pc=748 accept existing FR2 slice [30,31]
[repack] proto=202 pc=754 accept existing FR2 slice [30,33]
[repack] proto=202 pc=760 accept existing FR2 slice [30,33]
[repack] slice fail pc=764 interference-at=760 op=CALL reg=31 range=[30,31]
[repack] simple-local pick pc=763 op=KPRI def=30 range=[30,31]
[repack] simple-local pick pc=758 op=KPRI def=31 range=[30,31]
[repack] proto=202 pc=764 accept existing FR2 slice [30,31]
[repack] proto=202 pc=770 accept existing FR2 slice [30,33]
[repack] proto=202 pc=776 accept existing FR2 slice [30,33]
[repack] proto=202 pc=782 accept existing FR2 slice [30,33]
[repack] proto=202 pc=788 accept existing FR2 slice [30,33]
[repack] slice fail pc=792 interference-at=788 op=CALL reg=31 range=[30,31]
[repack] simple-local pick pc=791 op=KPRI def=30 range=[30,31]
[repack] simple-local pick pc=786 op=KPRI def=31 range=[30,31]
[repack] proto=202 pc=792 accept existing FR2 slice [30,31]
[repack] slice fail pc=796 interference-at=788 op=CALL reg=31 range=[30,31]
[repack] simple-local pick pc=795 op=KPRI def=30 range=[30,31]
[repack] simple-local pick pc=786 op=KPRI def=31 range=[30,31]
[repack] proto=202 pc=796 accept existing FR2 slice [30,31]
[repack] slice fail pc=800 interference-at=788 op=CALL reg=31 range=[30,31]
[repack] simple-local pick pc=799 op=KPRI def=30 range=[30,31]
[repack] simple-local pick pc=786 op=KPRI def=31 range=[30,31]
[repack] proto=202 pc=800 accept existing FR2 slice [30,31]
[repack] proto=202 pc=806 accept existing FR2 slice [30,33]
[repack] proto=202 pc=812 accept existing FR2 slice [30,33]
[repack] proto=202 pc=818 accept existing FR2 slice [30,33]
[repack] proto=202 pc=824 accept existing FR2 slice [30,33]
[repack] proto=202 pc=830 accept existing FR2 slice [30,33]
[repack] proto=202 pc=836 accept existing FR2 slice [30,33]
[repack] proto=202 pc=842 accept existing FR2 slice [30,33]
[repack] proto=202 pc=848 accept existing FR2 slice [30,33]
[repack] proto=202 pc=854 accept existing FR2 slice [30,33]
[repack] slice fail pc=858 interference-at=854 op=CALL reg=31 range=[30,31]
[repack] simple-local pick pc=857 op=KPRI def=30 range=[30,31]
[repack] simple-local pick pc=852 op=KPRI def=31 range=[30,31]
[repack] proto=202 pc=858 accept existing FR2 slice [30,31]
[repack] proto=202 pc=864 accept existing FR2 slice [30,33]
[repack] proto=202 pc=870 accept existing FR2 slice [30,33]
[repack] proto=202 pc=876 accept existing FR2 slice [30,33]
[repack] proto=202 pc=882 accept existing FR2 slice [30,33]
[repack] proto=202 pc=888 accept existing FR2 slice [30,33]
[repack] proto=202 pc=894 accept existing FR2 slice [30,33]
[repack] proto=202 pc=900 accept existing FR2 slice [30,33]
[repack] proto=202 pc=906 accept existing FR2 slice [30,33]
[repack] proto=202 pc=912 accept existing FR2 slice [30,33]
[repack] proto=202 pc=918 accept existing FR2 slice [30,33]
[repack] proto=202 pc=924 accept existing FR2 slice [30,33]
[repack] proto=202 pc=930 accept existing FR2 slice [30,33]
[repack] proto=202 pc=936 accept existing FR2 slice [30,33]
[repack] proto=202 pc=942 accept existing FR2 slice [30,33]
[repack] proto=202 pc=948 accept existing FR2 slice [30,33]
[repack] proto=202 pc=954 accept existing FR2 slice [30,33]
[repack] slice fail pc=958 interference-at=954 op=CALL reg=31 range=[30,31]
[repack] simple-local pick pc=957 op=KPRI def=30 range=[30,31]
[repack] simple-local pick pc=952 op=KPRI def=31 range=[30,31]
[repack] proto=202 pc=958 accept existing FR2 slice [30,31]
[repack] slice fail pc=962 interference-at=954 op=CALL reg=31 range=[30,31]
[repack] simple-local pick pc=961 op=KPRI def=30 range=[30,31]
[repack] simple-local pick pc=952 op=KPRI def=31 range=[30,31]
[repack] proto=202 pc=962 accept existing FR2 slice [30,31]
[repack] proto=202 pc=987 accept existing FR2 slice [30,33]
[repack] proto=202 pc=993 accept existing FR2 slice [30,33]
[repack] proto=202 pc=999 accept existing FR2 slice [30,33]
[repack] proto=202 pc=1005 accept existing FR2 slice [30,33]
[repack] proto=202 pc=1011 accept existing FR2 slice [30,33]
[repack] slice fail pc=1015 interference-at=1011 op=CALL reg=31 range=[30,31]
[repack] simple-local pick pc=1014 op=KPRI def=30 range=[30,31]
[repack] simple-local pick pc=1009 op=KPRI def=31 range=[30,31]
[repack] proto=202 pc=1015 accept existing FR2 slice [30,31]
[repack] proto=202 pc=1021 accept existing FR2 slice [30,33]
[repack] proto=202 pc=1027 accept existing FR2 slice [30,33]
[repack] proto=202 pc=1033 accept existing FR2 slice [30,33]
[repack] slice fail pc=1037 interference-at=1033 op=CALL reg=31 range=[30,31]
[repack] simple-local pick pc=1036 op=KPRI def=30 range=[30,31]
[repack] simple-local pick pc=1031 op=KPRI def=31 range=[30,31]
[repack] proto=202 pc=1037 accept existing FR2 slice [30,31]
[repack] proto=202 pc=1043 accept existing FR2 slice [30,33]
[repack] proto=202 pc=1046 accept existing FR2 slice [30,30]
[repack] proto=202 pc=1052 accept existing FR2 slice [31,34]
[repack] proto=202 pc=1058 accept existing FR2 slice [31,34]
[repack] proto=202 pc=1064 accept existing FR2 slice [31,34]
[repack] proto=202 pc=1070 accept existing FR2 slice [31,34]
[repack] proto=202 pc=1076 accept existing FR2 slice [31,34]
[repack] proto=202 pc=1082 accept existing FR2 slice [31,34]
[repack] proto=202 pc=1088 accept existing FR2 slice [31,34]
[repack] proto=202 pc=1094 accept existing FR2 slice [31,34]
[repack] proto=202 pc=1100 accept existing FR2 slice [31,34]
[repack] proto=202 pc=1106 accept existing FR2 slice [31,34]
[repack] proto=202 pc=1110 accept existing FR2 slice [32,32]
[repack] proto=202 pc=1115 accept existing FR2 slice [31,32]
[repack] proto=202 pc=1121 accept existing FR2 slice [31,34]
[repack] proto=202 pc=1127 accept existing FR2 slice [31,34]
[repack] proto=202 pc=1133 accept existing FR2 slice [31,34]
[repack] proto=202 pc=1139 accept existing FR2 slice [31,34]
[repack] proto=202 pc=1151 accept existing FR2 slice [31,35]
[repack] proto=202 pc=1163 accept existing FR2 slice [31,35]
[repack] proto=202 pc=1175 accept existing FR2 slice [31,35]
[repack] proto=202 pc=1187 accept existing FR2 slice [31,35]
[repack] slice fail pc=1191 interference-at=1187 op=CALL reg=32 range=[31,32]
[repack] simple-local pick pc=1190 op=KPRI def=31 range=[31,32]
[repack] simple-local pick pc=1185 op=MOV def=32 range=[31,32]
[repack] proto=202 pc=1191 accept existing FR2 slice [31,32]
[repack] proto=202 pc=1203 accept existing FR2 slice [31,35]
[repack] proto=202 pc=1215 accept existing FR2 slice [31,35]
[repack] proto=202 pc=1227 accept existing FR2 slice [31,35]
[repack] proto=202 pc=1234 copy-fallback keep legacy-overlap reason=call6-kstr-tdup-fnew-chain old=[30,34] new=[31,35] base=29 nargs=5 b=1
[repack] proto=202 pc=1234 copy-fallback reason=call6-kstr-tdup-fnew-chain insert_pc=1234 count=5 range=[30,34]->[31,35] deferred=0
[rebuild] proto=202 insert_pc=1234 old_proto_total=16828 new_proto_total=16848 old_payload=16825 new_payload=16845 debug_drop=3445
[repack] proto=202 pc=3 accept existing FR2 slice [2,2]
[repack] proto=202 pc=7 accept existing FR2 slice [3,3]
[repack] proto=202 pc=11 accept existing FR2 slice [4,4]
[repack] proto=202 pc=15 accept existing FR2 slice [5,5]
[repack] proto=202 pc=19 accept existing FR2 slice [6,6]
[repack] proto=202 pc=23 accept existing FR2 slice [7,7]
[repack] proto=202 pc=27 accept existing FR2 slice [8,8]
[repack] proto=202 pc=31 accept existing FR2 slice [9,9]
[repack] proto=202 pc=35 accept existing FR2 slice [10,10]
[repack] proto=202 pc=39 accept existing FR2 slice [11,11]
[repack] proto=202 pc=44 accept existing FR2 slice [13,13]
[repack] proto=202 pc=48 accept existing FR2 slice [14,14]
[repack] proto=202 pc=52 accept existing FR2 slice [15,15]
[repack] proto=202 pc=56 accept existing FR2 slice [16,16]
[repack] proto=202 pc=60 accept existing FR2 slice [17,17]
[repack] proto=202 pc=64 accept existing FR2 slice [18,18]
[repack] proto=202 pc=68 accept existing FR2 slice [19,19]
[repack] proto=202 pc=79 accept existing FR2 slice [20,20]
[repack] proto=202 pc=83 accept existing FR2 slice [20,20]
[repack] proto=202 pc=87 accept existing FR2 slice [20,20]
[repack] proto=202 pc=91 accept existing FR2 slice [20,21]
[repack] proto=202 pc=94 accept existing FR2 slice [20,20]
[repack] proto=202 pc=137 accept existing FR2 slice [21,21]
[repack] proto=202 pc=142 accept existing FR2 slice [21,22]
[repack] proto=202 pc=146 accept existing FR2 slice [21,22]
[repack] proto=202 pc=150 accept existing FR2 slice [21,22]
[repack] proto=202 pc=154 accept existing FR2 slice [21,22]
[repack] proto=202 pc=158 accept existing FR2 slice [21,22]
[repack] proto=202 pc=162 accept existing FR2 slice [21,22]
[repack] proto=202 pc=165 accept existing FR2 slice [21,21]
[repack] proto=202 pc=170 accept existing FR2 slice [26,27]
[repack] proto=202 pc=175 accept existing FR2 slice [21,21]
[repack] slice fail pc=180 target-at=177 range=[26,27]
[repack] simple-local pick pc=179 op=KPRI def=26 range=[26,27]
[repack] simple-local pick pc=169 op=KPRI def=27 range=[26,27]
[repack] proto=202 pc=180 accept existing FR2 slice [26,27]
[repack] slice fail pc=181 unresolved reg=23 range=[23,24]
[repack] readonly slice retry fail pc=181 read-at=180 op=CALL reg=24 range=[23,24]
[repack] simple-local pick pc=177 op=TGETS def=24 range=[23,24]
[repack] simple-local missing reg=23 range=[23,24]
[repack] slice fail pc=181 interference-at=180 op=CALL reg=24 range=[24,25]
[repack] simple-local pick pc=178 op=MOV def=25 range=[24,25]
[repack] simple-local pick pc=177 op=TGETS def=24 range=[24,25]
[repack] proto=202 pc=181 accept existing FR2 slice [24,25]
[repack] proto=202 pc=185 accept existing FR2 slice [21,21]
[repack] slice fail pc=190 target-at=187 range=[26,27]
[repack] simple-local pick pc=189 op=KPRI def=26 range=[26,27]
[repack] simple-local pick pc=169 op=KPRI def=27 range=[26,27]
[repack] proto=202 pc=190 accept existing FR2 slice [26,27]
[repack] proto=202 pc=197 accept existing FR2 slice [21,21]
[repack] proto=202 pc=212 accept existing FR2 slice [23,23]
[repack] proto=202 pc=235 accept existing FR2 slice [27,28]
[repack] proto=202 pc=241 accept existing FR2 slice [27,30]
[repack] proto=202 pc=247 accept existing FR2 slice [27,30]
[repack] proto=202 pc=253 accept existing FR2 slice [27,30]
[repack] proto=202 pc=259 accept existing FR2 slice [27,30]
[repack] proto=202 pc=265 accept existing FR2 slice [27,30]
[repack] proto=202 pc=271 accept existing FR2 slice [27,30]
[repack] proto=202 pc=277 accept existing FR2 slice [27,30]
[repack] proto=202 pc=283 accept existing FR2 slice [27,30]
[repack] proto=202 pc=289 accept existing FR2 slice [27,30]
[repack] proto=202 pc=295 accept existing FR2 slice [27,30]
[repack] proto=202 pc=301 accept existing FR2 slice [27,30]
[repack] proto=202 pc=307 accept existing FR2 slice [27,30]
[repack] proto=202 pc=313 accept existing FR2 slice [27,30]
[repack] proto=202 pc=319 accept existing FR2 slice [27,30]
[repack] proto=202 pc=325 accept existing FR2 slice [27,30]
[repack] proto=202 pc=331 accept existing FR2 slice [27,30]
[repack] proto=202 pc=337 accept existing FR2 slice [27,30]
[repack] proto=202 pc=343 accept existing FR2 slice [27,30]
[repack] proto=202 pc=349 accept existing FR2 slice [27,30]
[repack] proto=202 pc=355 accept existing FR2 slice [27,30]
[repack] proto=202 pc=361 accept existing FR2 slice [27,30]
[repack] proto=202 pc=367 accept existing FR2 slice [27,30]
[repack] proto=202 pc=373 accept existing FR2 slice [27,30]
[repack] proto=202 pc=379 accept existing FR2 slice [27,30]
[repack] proto=202 pc=385 accept existing FR2 slice [27,30]
[repack] proto=202 pc=391 accept existing FR2 slice [27,30]
[repack] proto=202 pc=397 accept existing FR2 slice [27,30]
[repack] proto=202 pc=403 accept existing FR2 slice [27,30]
[repack] proto=202 pc=409 accept existing FR2 slice [27,30]
[repack] proto=202 pc=415 accept existing FR2 slice [27,30]
[repack] proto=202 pc=421 accept existing FR2 slice [27,30]
[repack] proto=202 pc=427 accept existing FR2 slice [27,30]
[repack] proto=202 pc=433 accept existing FR2 slice [27,30]
[repack] proto=202 pc=439 accept existing FR2 slice [27,30]
[repack] proto=202 pc=445 accept existing FR2 slice [27,30]
[repack] proto=202 pc=448 accept existing FR2 slice [27,27]
[repack] proto=202 pc=455 accept existing FR2 slice [27,30]
[repack] proto=202 pc=458 accept existing FR2 slice [27,27]
[repack] proto=202 pc=465 accept existing FR2 slice [27,30]
[repack] proto=202 pc=471 accept existing FR2 slice [27,30]
[repack] proto=202 pc=477 accept existing FR2 slice [27,30]
[repack] proto=202 pc=483 accept existing FR2 slice [27,30]
[repack] proto=202 pc=489 accept existing FR2 slice [27,30]
[repack] proto=202 pc=495 accept existing FR2 slice [27,30]
[repack] proto=202 pc=501 accept existing FR2 slice [27,30]
[repack] proto=202 pc=507 accept existing FR2 slice [27,30]
[repack] proto=202 pc=513 accept existing FR2 slice [27,30]
[repack] proto=202 pc=519 accept existing FR2 slice [27,30]
[repack] proto=202 pc=525 accept existing FR2 slice [27,30]
[repack] proto=202 pc=531 accept existing FR2 slice [27,30]
[repack] proto=202 pc=537 accept existing FR2 slice [27,30]
[repack] proto=202 pc=543 accept existing FR2 slice [27,30]
[repack] proto=202 pc=550 accept existing FR2 slice [28,31]
[repack] proto=202 pc=556 accept existing FR2 slice [28,31]
[repack] proto=202 pc=562 accept existing FR2 slice [28,31]
[repack] proto=202 pc=568 accept existing FR2 slice [28,31]
[repack] proto=202 pc=574 accept existing FR2 slice [28,31]
[repack] proto=202 pc=580 accept existing FR2 slice [28,31]
[repack] proto=202 pc=586 accept existing FR2 slice [28,31]
[repack] proto=202 pc=592 accept existing FR2 slice [28,31]
[repack] slice fail pc=596 interference-at=592 op=CALL reg=29 range=[28,29]
[repack] simple-local pick pc=595 op=KPRI def=28 range=[28,29]
[repack] simple-local pick pc=590 op=KPRI def=29 range=[28,29]
[repack] proto=202 pc=596 accept existing FR2 slice [28,29]
[repack] proto=202 pc=602 accept existing FR2 slice [28,31]
[repack] slice fail pc=606 interference-at=602 op=CALL reg=29 range=[28,29]
[repack] simple-local pick pc=605 op=KPRI def=28 range=[28,29]
[repack] simple-local pick pc=600 op=KPRI def=29 range=[28,29]
[repack] proto=202 pc=606 accept existing FR2 slice [28,29]
[repack] proto=202 pc=612 accept existing FR2 slice [28,31]
[repack] proto=202 pc=615 accept existing FR2 slice [28,28]
[repack] proto=202 pc=624 accept existing FR2 slice [30,33]
[repack] proto=202 pc=630 accept existing FR2 slice [30,33]
[repack] proto=202 pc=636 accept existing FR2 slice [30,33]
[repack] proto=202 pc=642 accept existing FR2 slice [30,33]
[repack] proto=202 pc=648 accept existing FR2 slice [30,33]
[repack] proto=202 pc=654 accept existing FR2 slice [30,33]
[repack] slice fail pc=658 interference-at=654 op=CALL reg=31 range=[30,31]
[repack] simple-local pick pc=657 op=KPRI def=30 range=[30,31]
[repack] simple-local pick pc=652 op=KPRI def=31 range=[30,31]
[repack] proto=202 pc=658 accept existing FR2 slice [30,31]
[repack] proto=202 pc=664 accept existing FR2 slice [30,33]
[repack] slice fail pc=668 interference-at=664 op=CALL reg=31 range=[30,31]
[repack] simple-local pick pc=667 op=KPRI def=30 range=[30,31]
[repack] simple-local pick pc=662 op=KPRI def=31 range=[30,31]
[repack] proto=202 pc=668 accept existing FR2 slice [30,31]
[repack] proto=202 pc=674 accept existing FR2 slice [30,33]
[repack] slice fail pc=678 interference-at=674 op=CALL reg=31 range=[30,31]
[repack] simple-local pick pc=677 op=KPRI def=30 range=[30,31]
[repack] simple-local pick pc=672 op=KPRI def=31 range=[30,31]
[repack] proto=202 pc=678 accept existing FR2 slice [30,31]
[repack] slice fail pc=682 interference-at=674 op=CALL reg=31 range=[30,31]
[repack] simple-local pick pc=681 op=KPRI def=30 range=[30,31]
[repack] simple-local pick pc=672 op=KPRI def=31 range=[30,31]
[repack] proto=202 pc=682 accept existing FR2 slice [30,31]
[repack] slice fail pc=686 interference-at=674 op=CALL reg=31 range=[30,31]
[repack] simple-local pick pc=685 op=KPRI def=30 range=[30,31]
[repack] simple-local pick pc=672 op=KPRI def=31 range=[30,31]
[repack] proto=202 pc=686 accept existing FR2 slice [30,31]
[repack] slice fail pc=690 interference-at=674 op=CALL reg=31 range=[30,31]
[repack] simple-local pick pc=689 op=KPRI def=30 range=[30,31]
[repack] simple-local pick pc=672 op=KPRI def=31 range=[30,31]
[repack] proto=202 pc=690 accept existing FR2 slice [30,31]
[repack] slice fail pc=694 interference-at=674 op=CALL reg=31 range=[30,31]
[repack] simple-local pick pc=693 op=KPRI def=30 range=[30,31]
[repack] simple-local pick pc=672 op=KPRI def=31 range=[30,31]
[repack] proto=202 pc=694 accept existing FR2 slice [30,31]
[repack] slice fail pc=698 interference-at=674 op=CALL reg=31 range=[30,31]
[repack] simple-local pick pc=697 op=KPRI def=30 range=[30,31]
[repack] simple-local pick pc=672 op=KPRI def=31 range=[30,31]
[repack] proto=202 pc=698 accept existing FR2 slice [30,31]
[repack] slice fail pc=702 interference-at=674 op=CALL reg=31 range=[30,31]
[repack] simple-local pick pc=701 op=KPRI def=30 range=[30,31]
[repack] simple-local pick pc=672 op=KPRI def=31 range=[30,31]
[repack] proto=202 pc=702 accept existing FR2 slice [30,31]
[repack] proto=202 pc=708 accept existing FR2 slice [30,33]
[repack] proto=202 pc=714 accept existing FR2 slice [30,33]
[repack] proto=202 pc=720 accept existing FR2 slice [30,33]
[repack] proto=202 pc=726 accept existing FR2 slice [30,33]
[repack] proto=202 pc=732 accept existing FR2 slice [30,33]
[repack] proto=202 pc=738 accept existing FR2 slice [30,33]
[repack] proto=202 pc=744 accept existing FR2 slice [30,33]
[repack] slice fail pc=748 interference-at=744 op=CALL reg=31 range=[30,31]
[repack] simple-local pick pc=747 op=KPRI def=30 range=[30,31]
[repack] simple-local pick pc=742 op=KPRI def=31 range=[30,31]
[repack] proto=202 pc=748 accept existing FR2 slice [30,31]
[repack] proto=202 pc=754 accept existing FR2 slice [30,33]
[repack] proto=202 pc=760 accept existing FR2 slice [30,33]
[repack] slice fail pc=764 interference-at=760 op=CALL reg=31 range=[30,31]
[repack] simple-local pick pc=763 op=KPRI def=30 range=[30,31]
[repack] simple-local pick pc=758 op=KPRI def=31 range=[30,31]
[repack] proto=202 pc=764 accept existing FR2 slice [30,31]
[repack] proto=202 pc=770 accept existing FR2 slice [30,33]
[repack] proto=202 pc=776 accept existing FR2 slice [30,33]
[repack] proto=202 pc=782 accept existing FR2 slice [30,33]
[repack] proto=202 pc=788 accept existing FR2 slice [30,33]
[repack] slice fail pc=792 interference-at=788 op=CALL reg=31 range=[30,31]
[repack] simple-local pick pc=791 op=KPRI def=30 range=[30,31]
[repack] simple-local pick pc=786 op=KPRI def=31 range=[30,31]
[repack] proto=202 pc=792 accept existing FR2 slice [30,31]
[repack] slice fail pc=796 interference-at=788 op=CALL reg=31 range=[30,31]
[repack] simple-local pick pc=795 op=KPRI def=30 range=[30,31]
[repack] simple-local pick pc=786 op=KPRI def=31 range=[30,31]
[repack] proto=202 pc=796 accept existing FR2 slice [30,31]
[repack] slice fail pc=800 interference-at=788 op=CALL reg=31 range=[30,31]
[repack] simple-local pick pc=799 op=KPRI def=30 range=[30,31]
[repack] simple-local pick pc=786 op=KPRI def=31 range=[30,31]
[repack] proto=202 pc=800 accept existing FR2 slice [30,31]
[repack] proto=202 pc=806 accept existing FR2 slice [30,33]
[repack] proto=202 pc=812 accept existing FR2 slice [30,33]
[repack] proto=202 pc=818 accept existing FR2 slice [30,33]
[repack] proto=202 pc=824 accept existing FR2 slice [30,33]
[repack] proto=202 pc=830 accept existing FR2 slice [30,33]
[repack] proto=202 pc=836 accept existing FR2 slice [30,33]
[repack] proto=202 pc=842 accept existing FR2 slice [30,33]
[repack] proto=202 pc=848 accept existing FR2 slice [30,33]
[repack] proto=202 pc=854 accept existing FR2 slice [30,33]
[repack] slice fail pc=858 interference-at=854 op=CALL reg=31 range=[30,31]
[repack] simple-local pick pc=857 op=KPRI def=30 range=[30,31]
[repack] simple-local pick pc=852 op=KPRI def=31 range=[30,31]
[repack] proto=202 pc=858 accept existing FR2 slice [30,31]
[repack] proto=202 pc=864 accept existing FR2 slice [30,33]
[repack] proto=202 pc=870 accept existing FR2 slice [30,33]
[repack] proto=202 pc=876 accept existing FR2 slice [30,33]
[repack] proto=202 pc=882 accept existing FR2 slice [30,33]
[repack] proto=202 pc=888 accept existing FR2 slice [30,33]
[repack] proto=202 pc=894 accept existing FR2 slice [30,33]
[repack] proto=202 pc=900 accept existing FR2 slice [30,33]
[repack] proto=202 pc=906 accept existing FR2 slice [30,33]
[repack] proto=202 pc=912 accept existing FR2 slice [30,33]
[repack] proto=202 pc=918 accept existing FR2 slice [30,33]
[repack] proto=202 pc=924 accept existing FR2 slice [30,33]
[repack] proto=202 pc=930 accept existing FR2 slice [30,33]
[repack] proto=202 pc=936 accept existing FR2 slice [30,33]
[repack] proto=202 pc=942 accept existing FR2 slice [30,33]
[repack] proto=202 pc=948 accept existing FR2 slice [30,33]
[repack] proto=202 pc=954 accept existing FR2 slice [30,33]
[repack] slice fail pc=958 interference-at=954 op=CALL reg=31 range=[30,31]
[repack] simple-local pick pc=957 op=KPRI def=30 range=[30,31]
[repack] simple-local pick pc=952 op=KPRI def=31 range=[30,31]
[repack] proto=202 pc=958 accept existing FR2 slice [30,31]
[repack] slice fail pc=962 interference-at=954 op=CALL reg=31 range=[30,31]
[repack] simple-local pick pc=961 op=KPRI def=30 range=[30,31]
[repack] simple-local pick pc=952 op=KPRI def=31 range=[30,31]
[repack] proto=202 pc=962 accept existing FR2 slice [30,31]
[repack] proto=202 pc=987 accept existing FR2 slice [30,33]
[repack] proto=202 pc=993 accept existing FR2 slice [30,33]
[repack] proto=202 pc=999 accept existing FR2 slice [30,33]
[repack] proto=202 pc=1005 accept existing FR2 slice [30,33]
[repack] proto=202 pc=1011 accept existing FR2 slice [30,33]
[repack] slice fail pc=1015 interference-at=1011 op=CALL reg=31 range=[30,31]
[repack] simple-local pick pc=1014 op=KPRI def=30 range=[30,31]
[repack] simple-local pick pc=1009 op=KPRI def=31 range=[30,31]
[repack] proto=202 pc=1015 accept existing FR2 slice [30,31]
[repack] proto=202 pc=1021 accept existing FR2 slice [30,33]
[repack] proto=202 pc=1027 accept existing FR2 slice [30,33]
[repack] proto=202 pc=1033 accept existing FR2 slice [30,33]
[repack] slice fail pc=1037 interference-at=1033 op=CALL reg=31 range=[30,31]
[repack] simple-local pick pc=1036 op=KPRI def=30 range=[30,31]
[repack] simple-local pick pc=1031 op=KPRI def=31 range=[30,31]
[repack] proto=202 pc=1037 accept existing FR2 slice [30,31]
[repack] proto=202 pc=1043 accept existing FR2 slice [30,33]
[repack] proto=202 pc=1046 accept existing FR2 slice [30,30]
[repack] proto=202 pc=1052 accept existing FR2 slice [31,34]
[repack] proto=202 pc=1058 accept existing FR2 slice [31,34]
[repack] proto=202 pc=1064 accept existing FR2 slice [31,34]
[repack] proto=202 pc=1070 accept existing FR2 slice [31,34]
[repack] proto=202 pc=1076 accept existing FR2 slice [31,34]
[repack] proto=202 pc=1082 accept existing FR2 slice [31,34]
[repack] proto=202 pc=1088 accept existing FR2 slice [31,34]
[repack] proto=202 pc=1094 accept existing FR2 slice [31,34]
[repack] proto=202 pc=1100 accept existing FR2 slice [31,34]
[repack] proto=202 pc=1106 accept existing FR2 slice [31,34]
[repack] proto=202 pc=1110 accept existing FR2 slice [32,32]
[repack] proto=202 pc=1115 accept existing FR2 slice [31,32]
[repack] proto=202 pc=1121 accept existing FR2 slice [31,34]
[repack] proto=202 pc=1127 accept existing FR2 slice [31,34]
[repack] proto=202 pc=1133 accept existing FR2 slice [31,34]
[repack] proto=202 pc=1139 accept existing FR2 slice [31,34]
[repack] proto=202 pc=1151 accept existing FR2 slice [31,35]
[repack] proto=202 pc=1163 accept existing FR2 slice [31,35]
[repack] proto=202 pc=1175 accept existing FR2 slice [31,35]
[repack] proto=202 pc=1187 accept existing FR2 slice [31,35]
[repack] slice fail pc=1191 interference-at=1187 op=CALL reg=32 range=[31,32]
[repack] simple-local pick pc=1190 op=KPRI def=31 range=[31,32]
[repack] simple-local pick pc=1185 op=MOV def=32 range=[31,32]
[repack] proto=202 pc=1191 accept existing FR2 slice [31,32]
[repack] proto=202 pc=1203 accept existing FR2 slice [31,35]
[repack] proto=202 pc=1215 accept existing FR2 slice [31,35]
[repack] proto=202 pc=1227 accept existing FR2 slice [31,35]
[repack] proto=202 pc=1239 accept existing FR2 slice [31,35]
[repack] proto=202 pc=1246 copy-fallback keep legacy-overlap reason=call6-kstr-tdup-fnew-chain old=[30,34] new=[31,35] base=29 nargs=5 b=1
[repack] proto=202 pc=1246 copy-fallback reason=call6-kstr-tdup-fnew-chain insert_pc=1246 count=5 range=[30,34]->[31,35] deferred=0
[rebuild] proto=202 insert_pc=1246 old_proto_total=16848 new_proto_total=16868 old_payload=16845 new_payload=16865 debug_drop=3445
[repack] proto=202 pc=3 accept existing FR2 slice [2,2]
[repack] proto=202 pc=7 accept existing FR2 slice [3,3]
[repack] proto=202 pc=11 accept existing FR2 slice [4,4]
[repack] proto=202 pc=15 accept existing FR2 slice [5,5]
[repack] proto=202 pc=19 accept existing FR2 slice [6,6]
[repack] proto=202 pc=23 accept existing FR2 slice [7,7]
[repack] proto=202 pc=27 accept existing FR2 slice [8,8]
[repack] proto=202 pc=31 accept existing FR2 slice [9,9]
[repack] proto=202 pc=35 accept existing FR2 slice [10,10]
[repack] proto=202 pc=39 accept existing FR2 slice [11,11]
[repack] proto=202 pc=44 accept existing FR2 slice [13,13]
[repack] proto=202 pc=48 accept existing FR2 slice [14,14]
[repack] proto=202 pc=52 accept existing FR2 slice [15,15]
[repack] proto=202 pc=56 accept existing FR2 slice [16,16]
[repack] proto=202 pc=60 accept existing FR2 slice [17,17]
[repack] proto=202 pc=64 accept existing FR2 slice [18,18]
[repack] proto=202 pc=68 accept existing FR2 slice [19,19]
[repack] proto=202 pc=79 accept existing FR2 slice [20,20]
[repack] proto=202 pc=83 accept existing FR2 slice [20,20]
[repack] proto=202 pc=87 accept existing FR2 slice [20,20]
[repack] proto=202 pc=91 accept existing FR2 slice [20,21]
[repack] proto=202 pc=94 accept existing FR2 slice [20,20]
[repack] proto=202 pc=137 accept existing FR2 slice [21,21]
[repack] proto=202 pc=142 accept existing FR2 slice [21,22]
[repack] proto=202 pc=146 accept existing FR2 slice [21,22]
[repack] proto=202 pc=150 accept existing FR2 slice [21,22]
[repack] proto=202 pc=154 accept existing FR2 slice [21,22]
[repack] proto=202 pc=158 accept existing FR2 slice [21,22]
[repack] proto=202 pc=162 accept existing FR2 slice [21,22]
[repack] proto=202 pc=165 accept existing FR2 slice [21,21]
[repack] proto=202 pc=170 accept existing FR2 slice [26,27]
[repack] proto=202 pc=175 accept existing FR2 slice [21,21]
[repack] slice fail pc=180 target-at=177 range=[26,27]
[repack] simple-local pick pc=179 op=KPRI def=26 range=[26,27]
[repack] simple-local pick pc=169 op=KPRI def=27 range=[26,27]
[repack] proto=202 pc=180 accept existing FR2 slice [26,27]
[repack] slice fail pc=181 unresolved reg=23 range=[23,24]
[repack] readonly slice retry fail pc=181 read-at=180 op=CALL reg=24 range=[23,24]
[repack] simple-local pick pc=177 op=TGETS def=24 range=[23,24]
[repack] simple-local missing reg=23 range=[23,24]
[repack] slice fail pc=181 interference-at=180 op=CALL reg=24 range=[24,25]
[repack] simple-local pick pc=178 op=MOV def=25 range=[24,25]
[repack] simple-local pick pc=177 op=TGETS def=24 range=[24,25]
[repack] proto=202 pc=181 accept existing FR2 slice [24,25]
[repack] proto=202 pc=185 accept existing FR2 slice [21,21]
[repack] slice fail pc=190 target-at=187 range=[26,27]
[repack] simple-local pick pc=189 op=KPRI def=26 range=[26,27]
[repack] simple-local pick pc=169 op=KPRI def=27 range=[26,27]
[repack] proto=202 pc=190 accept existing FR2 slice [26,27]
[repack] proto=202 pc=197 accept existing FR2 slice [21,21]
[repack] proto=202 pc=212 accept existing FR2 slice [23,23]
[repack] proto=202 pc=235 accept existing FR2 slice [27,28]
[repack] proto=202 pc=241 accept existing FR2 slice [27,30]
[repack] proto=202 pc=247 accept existing FR2 slice [27,30]
[repack] proto=202 pc=253 accept existing FR2 slice [27,30]
[repack] proto=202 pc=259 accept existing FR2 slice [27,30]
[repack] proto=202 pc=265 accept existing FR2 slice [27,30]
[repack] proto=202 pc=271 accept existing FR2 slice [27,30]
[repack] proto=202 pc=277 accept existing FR2 slice [27,30]
[repack] proto=202 pc=283 accept existing FR2 slice [27,30]
[repack] proto=202 pc=289 accept existing FR2 slice [27,30]
[repack] proto=202 pc=295 accept existing FR2 slice [27,30]
[repack] proto=202 pc=301 accept existing FR2 slice [27,30]
[repack] proto=202 pc=307 accept existing FR2 slice [27,30]
[repack] proto=202 pc=313 accept existing FR2 slice [27,30]
[repack] proto=202 pc=319 accept existing FR2 slice [27,30]
[repack] proto=202 pc=325 accept existing FR2 slice [27,30]
[repack] proto=202 pc=331 accept existing FR2 slice [27,30]
[repack] proto=202 pc=337 accept existing FR2 slice [27,30]
[repack] proto=202 pc=343 accept existing FR2 slice [27,30]
[repack] proto=202 pc=349 accept existing FR2 slice [27,30]
[repack] proto=202 pc=355 accept existing FR2 slice [27,30]
[repack] proto=202 pc=361 accept existing FR2 slice [27,30]
[repack] proto=202 pc=367 accept existing FR2 slice [27,30]
[repack] proto=202 pc=373 accept existing FR2 slice [27,30]
[repack] proto=202 pc=379 accept existing FR2 slice [27,30]
[repack] proto=202 pc=385 accept existing FR2 slice [27,30]
[repack] proto=202 pc=391 accept existing FR2 slice [27,30]
[repack] proto=202 pc=397 accept existing FR2 slice [27,30]
[repack] proto=202 pc=403 accept existing FR2 slice [27,30]
[repack] proto=202 pc=409 accept existing FR2 slice [27,30]
[repack] proto=202 pc=415 accept existing FR2 slice [27,30]
[repack] proto=202 pc=421 accept existing FR2 slice [27,30]
[repack] proto=202 pc=427 accept existing FR2 slice [27,30]
[repack] proto=202 pc=433 accept existing FR2 slice [27,30]
[repack] proto=202 pc=439 accept existing FR2 slice [27,30]
[repack] proto=202 pc=445 accept existing FR2 slice [27,30]
[repack] proto=202 pc=448 accept existing FR2 slice [27,27]
[repack] proto=202 pc=455 accept existing FR2 slice [27,30]
[repack] proto=202 pc=458 accept existing FR2 slice [27,27]
[repack] proto=202 pc=465 accept existing FR2 slice [27,30]
[repack] proto=202 pc=471 accept existing FR2 slice [27,30]
[repack] proto=202 pc=477 accept existing FR2 slice [27,30]
[repack] proto=202 pc=483 accept existing FR2 slice [27,30]
[repack] proto=202 pc=489 accept existing FR2 slice [27,30]
[repack] proto=202 pc=495 accept existing FR2 slice [27,30]
[repack] proto=202 pc=501 accept existing FR2 slice [27,30]
[repack] proto=202 pc=507 accept existing FR2 slice [27,30]
[repack] proto=202 pc=513 accept existing FR2 slice [27,30]
[repack] proto=202 pc=519 accept existing FR2 slice [27,30]
[repack] proto=202 pc=525 accept existing FR2 slice [27,30]
[repack] proto=202 pc=531 accept existing FR2 slice [27,30]
[repack] proto=202 pc=537 accept existing FR2 slice [27,30]
[repack] proto=202 pc=543 accept existing FR2 slice [27,30]
[repack] proto=202 pc=550 accept existing FR2 slice [28,31]
[repack] proto=202 pc=556 accept existing FR2 slice [28,31]
[repack] proto=202 pc=562 accept existing FR2 slice [28,31]
[repack] proto=202 pc=568 accept existing FR2 slice [28,31]
[repack] proto=202 pc=574 accept existing FR2 slice [28,31]
[repack] proto=202 pc=580 accept existing FR2 slice [28,31]
[repack] proto=202 pc=586 accept existing FR2 slice [28,31]
[repack] proto=202 pc=592 accept existing FR2 slice [28,31]
[repack] slice fail pc=596 interference-at=592 op=CALL reg=29 range=[28,29]
[repack] simple-local pick pc=595 op=KPRI def=28 range=[28,29]
[repack] simple-local pick pc=590 op=KPRI def=29 range=[28,29]
[repack] proto=202 pc=596 accept existing FR2 slice [28,29]
[repack] proto=202 pc=602 accept existing FR2 slice [28,31]
[repack] slice fail pc=606 interference-at=602 op=CALL reg=29 range=[28,29]
[repack] simple-local pick pc=605 op=KPRI def=28 range=[28,29]
[repack] simple-local pick pc=600 op=KPRI def=29 range=[28,29]
[repack] proto=202 pc=606 accept existing FR2 slice [28,29]
[repack] proto=202 pc=612 accept existing FR2 slice [28,31]
[repack] proto=202 pc=615 accept existing FR2 slice [28,28]
[repack] proto=202 pc=624 accept existing FR2 slice [30,33]
[repack] proto=202 pc=630 accept existing FR2 slice [30,33]
[repack] proto=202 pc=636 accept existing FR2 slice [30,33]
[repack] proto=202 pc=642 accept existing FR2 slice [30,33]
[repack] proto=202 pc=648 accept existing FR2 slice [30,33]
[repack] proto=202 pc=654 accept existing FR2 slice [30,33]
[repack] slice fail pc=658 interference-at=654 op=CALL reg=31 range=[30,31]
[repack] simple-local pick pc=657 op=KPRI def=30 range=[30,31]
[repack] simple-local pick pc=652 op=KPRI def=31 range=[30,31]
[repack] proto=202 pc=658 accept existing FR2 slice [30,31]
[repack] proto=202 pc=664 accept existing FR2 slice [30,33]
[repack] slice fail pc=668 interference-at=664 op=CALL reg=31 range=[30,31]
[repack] simple-local pick pc=667 op=KPRI def=30 range=[30,31]
[repack] simple-local pick pc=662 op=KPRI def=31 range=[30,31]
[repack] proto=202 pc=668 accept existing FR2 slice [30,31]
[repack] proto=202 pc=674 accept existing FR2 slice [30,33]
[repack] slice fail pc=678 interference-at=674 op=CALL reg=31 range=[30,31]
[repack] simple-local pick pc=677 op=KPRI def=30 range=[30,31]
[repack] simple-local pick pc=672 op=KPRI def=31 range=[30,31]
[repack] proto=202 pc=678 accept existing FR2 slice [30,31]
[repack] slice fail pc=682 interference-at=674 op=CALL reg=31 range=[30,31]
[repack] simple-local pick pc=681 op=KPRI def=30 range=[30,31]
[repack] simple-local pick pc=672 op=KPRI def=31 range=[30,31]
[repack] proto=202 pc=682 accept existing FR2 slice [30,31]
[repack] slice fail pc=686 interference-at=674 op=CALL reg=31 range=[30,31]
[repack] simple-local pick pc=685 op=KPRI def=30 range=[30,31]
[repack] simple-local pick pc=672 op=KPRI def=31 range=[30,31]
[repack] proto=202 pc=686 accept existing FR2 slice [30,31]
[repack] slice fail pc=690 interference-at=674 op=CALL reg=31 range=[30,31]
[repack] simple-local pick pc=689 op=KPRI def=30 range=[30,31]
[repack] simple-local pick pc=672 op=KPRI def=31 range=[30,31]
[repack] proto=202 pc=690 accept existing FR2 slice [30,31]
[repack] slice fail pc=694 interference-at=674 op=CALL reg=31 range=[30,31]
[repack] simple-local pick pc=693 op=KPRI def=30 range=[30,31]
[repack] simple-local pick pc=672 op=KPRI def=31 range=[30,31]
[repack] proto=202 pc=694 accept existing FR2 slice [30,31]
[repack] slice fail pc=698 interference-at=674 op=CALL reg=31 range=[30,31]
[repack] simple-local pick pc=697 op=KPRI def=30 range=[30,31]
[repack] simple-local pick pc=672 op=KPRI def=31 range=[30,31]
[repack] proto=202 pc=698 accept existing FR2 slice [30,31]
[repack] slice fail pc=702 interference-at=674 op=CALL reg=31 range=[30,31]
[repack] simple-local pick pc=701 op=KPRI def=30 range=[30,31]
[repack] simple-local pick pc=672 op=KPRI def=31 range=[30,31]
[repack] proto=202 pc=702 accept existing FR2 slice [30,31]
[repack] proto=202 pc=708 accept existing FR2 slice [30,33]
[repack] proto=202 pc=714 accept existing FR2 slice [30,33]
[repack] proto=202 pc=720 accept existing FR2 slice [30,33]
[repack] proto=202 pc=726 accept existing FR2 slice [30,33]
[repack] proto=202 pc=732 accept existing FR2 slice [30,33]
[repack] proto=202 pc=738 accept existing FR2 slice [30,33]
[repack] proto=202 pc=744 accept existing FR2 slice [30,33]
[repack] slice fail pc=748 interference-at=744 op=CALL reg=31 range=[30,31]
[repack] simple-local pick pc=747 op=KPRI def=30 range=[30,31]
[repack] simple-local pick pc=742 op=KPRI def=31 range=[30,31]
[repack] proto=202 pc=748 accept existing FR2 slice [30,31]
[repack] proto=202 pc=754 accept existing FR2 slice [30,33]
[repack] proto=202 pc=760 accept existing FR2 slice [30,33]
[repack] slice fail pc=764 interference-at=760 op=CALL reg=31 range=[30,31]
[repack] simple-local pick pc=763 op=KPRI def=30 range=[30,31]
[repack] simple-local pick pc=758 op=KPRI def=31 range=[30,31]
[repack] proto=202 pc=764 accept existing FR2 slice [30,31]
[repack] proto=202 pc=770 accept existing FR2 slice [30,33]
[repack] proto=202 pc=776 accept existing FR2 slice [30,33]
[repack] proto=202 pc=782 accept existing FR2 slice [30,33]
[repack] proto=202 pc=788 accept existing FR2 slice [30,33]
[repack] slice fail pc=792 interference-at=788 op=CALL reg=31 range=[30,31]
[repack] simple-local pick pc=791 op=KPRI def=30 range=[30,31]
[repack] simple-local pick pc=786 op=KPRI def=31 range=[30,31]
[repack] proto=202 pc=792 accept existing FR2 slice [30,31]
[repack] slice fail pc=796 interference-at=788 op=CALL reg=31 range=[30,31]
[repack] simple-local pick pc=795 op=KPRI def=30 range=[30,31]
[repack] simple-local pick pc=786 op=KPRI def=31 range=[30,31]
[repack] proto=202 pc=796 accept existing FR2 slice [30,31]
[repack] slice fail pc=800 interference-at=788 op=CALL reg=31 range=[30,31]
[repack] simple-local pick pc=799 op=KPRI def=30 range=[30,31]
[repack] simple-local pick pc=786 op=KPRI def=31 range=[30,31]
[repack] proto=202 pc=800 accept existing FR2 slice [30,31]
[repack] proto=202 pc=806 accept existing FR2 slice [30,33]
[repack] proto=202 pc=812 accept existing FR2 slice [30,33]
[repack] proto=202 pc=818 accept existing FR2 slice [30,33]
[repack] proto=202 pc=824 accept existing FR2 slice [30,33]
[repack] proto=202 pc=830 accept existing FR2 slice [30,33]
[repack] proto=202 pc=836 accept existing FR2 slice [30,33]
[repack] proto=202 pc=842 accept existing FR2 slice [30,33]
[repack] proto=202 pc=848 accept existing FR2 slice [30,33]
[repack] proto=202 pc=854 accept existing FR2 slice [30,33]
[repack] slice fail pc=858 interference-at=854 op=CALL reg=31 range=[30,31]
[repack] simple-local pick pc=857 op=KPRI def=30 range=[30,31]
[repack] simple-local pick pc=852 op=KPRI def=31 range=[30,31]
[repack] proto=202 pc=858 accept existing FR2 slice [30,31]
[repack] proto=202 pc=864 accept existing FR2 slice [30,33]
[repack] proto=202 pc=870 accept existing FR2 slice [30,33]
[repack] proto=202 pc=876 accept existing FR2 slice [30,33]
[repack] proto=202 pc=882 accept existing FR2 slice [30,33]
[repack] proto=202 pc=888 accept existing FR2 slice [30,33]
[repack] proto=202 pc=894 accept existing FR2 slice [30,33]
[repack] proto=202 pc=900 accept existing FR2 slice [30,33]
[repack] proto=202 pc=906 accept existing FR2 slice [30,33]
[repack] proto=202 pc=912 accept existing FR2 slice [30,33]
[repack] proto=202 pc=918 accept existing FR2 slice [30,33]
[repack] proto=202 pc=924 accept existing FR2 slice [30,33]
[repack] proto=202 pc=930 accept existing FR2 slice [30,33]
[repack] proto=202 pc=936 accept existing FR2 slice [30,33]
[repack] proto=202 pc=942 accept existing FR2 slice [30,33]
[repack] proto=202 pc=948 accept existing FR2 slice [30,33]
[repack] proto=202 pc=954 accept existing FR2 slice [30,33]
[repack] slice fail pc=958 interference-at=954 op=CALL reg=31 range=[30,31]
[repack] simple-local pick pc=957 op=KPRI def=30 range=[30,31]
[repack] simple-local pick pc=952 op=KPRI def=31 range=[30,31]
[repack] proto=202 pc=958 accept existing FR2 slice [30,31]
[repack] slice fail pc=962 interference-at=954 op=CALL reg=31 range=[30,31]
[repack] simple-local pick pc=961 op=KPRI def=30 range=[30,31]
[repack] simple-local pick pc=952 op=KPRI def=31 range=[30,31]
[repack] proto=202 pc=962 accept existing FR2 slice [30,31]
[repack] proto=202 pc=987 accept existing FR2 slice [30,33]
[repack] proto=202 pc=993 accept existing FR2 slice [30,33]
[repack] proto=202 pc=999 accept existing FR2 slice [30,33]
[repack] proto=202 pc=1005 accept existing FR2 slice [30,33]
[repack] proto=202 pc=1011 accept existing FR2 slice [30,33]
[repack] slice fail pc=1015 interference-at=1011 op=CALL reg=31 range=[30,31]
[repack] simple-local pick pc=1014 op=KPRI def=30 range=[30,31]
[repack] simple-local pick pc=1009 op=KPRI def=31 range=[30,31]
[repack] proto=202 pc=1015 accept existing FR2 slice [30,31]
[repack] proto=202 pc=1021 accept existing FR2 slice [30,33]
[repack] proto=202 pc=1027 accept existing FR2 slice [30,33]
[repack] proto=202 pc=1033 accept existing FR2 slice [30,33]
[repack] slice fail pc=1037 interference-at=1033 op=CALL reg=31 range=[30,31]
[repack] simple-local pick pc=1036 op=KPRI def=30 range=[30,31]
[repack] simple-local pick pc=1031 op=KPRI def=31 range=[30,31]
[repack] proto=202 pc=1037 accept existing FR2 slice [30,31]
[repack] proto=202 pc=1043 accept existing FR2 slice [30,33]
[repack] proto=202 pc=1046 accept existing FR2 slice [30,30]
[repack] proto=202 pc=1052 accept existing FR2 slice [31,34]
[repack] proto=202 pc=1058 accept existing FR2 slice [31,34]
[repack] proto=202 pc=1064 accept existing FR2 slice [31,34]
[repack] proto=202 pc=1070 accept existing FR2 slice [31,34]
[repack] proto=202 pc=1076 accept existing FR2 slice [31,34]
[repack] proto=202 pc=1082 accept existing FR2 slice [31,34]
[repack] proto=202 pc=1088 accept existing FR2 slice [31,34]
[repack] proto=202 pc=1094 accept existing FR2 slice [31,34]
[repack] proto=202 pc=1100 accept existing FR2 slice [31,34]
[repack] proto=202 pc=1106 accept existing FR2 slice [31,34]
[repack] proto=202 pc=1110 accept existing FR2 slice [32,32]
[repack] proto=202 pc=1115 accept existing FR2 slice [31,32]
[repack] proto=202 pc=1121 accept existing FR2 slice [31,34]
[repack] proto=202 pc=1127 accept existing FR2 slice [31,34]
[repack] proto=202 pc=1133 accept existing FR2 slice [31,34]
[repack] proto=202 pc=1139 accept existing FR2 slice [31,34]
[repack] proto=202 pc=1151 accept existing FR2 slice [31,35]
[repack] proto=202 pc=1163 accept existing FR2 slice [31,35]
[repack] proto=202 pc=1175 accept existing FR2 slice [31,35]
[repack] proto=202 pc=1187 accept existing FR2 slice [31,35]
[repack] slice fail pc=1191 interference-at=1187 op=CALL reg=32 range=[31,32]
[repack] simple-local pick pc=1190 op=KPRI def=31 range=[31,32]
[repack] simple-local pick pc=1185 op=MOV def=32 range=[31,32]
[repack] proto=202 pc=1191 accept existing FR2 slice [31,32]
[repack] proto=202 pc=1203 accept existing FR2 slice [31,35]
[repack] proto=202 pc=1215 accept existing FR2 slice [31,35]
[repack] proto=202 pc=1227 accept existing FR2 slice [31,35]
[repack] proto=202 pc=1239 accept existing FR2 slice [31,35]
[repack] proto=202 pc=1251 accept existing FR2 slice [31,35]
[repack] proto=202 pc=1258 copy-fallback keep legacy-overlap reason=call6-kstr-tdup-fnew-chain old=[30,34] new=[31,35] base=29 nargs=5 b=1
[repack] proto=202 pc=1258 copy-fallback reason=call6-kstr-tdup-fnew-chain insert_pc=1258 count=5 range=[30,34]->[31,35] deferred=0
[rebuild] proto=202 insert_pc=1258 old_proto_total=16868 new_proto_total=16888 old_payload=16865 new_payload=16885 debug_drop=3445
[repack] proto=202 pc=3 accept existing FR2 slice [2,2]
[repack] proto=202 pc=7 accept existing FR2 slice [3,3]
[repack] proto=202 pc=11 accept existing FR2 slice [4,4]
[repack] proto=202 pc=15 accept existing FR2 slice [5,5]
[repack] proto=202 pc=19 accept existing FR2 slice [6,6]
[repack] proto=202 pc=23 accept existing FR2 slice [7,7]
[repack] proto=202 pc=27 accept existing FR2 slice [8,8]
[repack] proto=202 pc=31 accept existing FR2 slice [9,9]
[repack] proto=202 pc=35 accept existing FR2 slice [10,10]
[repack] proto=202 pc=39 accept existing FR2 slice [11,11]
[repack] proto=202 pc=44 accept existing FR2 slice [13,13]
[repack] proto=202 pc=48 accept existing FR2 slice [14,14]
[repack] proto=202 pc=52 accept existing FR2 slice [15,15]
[repack] proto=202 pc=56 accept existing FR2 slice [16,16]
[repack] proto=202 pc=60 accept existing FR2 slice [17,17]
[repack] proto=202 pc=64 accept existing FR2 slice [18,18]
[repack] proto=202 pc=68 accept existing FR2 slice [19,19]
[repack] proto=202 pc=79 accept existing FR2 slice [20,20]
[repack] proto=202 pc=83 accept existing FR2 slice [20,20]
[repack] proto=202 pc=87 accept existing FR2 slice [20,20]
[repack] proto=202 pc=91 accept existing FR2 slice [20,21]
[repack] proto=202 pc=94 accept existing FR2 slice [20,20]
[repack] proto=202 pc=137 accept existing FR2 slice [21,21]
[repack] proto=202 pc=142 accept existing FR2 slice [21,22]
[repack] proto=202 pc=146 accept existing FR2 slice [21,22]
[repack] proto=202 pc=150 accept existing FR2 slice [21,22]
[repack] proto=202 pc=154 accept existing FR2 slice [21,22]
[repack] proto=202 pc=158 accept existing FR2 slice [21,22]
[repack] proto=202 pc=162 accept existing FR2 slice [21,22]
[repack] proto=202 pc=165 accept existing FR2 slice [21,21]
[repack] proto=202 pc=170 accept existing FR2 slice [26,27]
[repack] proto=202 pc=175 accept existing FR2 slice [21,21]
[repack] slice fail pc=180 target-at=177 range=[26,27]
[repack] simple-local pick pc=179 op=KPRI def=26 range=[26,27]
[repack] simple-local pick pc=169 op=KPRI def=27 range=[26,27]
[repack] proto=202 pc=180 accept existing FR2 slice [26,27]
[repack] slice fail pc=181 unresolved reg=23 range=[23,24]
[repack] readonly slice retry fail pc=181 read-at=180 op=CALL reg=24 range=[23,24]
[repack] simple-local pick pc=177 op=TGETS def=24 range=[23,24]
[repack] simple-local missing reg=23 range=[23,24]
[repack] slice fail pc=181 interference-at=180 op=CALL reg=24 range=[24,25]
[repack] simple-local pick pc=178 op=MOV def=25 range=[24,25]
[repack] simple-local pick pc=177 op=TGETS def=24 range=[24,25]
[repack] proto=202 pc=181 accept existing FR2 slice [24,25]
[repack] proto=202 pc=185 accept existing FR2 slice [21,21]
[repack] slice fail pc=190 target-at=187 range=[26,27]
[repack] simple-local pick pc=189 op=KPRI def=26 range=[26,27]
[repack] simple-local pick pc=169 op=KPRI def=27 range=[26,27]
[repack] proto=202 pc=190 accept existing FR2 slice [26,27]
[repack] proto=202 pc=197 accept existing FR2 slice [21,21]
[repack] proto=202 pc=212 accept existing FR2 slice [23,23]
[repack] proto=202 pc=235 accept existing FR2 slice [27,28]
[repack] proto=202 pc=241 accept existing FR2 slice [27,30]
[repack] proto=202 pc=247 accept existing FR2 slice [27,30]
[repack] proto=202 pc=253 accept existing FR2 slice [27,30]
[repack] proto=202 pc=259 accept existing FR2 slice [27,30]
[repack] proto=202 pc=265 accept existing FR2 slice [27,30]
[repack] proto=202 pc=271 accept existing FR2 slice [27,30]
[repack] proto=202 pc=277 accept existing FR2 slice [27,30]
[repack] proto=202 pc=283 accept existing FR2 slice [27,30]
[repack] proto=202 pc=289 accept existing FR2 slice [27,30]
[repack] proto=202 pc=295 accept existing FR2 slice [27,30]
[repack] proto=202 pc=301 accept existing FR2 slice [27,30]
[repack] proto=202 pc=307 accept existing FR2 slice [27,30]
[repack] proto=202 pc=313 accept existing FR2 slice [27,30]
[repack] proto=202 pc=319 accept existing FR2 slice [27,30]
[repack] proto=202 pc=325 accept existing FR2 slice [27,30]
[repack] proto=202 pc=331 accept existing FR2 slice [27,30]
[repack] proto=202 pc=337 accept existing FR2 slice [27,30]
[repack] proto=202 pc=343 accept existing FR2 slice [27,30]
[repack] proto=202 pc=349 accept existing FR2 slice [27,30]
[repack] proto=202 pc=355 accept existing FR2 slice [27,30]
[repack] proto=202 pc=361 accept existing FR2 slice [27,30]
[repack] proto=202 pc=367 accept existing FR2 slice [27,30]
[repack] proto=202 pc=373 accept existing FR2 slice [27,30]
[repack] proto=202 pc=379 accept existing FR2 slice [27,30]
[repack] proto=202 pc=385 accept existing FR2 slice [27,30]
[repack] proto=202 pc=391 accept existing FR2 slice [27,30]
[repack] proto=202 pc=397 accept existing FR2 slice [27,30]
[repack] proto=202 pc=403 accept existing FR2 slice [27,30]
[repack] proto=202 pc=409 accept existing FR2 slice [27,30]
[repack] proto=202 pc=415 accept existing FR2 slice [27,30]
[repack] proto=202 pc=421 accept existing FR2 slice [27,30]
[repack] proto=202 pc=427 accept existing FR2 slice [27,30]
[repack] proto=202 pc=433 accept existing FR2 slice [27,30]
[repack] proto=202 pc=439 accept existing FR2 slice [27,30]
[repack] proto=202 pc=445 accept existing FR2 slice [27,30]
[repack] proto=202 pc=448 accept existing FR2 slice [27,27]
[repack] proto=202 pc=455 accept existing FR2 slice [27,30]
[repack] proto=202 pc=458 accept existing FR2 slice [27,27]
[repack] proto=202 pc=465 accept existing FR2 slice [27,30]
[repack] proto=202 pc=471 accept existing FR2 slice [27,30]
[repack] proto=202 pc=477 accept existing FR2 slice [27,30]
[repack] proto=202 pc=483 accept existing FR2 slice [27,30]
[repack] proto=202 pc=489 accept existing FR2 slice [27,30]
[repack] proto=202 pc=495 accept existing FR2 slice [27,30]
[repack] proto=202 pc=501 accept existing FR2 slice [27,30]
[repack] proto=202 pc=507 accept existing FR2 slice [27,30]
[repack] proto=202 pc=513 accept existing FR2 slice [27,30]
[repack] proto=202 pc=519 accept existing FR2 slice [27,30]
[repack] proto=202 pc=525 accept existing FR2 slice [27,30]
[repack] proto=202 pc=531 accept existing FR2 slice [27,30]
[repack] proto=202 pc=537 accept existing FR2 slice [27,30]
[repack] proto=202 pc=543 accept existing FR2 slice [27,30]
[repack] proto=202 pc=550 accept existing FR2 slice [28,31]
[repack] proto=202 pc=556 accept existing FR2 slice [28,31]
[repack] proto=202 pc=562 accept existing FR2 slice [28,31]
[repack] proto=202 pc=568 accept existing FR2 slice [28,31]
[repack] proto=202 pc=574 accept existing FR2 slice [28,31]
[repack] proto=202 pc=580 accept existing FR2 slice [28,31]
[repack] proto=202 pc=586 accept existing FR2 slice [28,31]
[repack] proto=202 pc=592 accept existing FR2 slice [28,31]
[repack] slice fail pc=596 interference-at=592 op=CALL reg=29 range=[28,29]
[repack] simple-local pick pc=595 op=KPRI def=28 range=[28,29]
[repack] simple-local pick pc=590 op=KPRI def=29 range=[28,29]
[repack] proto=202 pc=596 accept existing FR2 slice [28,29]
[repack] proto=202 pc=602 accept existing FR2 slice [28,31]
[repack] slice fail pc=606 interference-at=602 op=CALL reg=29 range=[28,29]
[repack] simple-local pick pc=605 op=KPRI def=28 range=[28,29]
[repack] simple-local pick pc=600 op=KPRI def=29 range=[28,29]
[repack] proto=202 pc=606 accept existing FR2 slice [28,29]
[repack] proto=202 pc=612 accept existing FR2 slice [28,31]
[repack] proto=202 pc=615 accept existing FR2 slice [28,28]
[repack] proto=202 pc=624 accept existing FR2 slice [30,33]
[repack] proto=202 pc=630 accept existing FR2 slice [30,33]
[repack] proto=202 pc=636 accept existing FR2 slice [30,33]
[repack] proto=202 pc=642 accept existing FR2 slice [30,33]
[repack] proto=202 pc=648 accept existing FR2 slice [30,33]
[repack] proto=202 pc=654 accept existing FR2 slice [30,33]
[repack] slice fail pc=658 interference-at=654 op=CALL reg=31 range=[30,31]
[repack] simple-local pick pc=657 op=KPRI def=30 range=[30,31]
[repack] simple-local pick pc=652 op=KPRI def=31 range=[30,31]
[repack] proto=202 pc=658 accept existing FR2 slice [30,31]
[repack] proto=202 pc=664 accept existing FR2 slice [30,33]
[repack] slice fail pc=668 interference-at=664 op=CALL reg=31 range=[30,31]
[repack] simple-local pick pc=667 op=KPRI def=30 range=[30,31]
[repack] simple-local pick pc=662 op=KPRI def=31 range=[30,31]
[repack] proto=202 pc=668 accept existing FR2 slice [30,31]
[repack] proto=202 pc=674 accept existing FR2 slice [30,33]
[repack] slice fail pc=678 interference-at=674 op=CALL reg=31 range=[30,31]
[repack] simple-local pick pc=677 op=KPRI def=30 range=[30,31]
[repack] simple-local pick pc=672 op=KPRI def=31 range=[30,31]
[repack] proto=202 pc=678 accept existing FR2 slice [30,31]
[repack] slice fail pc=682 interference-at=674 op=CALL reg=31 range=[30,31]
[repack] simple-local pick pc=681 op=KPRI def=30 range=[30,31]
[repack] simple-local pick pc=672 op=KPRI def=31 range=[30,31]
[repack] proto=202 pc=682 accept existing FR2 slice [30,31]
[repack] slice fail pc=686 interference-at=674 op=CALL reg=31 range=[30,31]
[repack] simple-local pick pc=685 op=KPRI def=30 range=[30,31]
[repack] simple-local pick pc=672 op=KPRI def=31 range=[30,31]
[repack] proto=202 pc=686 accept existing FR2 slice [30,31]
[repack] slice fail pc=690 interference-at=674 op=CALL reg=31 range=[30,31]
[repack] simple-local pick pc=689 op=KPRI def=30 range=[30,31]
[repack] simple-local pick pc=672 op=KPRI def=31 range=[30,31]
[repack] proto=202 pc=690 accept existing FR2 slice [30,31]
[repack] slice fail pc=694 interference-at=674 op=CALL reg=31 range=[30,31]
[repack] simple-local pick pc=693 op=KPRI def=30 range=[30,31]
[repack] simple-local pick pc=672 op=KPRI def=31 range=[30,31]
[repack] proto=202 pc=694 accept existing FR2 slice [30,31]
[repack] slice fail pc=698 interference-at=674 op=CALL reg=31 range=[30,31]
[repack] simple-local pick pc=697 op=KPRI def=30 range=[30,31]
[repack] simple-local pick pc=672 op=KPRI def=31 range=[30,31]
[repack] proto=202 pc=698 accept existing FR2 slice [30,31]
[repack] slice fail pc=702 interference-at=674 op=CALL reg=31 range=[30,31]
[repack] simple-local pick pc=701 op=KPRI def=30 range=[30,31]
[repack] simple-local pick pc=672 op=KPRI def=31 range=[30,31]
[repack] proto=202 pc=702 accept existing FR2 slice [30,31]
[repack] proto=202 pc=708 accept existing FR2 slice [30,33]
[repack] proto=202 pc=714 accept existing FR2 slice [30,33]
[repack] proto=202 pc=720 accept existing FR2 slice [30,33]
[repack] proto=202 pc=726 accept existing FR2 slice [30,33]
[repack] proto=202 pc=732 accept existing FR2 slice [30,33]
[repack] proto=202 pc=738 accept existing FR2 slice [30,33]
[repack] proto=202 pc=744 accept existing FR2 slice [30,33]
[repack] slice fail pc=748 interference-at=744 op=CALL reg=31 range=[30,31]
[repack] simple-local pick pc=747 op=KPRI def=30 range=[30,31]
[repack] simple-local pick pc=742 op=KPRI def=31 range=[30,31]
[repack] proto=202 pc=748 accept existing FR2 slice [30,31]
[repack] proto=202 pc=754 accept existing FR2 slice [30,33]
[repack] proto=202 pc=760 accept existing FR2 slice [30,33]
[repack] slice fail pc=764 interference-at=760 op=CALL reg=31 range=[30,31]
[repack] simple-local pick pc=763 op=KPRI def=30 range=[30,31]
[repack] simple-local pick pc=758 op=KPRI def=31 range=[30,31]
[repack] proto=202 pc=764 accept existing FR2 slice [30,31]
[repack] proto=202 pc=770 accept existing FR2 slice [30,33]
[repack] proto=202 pc=776 accept existing FR2 slice [30,33]
[repack] proto=202 pc=782 accept existing FR2 slice [30,33]
[repack] proto=202 pc=788 accept existing FR2 slice [30,33]
[repack] slice fail pc=792 interference-at=788 op=CALL reg=31 range=[30,31]
[repack] simple-local pick pc=791 op=KPRI def=30 range=[30,31]
[repack] simple-local pick pc=786 op=KPRI def=31 range=[30,31]
[repack] proto=202 pc=792 accept existing FR2 slice [30,31]
[repack] slice fail pc=796 interference-at=788 op=CALL reg=31 range=[30,31]
[repack] simple-local pick pc=795 op=KPRI def=30 range=[30,31]
[repack] simple-local pick pc=786 op=KPRI def=31 range=[30,31]
[repack] proto=202 pc=796 accept existing FR2 slice [30,31]
[repack] slice fail pc=800 interference-at=788 op=CALL reg=31 range=[30,31]
[repack] simple-local pick pc=799 op=KPRI def=30 range=[30,31]
[repack] simple-local pick pc=786 op=KPRI def=31 range=[30,31]
[repack] proto=202 pc=800 accept existing FR2 slice [30,31]
[repack] proto=202 pc=806 accept existing FR2 slice [30,33]
[repack] proto=202 pc=812 accept existing FR2 slice [30,33]
[repack] proto=202 pc=818 accept existing FR2 slice [30,33]
[repack] proto=202 pc=824 accept existing FR2 slice [30,33]
[repack] proto=202 pc=830 accept existing FR2 slice [30,33]
[repack] proto=202 pc=836 accept existing FR2 slice [30,33]
[repack] proto=202 pc=842 accept existing FR2 slice [30,33]
[repack] proto=202 pc=848 accept existing FR2 slice [30,33]
[repack] proto=202 pc=854 accept existing FR2 slice [30,33]
[repack] slice fail pc=858 interference-at=854 op=CALL reg=31 range=[30,31]
[repack] simple-local pick pc=857 op=KPRI def=30 range=[30,31]
[repack] simple-local pick pc=852 op=KPRI def=31 range=[30,31]
[repack] proto=202 pc=858 accept existing FR2 slice [30,31]
[repack] proto=202 pc=864 accept existing FR2 slice [30,33]
[repack] proto=202 pc=870 accept existing FR2 slice [30,33]
[repack] proto=202 pc=876 accept existing FR2 slice [30,33]
[repack] proto=202 pc=882 accept existing FR2 slice [30,33]
[repack] proto=202 pc=888 accept existing FR2 slice [30,33]
[repack] proto=202 pc=894 accept existing FR2 slice [30,33]
[repack] proto=202 pc=900 accept existing FR2 slice [30,33]
[repack] proto=202 pc=906 accept existing FR2 slice [30,33]
[repack] proto=202 pc=912 accept existing FR2 slice [30,33]
[repack] proto=202 pc=918 accept existing FR2 slice [30,33]
[repack] proto=202 pc=924 accept existing FR2 slice [30,33]
[repack] proto=202 pc=930 accept existing FR2 slice [30,33]
[repack] proto=202 pc=936 accept existing FR2 slice [30,33]
[repack] proto=202 pc=942 accept existing FR2 slice [30,33]
[repack] proto=202 pc=948 accept existing FR2 slice [30,33]
[repack] proto=202 pc=954 accept existing FR2 slice [30,33]
[repack] slice fail pc=958 interference-at=954 op=CALL reg=31 range=[30,31]
[repack] simple-local pick pc=957 op=KPRI def=30 range=[30,31]
[repack] simple-local pick pc=952 op=KPRI def=31 range=[30,31]
[repack] proto=202 pc=958 accept existing FR2 slice [30,31]
[repack] slice fail pc=962 interference-at=954 op=CALL reg=31 range=[30,31]
[repack] simple-local pick pc=961 op=KPRI def=30 range=[30,31]
[repack] simple-local pick pc=952 op=KPRI def=31 range=[30,31]
[repack] proto=202 pc=962 accept existing FR2 slice [30,31]
[repack] proto=202 pc=987 accept existing FR2 slice [30,33]
[repack] proto=202 pc=993 accept existing FR2 slice [30,33]
[repack] proto=202 pc=999 accept existing FR2 slice [30,33]
[repack] proto=202 pc=1005 accept existing FR2 slice [30,33]
[repack] proto=202 pc=1011 accept existing FR2 slice [30,33]
[repack] slice fail pc=1015 interference-at=1011 op=CALL reg=31 range=[30,31]
[repack] simple-local pick pc=1014 op=KPRI def=30 range=[30,31]
[repack] simple-local pick pc=1009 op=KPRI def=31 range=[30,31]
[repack] proto=202 pc=1015 accept existing FR2 slice [30,31]
[repack] proto=202 pc=1021 accept existing FR2 slice [30,33]
[repack] proto=202 pc=1027 accept existing FR2 slice [30,33]
[repack] proto=202 pc=1033 accept existing FR2 slice [30,33]
[repack] slice fail pc=1037 interference-at=1033 op=CALL reg=31 range=[30,31]
[repack] simple-local pick pc=1036 op=KPRI def=30 range=[30,31]
[repack] simple-local pick pc=1031 op=KPRI def=31 range=[30,31]
[repack] proto=202 pc=1037 accept existing FR2 slice [30,31]
[repack] proto=202 pc=1043 accept existing FR2 slice [30,33]
[repack] proto=202 pc=1046 accept existing FR2 slice [30,30]
[repack] proto=202 pc=1052 accept existing FR2 slice [31,34]
[repack] proto=202 pc=1058 accept existing FR2 slice [31,34]
[repack] proto=202 pc=1064 accept existing FR2 slice [31,34]
[repack] proto=202 pc=1070 accept existing FR2 slice [31,34]
[repack] proto=202 pc=1076 accept existing FR2 slice [31,34]
[repack] proto=202 pc=1082 accept existing FR2 slice [31,34]
[repack] proto=202 pc=1088 accept existing FR2 slice [31,34]
[repack] proto=202 pc=1094 accept existing FR2 slice [31,34]
[repack] proto=202 pc=1100 accept existing FR2 slice [31,34]
[repack] proto=202 pc=1106 accept existing FR2 slice [31,34]
[repack] proto=202 pc=1110 accept existing FR2 slice [32,32]
[repack] proto=202 pc=1115 accept existing FR2 slice [31,32]
[repack] proto=202 pc=1121 accept existing FR2 slice [31,34]
[repack] proto=202 pc=1127 accept existing FR2 slice [31,34]
[repack] proto=202 pc=1133 accept existing FR2 slice [31,34]
[repack] proto=202 pc=1139 accept existing FR2 slice [31,34]
[repack] proto=202 pc=1151 accept existing FR2 slice [31,35]
[repack] proto=202 pc=1163 accept existing FR2 slice [31,35]
[repack] proto=202 pc=1175 accept existing FR2 slice [31,35]
[repack] proto=202 pc=1187 accept existing FR2 slice [31,35]
[repack] slice fail pc=1191 interference-at=1187 op=CALL reg=32 range=[31,32]
[repack] simple-local pick pc=1190 op=KPRI def=31 range=[31,32]
[repack] simple-local pick pc=1185 op=MOV def=32 range=[31,32]
[repack] proto=202 pc=1191 accept existing FR2 slice [31,32]
[repack] proto=202 pc=1203 accept existing FR2 slice [31,35]
[repack] proto=202 pc=1215 accept existing FR2 slice [31,35]
[repack] proto=202 pc=1227 accept existing FR2 slice [31,35]
[repack] proto=202 pc=1239 accept existing FR2 slice [31,35]
[repack] proto=202 pc=1251 accept existing FR2 slice [31,35]
[repack] proto=202 pc=1263 accept existing FR2 slice [31,35]
[repack] proto=202 pc=1270 copy-fallback keep legacy-overlap reason=call6-kstr-tdup-fnew-chain old=[30,34] new=[31,35] base=29 nargs=5 b=1
[repack] proto=202 pc=1270 copy-fallback reason=call6-kstr-tdup-fnew-chain insert_pc=1270 count=5 range=[30,34]->[31,35] deferred=0
[rebuild] proto=202 insert_pc=1270 old_proto_total=16888 new_proto_total=16908 old_payload=16885 new_payload=16905 debug_drop=3445
[repack] proto=202 pc=3 accept existing FR2 slice [2,2]
[repack] proto=202 pc=7 accept existing FR2 slice [3,3]
[repack] proto=202 pc=11 accept existing FR2 slice [4,4]
[repack] proto=202 pc=15 accept existing FR2 slice [5,5]
[repack] proto=202 pc=19 accept existing FR2 slice [6,6]
[repack] proto=202 pc=23 accept existing FR2 slice [7,7]
[repack] proto=202 pc=27 accept existing FR2 slice [8,8]
[repack] proto=202 pc=31 accept existing FR2 slice [9,9]
[repack] proto=202 pc=35 accept existing FR2 slice [10,10]
[repack] proto=202 pc=39 accept existing FR2 slice [11,11]
[repack] proto=202 pc=44 accept existing FR2 slice [13,13]
[repack] proto=202 pc=48 accept existing FR2 slice [14,14]
[repack] proto=202 pc=52 accept existing FR2 slice [15,15]
[repack] proto=202 pc=56 accept existing FR2 slice [16,16]
[repack] proto=202 pc=60 accept existing FR2 slice [17,17]
[repack] proto=202 pc=64 accept existing FR2 slice [18,18]
[repack] proto=202 pc=68 accept existing FR2 slice [19,19]
[repack] proto=202 pc=79 accept existing FR2 slice [20,20]
[repack] proto=202 pc=83 accept existing FR2 slice [20,20]
[repack] proto=202 pc=87 accept existing FR2 slice [20,20]
[repack] proto=202 pc=91 accept existing FR2 slice [20,21]
[repack] proto=202 pc=94 accept existing FR2 slice [20,20]
[repack] proto=202 pc=137 accept existing FR2 slice [21,21]
[repack] proto=202 pc=142 accept existing FR2 slice [21,22]
[repack] proto=202 pc=146 accept existing FR2 slice [21,22]
[repack] proto=202 pc=150 accept existing FR2 slice [21,22]
[repack] proto=202 pc=154 accept existing FR2 slice [21,22]
[repack] proto=202 pc=158 accept existing FR2 slice [21,22]
[repack] proto=202 pc=162 accept existing FR2 slice [21,22]
[repack] proto=202 pc=165 accept existing FR2 slice [21,21]
[repack] proto=202 pc=170 accept existing FR2 slice [26,27]
[repack] proto=202 pc=175 accept existing FR2 slice [21,21]
[repack] slice fail pc=180 target-at=177 range=[26,27]
[repack] simple-local pick pc=179 op=KPRI def=26 range=[26,27]
[repack] simple-local pick pc=169 op=KPRI def=27 range=[26,27]
[repack] proto=202 pc=180 accept existing FR2 slice [26,27]
[repack] slice fail pc=181 unresolved reg=23 range=[23,24]
[repack] readonly slice retry fail pc=181 read-at=180 op=CALL reg=24 range=[23,24]
[repack] simple-local pick pc=177 op=TGETS def=24 range=[23,24]
[repack] simple-local missing reg=23 range=[23,24]
[repack] slice fail pc=181 interference-at=180 op=CALL reg=24 range=[24,25]
[repack] simple-local pick pc=178 op=MOV def=25 range=[24,25]
[repack] simple-local pick pc=177 op=TGETS def=24 range=[24,25]
[repack] proto=202 pc=181 accept existing FR2 slice [24,25]
[repack] proto=202 pc=185 accept existing FR2 slice [21,21]
[repack] slice fail pc=190 target-at=187 range=[26,27]
[repack] simple-local pick pc=189 op=KPRI def=26 range=[26,27]
[repack] simple-local pick pc=169 op=KPRI def=27 range=[26,27]
[repack] proto=202 pc=190 accept existing FR2 slice [26,27]
[repack] proto=202 pc=197 accept existing FR2 slice [21,21]
[repack] proto=202 pc=212 accept existing FR2 slice [23,23]
[repack] proto=202 pc=235 accept existing FR2 slice [27,28]
[repack] proto=202 pc=241 accept existing FR2 slice [27,30]
[repack] proto=202 pc=247 accept existing FR2 slice [27,30]
[repack] proto=202 pc=253 accept existing FR2 slice [27,30]
[repack] proto=202 pc=259 accept existing FR2 slice [27,30]
[repack] proto=202 pc=265 accept existing FR2 slice [27,30]
[repack] proto=202 pc=271 accept existing FR2 slice [27,30]
[repack] proto=202 pc=277 accept existing FR2 slice [27,30]
[repack] proto=202 pc=283 accept existing FR2 slice [27,30]
[repack] proto=202 pc=289 accept existing FR2 slice [27,30]
[repack] proto=202 pc=295 accept existing FR2 slice [27,30]
[repack] proto=202 pc=301 accept existing FR2 slice [27,30]
[repack] proto=202 pc=307 accept existing FR2 slice [27,30]
[repack] proto=202 pc=313 accept existing FR2 slice [27,30]
[repack] proto=202 pc=319 accept existing FR2 slice [27,30]
[repack] proto=202 pc=325 accept existing FR2 slice [27,30]
[repack] proto=202 pc=331 accept existing FR2 slice [27,30]
[repack] proto=202 pc=337 accept existing FR2 slice [27,30]
[repack] proto=202 pc=343 accept existing FR2 slice [27,30]
[repack] proto=202 pc=349 accept existing FR2 slice [27,30]
[repack] proto=202 pc=355 accept existing FR2 slice [27,30]
[repack] proto=202 pc=361 accept existing FR2 slice [27,30]
[repack] proto=202 pc=367 accept existing FR2 slice [27,30]
[repack] proto=202 pc=373 accept existing FR2 slice [27,30]
[repack] proto=202 pc=379 accept existing FR2 slice [27,30]
[repack] proto=202 pc=385 accept existing FR2 slice [27,30]
[repack] proto=202 pc=391 accept existing FR2 slice [27,30]
[repack] proto=202 pc=397 accept existing FR2 slice [27,30]
[repack] proto=202 pc=403 accept existing FR2 slice [27,30]
[repack] proto=202 pc=409 accept existing FR2 slice [27,30]
[repack] proto=202 pc=415 accept existing FR2 slice [27,30]
[repack] proto=202 pc=421 accept existing FR2 slice [27,30]
[repack] proto=202 pc=427 accept existing FR2 slice [27,30]
[repack] proto=202 pc=433 accept existing FR2 slice [27,30]
[repack] proto=202 pc=439 accept existing FR2 slice [27,30]
[repack] proto=202 pc=445 accept existing FR2 slice [27,30]
[repack] proto=202 pc=448 accept existing FR2 slice [27,27]
[repack] proto=202 pc=455 accept existing FR2 slice [27,30]
[repack] proto=202 pc=458 accept existing FR2 slice [27,27]
[repack] proto=202 pc=465 accept existing FR2 slice [27,30]
[repack] proto=202 pc=471 accept existing FR2 slice [27,30]
[repack] proto=202 pc=477 accept existing FR2 slice [27,30]
[repack] proto=202 pc=483 accept existing FR2 slice [27,30]
[repack] proto=202 pc=489 accept existing FR2 slice [27,30]
[repack] proto=202 pc=495 accept existing FR2 slice [27,30]
[repack] proto=202 pc=501 accept existing FR2 slice [27,30]
[repack] proto=202 pc=507 accept existing FR2 slice [27,30]
[repack] proto=202 pc=513 accept existing FR2 slice [27,30]
[repack] proto=202 pc=519 accept existing FR2 slice [27,30]
[repack] proto=202 pc=525 accept existing FR2 slice [27,30]
[repack] proto=202 pc=531 accept existing FR2 slice [27,30]
[repack] proto=202 pc=537 accept existing FR2 slice [27,30]
[repack] proto=202 pc=543 accept existing FR2 slice [27,30]
[repack] proto=202 pc=550 accept existing FR2 slice [28,31]
[repack] proto=202 pc=556 accept existing FR2 slice [28,31]
[repack] proto=202 pc=562 accept existing FR2 slice [28,31]
[repack] proto=202 pc=568 accept existing FR2 slice [28,31]
[repack] proto=202 pc=574 accept existing FR2 slice [28,31]
[repack] proto=202 pc=580 accept existing FR2 slice [28,31]
[repack] proto=202 pc=586 accept existing FR2 slice [28,31]
[repack] proto=202 pc=592 accept existing FR2 slice [28,31]
[repack] slice fail pc=596 interference-at=592 op=CALL reg=29 range=[28,29]
[repack] simple-local pick pc=595 op=KPRI def=28 range=[28,29]
[repack] simple-local pick pc=590 op=KPRI def=29 range=[28,29]
[repack] proto=202 pc=596 accept existing FR2 slice [28,29]
[repack] proto=202 pc=602 accept existing FR2 slice [28,31]
[repack] slice fail pc=606 interference-at=602 op=CALL reg=29 range=[28,29]
[repack] simple-local pick pc=605 op=KPRI def=28 range=[28,29]
[repack] simple-local pick pc=600 op=KPRI def=29 range=[28,29]
[repack] proto=202 pc=606 accept existing FR2 slice [28,29]
[repack] proto=202 pc=612 accept existing FR2 slice [28,31]
[repack] proto=202 pc=615 accept existing FR2 slice [28,28]
[repack] proto=202 pc=624 accept existing FR2 slice [30,33]
[repack] proto=202 pc=630 accept existing FR2 slice [30,33]
[repack] proto=202 pc=636 accept existing FR2 slice [30,33]
[repack] proto=202 pc=642 accept existing FR2 slice [30,33]
[repack] proto=202 pc=648 accept existing FR2 slice [30,33]
[repack] proto=202 pc=654 accept existing FR2 slice [30,33]
[repack] slice fail pc=658 interference-at=654 op=CALL reg=31 range=[30,31]
[repack] simple-local pick pc=657 op=KPRI def=30 range=[30,31]
[repack] simple-local pick pc=652 op=KPRI def=31 range=[30,31]
[repack] proto=202 pc=658 accept existing FR2 slice [30,31]
[repack] proto=202 pc=664 accept existing FR2 slice [30,33]
[repack] slice fail pc=668 interference-at=664 op=CALL reg=31 range=[30,31]
[repack] simple-local pick pc=667 op=KPRI def=30 range=[30,31]
[repack] simple-local pick pc=662 op=KPRI def=31 range=[30,31]
[repack] proto=202 pc=668 accept existing FR2 slice [30,31]
[repack] proto=202 pc=674 accept existing FR2 slice [30,33]
[repack] slice fail pc=678 interference-at=674 op=CALL reg=31 range=[30,31]
[repack] simple-local pick pc=677 op=KPRI def=30 range=[30,31]
[repack] simple-local pick pc=672 op=KPRI def=31 range=[30,31]
[repack] proto=202 pc=678 accept existing FR2 slice [30,31]
[repack] slice fail pc=682 interference-at=674 op=CALL reg=31 range=[30,31]
[repack] simple-local pick pc=681 op=KPRI def=30 range=[30,31]
[repack] simple-local pick pc=672 op=KPRI def=31 range=[30,31]
[repack] proto=202 pc=682 accept existing FR2 slice [30,31]
[repack] slice fail pc=686 interference-at=674 op=CALL reg=31 range=[30,31]
[repack] simple-local pick pc=685 op=KPRI def=30 range=[30,31]
[repack] simple-local pick pc=672 op=KPRI def=31 range=[30,31]
[repack] proto=202 pc=686 accept existing FR2 slice [30,31]
[repack] slice fail pc=690 interference-at=674 op=CALL reg=31 range=[30,31]
[repack] simple-local pick pc=689 op=KPRI def=30 range=[30,31]
[repack] simple-local pick pc=672 op=KPRI def=31 range=[30,31]
[repack] proto=202 pc=690 accept existing FR2 slice [30,31]
[repack] slice fail pc=694 interference-at=674 op=CALL reg=31 range=[30,31]
[repack] simple-local pick pc=693 op=KPRI def=30 range=[30,31]
[repack] simple-local pick pc=672 op=KPRI def=31 range=[30,31]
[repack] proto=202 pc=694 accept existing FR2 slice [30,31]
[repack] slice fail pc=698 interference-at=674 op=CALL reg=31 range=[30,31]
[repack] simple-local pick pc=697 op=KPRI def=30 range=[30,31]
[repack] simple-local pick pc=672 op=KPRI def=31 range=[30,31]
[repack] proto=202 pc=698 accept existing FR2 slice [30,31]
[repack] slice fail pc=702 interference-at=674 op=CALL reg=31 range=[30,31]
[repack] simple-local pick pc=701 op=KPRI def=30 range=[30,31]
[repack] simple-local pick pc=672 op=KPRI def=31 range=[30,31]
[repack] proto=202 pc=702 accept existing FR2 slice [30,31]
[repack] proto=202 pc=708 accept existing FR2 slice [30,33]
[repack] proto=202 pc=714 accept existing FR2 slice [30,33]
[repack] proto=202 pc=720 accept existing FR2 slice [30,33]
[repack] proto=202 pc=726 accept existing FR2 slice [30,33]
[repack] proto=202 pc=732 accept existing FR2 slice [30,33]
[repack] proto=202 pc=738 accept existing FR2 slice [30,33]
[repack] proto=202 pc=744 accept existing FR2 slice [30,33]
[repack] slice fail pc=748 interference-at=744 op=CALL reg=31 range=[30,31]
[repack] simple-local pick pc=747 op=KPRI def=30 range=[30,31]
[repack] simple-local pick pc=742 op=KPRI def=31 range=[30,31]
[repack] proto=202 pc=748 accept existing FR2 slice [30,31]
[repack] proto=202 pc=754 accept existing FR2 slice [30,33]
[repack] proto=202 pc=760 accept existing FR2 slice [30,33]
[repack] slice fail pc=764 interference-at=760 op=CALL reg=31 range=[30,31]
[repack] simple-local pick pc=763 op=KPRI def=30 range=[30,31]
[repack] simple-local pick pc=758 op=KPRI def=31 range=[30,31]
[repack] proto=202 pc=764 accept existing FR2 slice [30,31]
[repack] proto=202 pc=770 accept existing FR2 slice [30,33]
[repack] proto=202 pc=776 accept existing FR2 slice [30,33]
[repack] proto=202 pc=782 accept existing FR2 slice [30,33]
[repack] proto=202 pc=788 accept existing FR2 slice [30,33]
[repack] slice fail pc=792 interference-at=788 op=CALL reg=31 range=[30,31]
[repack] simple-local pick pc=791 op=KPRI def=30 range=[30,31]
[repack] simple-local pick pc=786 op=KPRI def=31 range=[30,31]
[repack] proto=202 pc=792 accept existing FR2 slice [30,31]
[repack] slice fail pc=796 interference-at=788 op=CALL reg=31 range=[30,31]
[repack] simple-local pick pc=795 op=KPRI def=30 range=[30,31]
[repack] simple-local pick pc=786 op=KPRI def=31 range=[30,31]
[repack] proto=202 pc=796 accept existing FR2 slice [30,31]
[repack] slice fail pc=800 interference-at=788 op=CALL reg=31 range=[30,31]
[repack] simple-local pick pc=799 op=KPRI def=30 range=[30,31]
[repack] simple-local pick pc=786 op=KPRI def=31 range=[30,31]
[repack] proto=202 pc=800 accept existing FR2 slice [30,31]
[repack] proto=202 pc=806 accept existing FR2 slice [30,33]
[repack] proto=202 pc=812 accept existing FR2 slice [30,33]
[repack] proto=202 pc=818 accept existing FR2 slice [30,33]
[repack] proto=202 pc=824 accept existing FR2 slice [30,33]
[repack] proto=202 pc=830 accept existing FR2 slice [30,33]
[repack] proto=202 pc=836 accept existing FR2 slice [30,33]
[repack] proto=202 pc=842 accept existing FR2 slice [30,33]
[repack] proto=202 pc=848 accept existing FR2 slice [30,33]
[repack] proto=202 pc=854 accept existing FR2 slice [30,33]
[repack] slice fail pc=858 interference-at=854 op=CALL reg=31 range=[30,31]
[repack] simple-local pick pc=857 op=KPRI def=30 range=[30,31]
[repack] simple-local pick pc=852 op=KPRI def=31 range=[30,31]
[repack] proto=202 pc=858 accept existing FR2 slice [30,31]
[repack] proto=202 pc=864 accept existing FR2 slice [30,33]
[repack] proto=202 pc=870 accept existing FR2 slice [30,33]
[repack] proto=202 pc=876 accept existing FR2 slice [30,33]
[repack] proto=202 pc=882 accept existing FR2 slice [30,33]
[repack] proto=202 pc=888 accept existing FR2 slice [30,33]
[repack] proto=202 pc=894 accept existing FR2 slice [30,33]
[repack] proto=202 pc=900 accept existing FR2 slice [30,33]
[repack] proto=202 pc=906 accept existing FR2 slice [30,33]
[repack] proto=202 pc=912 accept existing FR2 slice [30,33]
[repack] proto=202 pc=918 accept existing FR2 slice [30,33]
[repack] proto=202 pc=924 accept existing FR2 slice [30,33]
[repack] proto=202 pc=930 accept existing FR2 slice [30,33]
[repack] proto=202 pc=936 accept existing FR2 slice [30,33]
[repack] proto=202 pc=942 accept existing FR2 slice [30,33]
[repack] proto=202 pc=948 accept existing FR2 slice [30,33]
[repack] proto=202 pc=954 accept existing FR2 slice [30,33]
[repack] slice fail pc=958 interference-at=954 op=CALL reg=31 range=[30,31]
[repack] simple-local pick pc=957 op=KPRI def=30 range=[30,31]
[repack] simple-local pick pc=952 op=KPRI def=31 range=[30,31]
[repack] proto=202 pc=958 accept existing FR2 slice [30,31]
[repack] slice fail pc=962 interference-at=954 op=CALL reg=31 range=[30,31]
[repack] simple-local pick pc=961 op=KPRI def=30 range=[30,31]
[repack] simple-local pick pc=952 op=KPRI def=31 range=[30,31]
[repack] proto=202 pc=962 accept existing FR2 slice [30,31]
[repack] proto=202 pc=987 accept existing FR2 slice [30,33]
[repack] proto=202 pc=993 accept existing FR2 slice [30,33]
[repack] proto=202 pc=999 accept existing FR2 slice [30,33]
[repack] proto=202 pc=1005 accept existing FR2 slice [30,33]
[repack] proto=202 pc=1011 accept existing FR2 slice [30,33]
[repack] slice fail pc=1015 interference-at=1011 op=CALL reg=31 range=[30,31]
[repack] simple-local pick pc=1014 op=KPRI def=30 range=[30,31]
[repack] simple-local pick pc=1009 op=KPRI def=31 range=[30,31]
[repack] proto=202 pc=1015 accept existing FR2 slice [30,31]
[repack] proto=202 pc=1021 accept existing FR2 slice [30,33]
[repack] proto=202 pc=1027 accept existing FR2 slice [30,33]
[repack] proto=202 pc=1033 accept existing FR2 slice [30,33]
[repack] slice fail pc=1037 interference-at=1033 op=CALL reg=31 range=[30,31]
[repack] simple-local pick pc=1036 op=KPRI def=30 range=[30,31]
[repack] simple-local pick pc=1031 op=KPRI def=31 range=[30,31]
[repack] proto=202 pc=1037 accept existing FR2 slice [30,31]
[repack] proto=202 pc=1043 accept existing FR2 slice [30,33]
[repack] proto=202 pc=1046 accept existing FR2 slice [30,30]
[repack] proto=202 pc=1052 accept existing FR2 slice [31,34]
[repack] proto=202 pc=1058 accept existing FR2 slice [31,34]
[repack] proto=202 pc=1064 accept existing FR2 slice [31,34]
[repack] proto=202 pc=1070 accept existing FR2 slice [31,34]
[repack] proto=202 pc=1076 accept existing FR2 slice [31,34]
[repack] proto=202 pc=1082 accept existing FR2 slice [31,34]
[repack] proto=202 pc=1088 accept existing FR2 slice [31,34]
[repack] proto=202 pc=1094 accept existing FR2 slice [31,34]
[repack] proto=202 pc=1100 accept existing FR2 slice [31,34]
[repack] proto=202 pc=1106 accept existing FR2 slice [31,34]
[repack] proto=202 pc=1110 accept existing FR2 slice [32,32]
[repack] proto=202 pc=1115 accept existing FR2 slice [31,32]
[repack] proto=202 pc=1121 accept existing FR2 slice [31,34]
[repack] proto=202 pc=1127 accept existing FR2 slice [31,34]
[repack] proto=202 pc=1133 accept existing FR2 slice [31,34]
[repack] proto=202 pc=1139 accept existing FR2 slice [31,34]
[repack] proto=202 pc=1151 accept existing FR2 slice [31,35]
[repack] proto=202 pc=1163 accept existing FR2 slice [31,35]
[repack] proto=202 pc=1175 accept existing FR2 slice [31,35]
[repack] proto=202 pc=1187 accept existing FR2 slice [31,35]
[repack] slice fail pc=1191 interference-at=1187 op=CALL reg=32 range=[31,32]
[repack] simple-local pick pc=1190 op=KPRI def=31 range=[31,32]
[repack] simple-local pick pc=1185 op=MOV def=32 range=[31,32]
[repack] proto=202 pc=1191 accept existing FR2 slice [31,32]
[repack] proto=202 pc=1203 accept existing FR2 slice [31,35]
[repack] proto=202 pc=1215 accept existing FR2 slice [31,35]
[repack] proto=202 pc=1227 accept existing FR2 slice [31,35]
[repack] proto=202 pc=1239 accept existing FR2 slice [31,35]
[repack] proto=202 pc=1251 accept existing FR2 slice [31,35]
[repack] proto=202 pc=1263 accept existing FR2 slice [31,35]
[repack] proto=202 pc=1275 accept existing FR2 slice [31,35]
[repack] proto=202 pc=1282 copy-fallback keep legacy-overlap reason=call6-kstr-tdup-fnew-chain old=[30,34] new=[31,35] base=29 nargs=5 b=1
[repack] proto=202 pc=1282 copy-fallback reason=call6-kstr-tdup-fnew-chain insert_pc=1282 count=5 range=[30,34]->[31,35] deferred=0
[rebuild] proto=202 insert_pc=1282 old_proto_total=16908 new_proto_total=16928 old_payload=16905 new_payload=16925 debug_drop=3445
[repack] proto=202 pc=3 accept existing FR2 slice [2,2]
[repack] proto=202 pc=7 accept existing FR2 slice [3,3]
[repack] proto=202 pc=11 accept existing FR2 slice [4,4]
[repack] proto=202 pc=15 accept existing FR2 slice [5,5]
[repack] proto=202 pc=19 accept existing FR2 slice [6,6]
[repack] proto=202 pc=23 accept existing FR2 slice [7,7]
[repack] proto=202 pc=27 accept existing FR2 slice [8,8]
[repack] proto=202 pc=31 accept existing FR2 slice [9,9]
[repack] proto=202 pc=35 accept existing FR2 slice [10,10]
[repack] proto=202 pc=39 accept existing FR2 slice [11,11]
[repack] proto=202 pc=44 accept existing FR2 slice [13,13]
[repack] proto=202 pc=48 accept existing FR2 slice [14,14]
[repack] proto=202 pc=52 accept existing FR2 slice [15,15]
[repack] proto=202 pc=56 accept existing FR2 slice [16,16]
[repack] proto=202 pc=60 accept existing FR2 slice [17,17]
[repack] proto=202 pc=64 accept existing FR2 slice [18,18]
[repack] proto=202 pc=68 accept existing FR2 slice [19,19]
[repack] proto=202 pc=79 accept existing FR2 slice [20,20]
[repack] proto=202 pc=83 accept existing FR2 slice [20,20]
[repack] proto=202 pc=87 accept existing FR2 slice [20,20]
[repack] proto=202 pc=91 accept existing FR2 slice [20,21]
[repack] proto=202 pc=94 accept existing FR2 slice [20,20]
[repack] proto=202 pc=137 accept existing FR2 slice [21,21]
[repack] proto=202 pc=142 accept existing FR2 slice [21,22]
[repack] proto=202 pc=146 accept existing FR2 slice [21,22]
[repack] proto=202 pc=150 accept existing FR2 slice [21,22]
[repack] proto=202 pc=154 accept existing FR2 slice [21,22]
[repack] proto=202 pc=158 accept existing FR2 slice [21,22]
[repack] proto=202 pc=162 accept existing FR2 slice [21,22]
[repack] proto=202 pc=165 accept existing FR2 slice [21,21]
[repack] proto=202 pc=170 accept existing FR2 slice [26,27]
[repack] proto=202 pc=175 accept existing FR2 slice [21,21]
[repack] slice fail pc=180 target-at=177 range=[26,27]
[repack] simple-local pick pc=179 op=KPRI def=26 range=[26,27]
[repack] simple-local pick pc=169 op=KPRI def=27 range=[26,27]
[repack] proto=202 pc=180 accept existing FR2 slice [26,27]
[repack] slice fail pc=181 unresolved reg=23 range=[23,24]
[repack] readonly slice retry fail pc=181 read-at=180 op=CALL reg=24 range=[23,24]
[repack] simple-local pick pc=177 op=TGETS def=24 range=[23,24]
[repack] simple-local missing reg=23 range=[23,24]
[repack] slice fail pc=181 interference-at=180 op=CALL reg=24 range=[24,25]
[repack] simple-local pick pc=178 op=MOV def=25 range=[24,25]
[repack] simple-local pick pc=177 op=TGETS def=24 range=[24,25]
[repack] proto=202 pc=181 accept existing FR2 slice [24,25]
[repack] proto=202 pc=185 accept existing FR2 slice [21,21]
[repack] slice fail pc=190 target-at=187 range=[26,27]
[repack] simple-local pick pc=189 op=KPRI def=26 range=[26,27]
[repack] simple-local pick pc=169 op=KPRI def=27 range=[26,27]
[repack] proto=202 pc=190 accept existing FR2 slice [26,27]
[repack] proto=202 pc=197 accept existing FR2 slice [21,21]
[repack] proto=202 pc=212 accept existing FR2 slice [23,23]
[repack] proto=202 pc=235 accept existing FR2 slice [27,28]
[repack] proto=202 pc=241 accept existing FR2 slice [27,30]
[repack] proto=202 pc=247 accept existing FR2 slice [27,30]
[repack] proto=202 pc=253 accept existing FR2 slice [27,30]
[repack] proto=202 pc=259 accept existing FR2 slice [27,30]
[repack] proto=202 pc=265 accept existing FR2 slice [27,30]
[repack] proto=202 pc=271 accept existing FR2 slice [27,30]
[repack] proto=202 pc=277 accept existing FR2 slice [27,30]
[repack] proto=202 pc=283 accept existing FR2 slice [27,30]
[repack] proto=202 pc=289 accept existing FR2 slice [27,30]
[repack] proto=202 pc=295 accept existing FR2 slice [27,30]
[repack] proto=202 pc=301 accept existing FR2 slice [27,30]
[repack] proto=202 pc=307 accept existing FR2 slice [27,30]
[repack] proto=202 pc=313 accept existing FR2 slice [27,30]
[repack] proto=202 pc=319 accept existing FR2 slice [27,30]
[repack] proto=202 pc=325 accept existing FR2 slice [27,30]
[repack] proto=202 pc=331 accept existing FR2 slice [27,30]
[repack] proto=202 pc=337 accept existing FR2 slice [27,30]
[repack] proto=202 pc=343 accept existing FR2 slice [27,30]
[repack] proto=202 pc=349 accept existing FR2 slice [27,30]
[repack] proto=202 pc=355 accept existing FR2 slice [27,30]
[repack] proto=202 pc=361 accept existing FR2 slice [27,30]
[repack] proto=202 pc=367 accept existing FR2 slice [27,30]
[repack] proto=202 pc=373 accept existing FR2 slice [27,30]
[repack] proto=202 pc=379 accept existing FR2 slice [27,30]
[repack] proto=202 pc=385 accept existing FR2 slice [27,30]
[repack] proto=202 pc=391 accept existing FR2 slice [27,30]
[repack] proto=202 pc=397 accept existing FR2 slice [27,30]
[repack] proto=202 pc=403 accept existing FR2 slice [27,30]
[repack] proto=202 pc=409 accept existing FR2 slice [27,30]
[repack] proto=202 pc=415 accept existing FR2 slice [27,30]
[repack] proto=202 pc=421 accept existing FR2 slice [27,30]
[repack] proto=202 pc=427 accept existing FR2 slice [27,30]
[repack] proto=202 pc=433 accept existing FR2 slice [27,30]
[repack] proto=202 pc=439 accept existing FR2 slice [27,30]
[repack] proto=202 pc=445 accept existing FR2 slice [27,30]
[repack] proto=202 pc=448 accept existing FR2 slice [27,27]
[repack] proto=202 pc=455 accept existing FR2 slice [27,30]
[repack] proto=202 pc=458 accept existing FR2 slice [27,27]
[repack] proto=202 pc=465 accept existing FR2 slice [27,30]
[repack] proto=202 pc=471 accept existing FR2 slice [27,30]
[repack] proto=202 pc=477 accept existing FR2 slice [27,30]
[repack] proto=202 pc=483 accept existing FR2 slice [27,30]
[repack] proto=202 pc=489 accept existing FR2 slice [27,30]
[repack] proto=202 pc=495 accept existing FR2 slice [27,30]
[repack] proto=202 pc=501 accept existing FR2 slice [27,30]
[repack] proto=202 pc=507 accept existing FR2 slice [27,30]
[repack] proto=202 pc=513 accept existing FR2 slice [27,30]
[repack] proto=202 pc=519 accept existing FR2 slice [27,30]
[repack] proto=202 pc=525 accept existing FR2 slice [27,30]
[repack] proto=202 pc=531 accept existing FR2 slice [27,30]
[repack] proto=202 pc=537 accept existing FR2 slice [27,30]
[repack] proto=202 pc=543 accept existing FR2 slice [27,30]
[repack] proto=202 pc=550 accept existing FR2 slice [28,31]
[repack] proto=202 pc=556 accept existing FR2 slice [28,31]
[repack] proto=202 pc=562 accept existing FR2 slice [28,31]
[repack] proto=202 pc=568 accept existing FR2 slice [28,31]
[repack] proto=202 pc=574 accept existing FR2 slice [28,31]
[repack] proto=202 pc=580 accept existing FR2 slice [28,31]
[repack] proto=202 pc=586 accept existing FR2 slice [28,31]
[repack] proto=202 pc=592 accept existing FR2 slice [28,31]
[repack] slice fail pc=596 interference-at=592 op=CALL reg=29 range=[28,29]
[repack] simple-local pick pc=595 op=KPRI def=28 range=[28,29]
[repack] simple-local pick pc=590 op=KPRI def=29 range=[28,29]
[repack] proto=202 pc=596 accept existing FR2 slice [28,29]
[repack] proto=202 pc=602 accept existing FR2 slice [28,31]
[repack] slice fail pc=606 interference-at=602 op=CALL reg=29 range=[28,29]
[repack] simple-local pick pc=605 op=KPRI def=28 range=[28,29]
[repack] simple-local pick pc=600 op=KPRI def=29 range=[28,29]
[repack] proto=202 pc=606 accept existing FR2 slice [28,29]
[repack] proto=202 pc=612 accept existing FR2 slice [28,31]
[repack] proto=202 pc=615 accept existing FR2 slice [28,28]
[repack] proto=202 pc=624 accept existing FR2 slice [30,33]
[repack] proto=202 pc=630 accept existing FR2 slice [30,33]
[repack] proto=202 pc=636 accept existing FR2 slice [30,33]
[repack] proto=202 pc=642 accept existing FR2 slice [30,33]
[repack] proto=202 pc=648 accept existing FR2 slice [30,33]
[repack] proto=202 pc=654 accept existing FR2 slice [30,33]
[repack] slice fail pc=658 interference-at=654 op=CALL reg=31 range=[30,31]
[repack] simple-local pick pc=657 op=KPRI def=30 range=[30,31]
[repack] simple-local pick pc=652 op=KPRI def=31 range=[30,31]
[repack] proto=202 pc=658 accept existing FR2 slice [30,31]
[repack] proto=202 pc=664 accept existing FR2 slice [30,33]
[repack] slice fail pc=668 interference-at=664 op=CALL reg=31 range=[30,31]
[repack] simple-local pick pc=667 op=KPRI def=30 range=[30,31]
[repack] simple-local pick pc=662 op=KPRI def=31 range=[30,31]
[repack] proto=202 pc=668 accept existing FR2 slice [30,31]
[repack] proto=202 pc=674 accept existing FR2 slice [30,33]
[repack] slice fail pc=678 interference-at=674 op=CALL reg=31 range=[30,31]
[repack] simple-local pick pc=677 op=KPRI def=30 range=[30,31]
[repack] simple-local pick pc=672 op=KPRI def=31 range=[30,31]
[repack] proto=202 pc=678 accept existing FR2 slice [30,31]
[repack] slice fail pc=682 interference-at=674 op=CALL reg=31 range=[30,31]
[repack] simple-local pick pc=681 op=KPRI def=30 range=[30,31]
[repack] simple-local pick pc=672 op=KPRI def=31 range=[30,31]
[repack] proto=202 pc=682 accept existing FR2 slice [30,31]
[repack] slice fail pc=686 interference-at=674 op=CALL reg=31 range=[30,31]
[repack] simple-local pick pc=685 op=KPRI def=30 range=[30,31]
[repack] simple-local pick pc=672 op=KPRI def=31 range=[30,31]
[repack] proto=202 pc=686 accept existing FR2 slice [30,31]
[repack] slice fail pc=690 interference-at=674 op=CALL reg=31 range=[30,31]
[repack] simple-local pick pc=689 op=KPRI def=30 range=[30,31]
[repack] simple-local pick pc=672 op=KPRI def=31 range=[30,31]
[repack] proto=202 pc=690 accept existing FR2 slice [30,31]
[repack] slice fail pc=694 interference-at=674 op=CALL reg=31 range=[30,31]
[repack] simple-local pick pc=693 op=KPRI def=30 range=[30,31]
[repack] simple-local pick pc=672 op=KPRI def=31 range=[30,31]
[repack] proto=202 pc=694 accept existing FR2 slice [30,31]
[repack] slice fail pc=698 interference-at=674 op=CALL reg=31 range=[30,31]
[repack] simple-local pick pc=697 op=KPRI def=30 range=[30,31]
[repack] simple-local pick pc=672 op=KPRI def=31 range=[30,31]
[repack] proto=202 pc=698 accept existing FR2 slice [30,31]
[repack] slice fail pc=702 interference-at=674 op=CALL reg=31 range=[30,31]
[repack] simple-local pick pc=701 op=KPRI def=30 range=[30,31]
[repack] simple-local pick pc=672 op=KPRI def=31 range=[30,31]
[repack] proto=202 pc=702 accept existing FR2 slice [30,31]
[repack] proto=202 pc=708 accept existing FR2 slice [30,33]
[repack] proto=202 pc=714 accept existing FR2 slice [30,33]
[repack] proto=202 pc=720 accept existing FR2 slice [30,33]
[repack] proto=202 pc=726 accept existing FR2 slice [30,33]
[repack] proto=202 pc=732 accept existing FR2 slice [30,33]
[repack] proto=202 pc=738 accept existing FR2 slice [30,33]
[repack] proto=202 pc=744 accept existing FR2 slice [30,33]
[repack] slice fail pc=748 interference-at=744 op=CALL reg=31 range=[30,31]
[repack] simple-local pick pc=747 op=KPRI def=30 range=[30,31]
[repack] simple-local pick pc=742 op=KPRI def=31 range=[30,31]
[repack] proto=202 pc=748 accept existing FR2 slice [30,31]
[repack] proto=202 pc=754 accept existing FR2 slice [30,33]
[repack] proto=202 pc=760 accept existing FR2 slice [30,33]
[repack] slice fail pc=764 interference-at=760 op=CALL reg=31 range=[30,31]
[repack] simple-local pick pc=763 op=KPRI def=30 range=[30,31]
[repack] simple-local pick pc=758 op=KPRI def=31 range=[30,31]
[repack] proto=202 pc=764 accept existing FR2 slice [30,31]
[repack] proto=202 pc=770 accept existing FR2 slice [30,33]
[repack] proto=202 pc=776 accept existing FR2 slice [30,33]
[repack] proto=202 pc=782 accept existing FR2 slice [30,33]
[repack] proto=202 pc=788 accept existing FR2 slice [30,33]
[repack] slice fail pc=792 interference-at=788 op=CALL reg=31 range=[30,31]
[repack] simple-local pick pc=791 op=KPRI def=30 range=[30,31]
[repack] simple-local pick pc=786 op=KPRI def=31 range=[30,31]
[repack] proto=202 pc=792 accept existing FR2 slice [30,31]
[repack] slice fail pc=796 interference-at=788 op=CALL reg=31 range=[30,31]
[repack] simple-local pick pc=795 op=KPRI def=30 range=[30,31]
[repack] simple-local pick pc=786 op=KPRI def=31 range=[30,31]
[repack] proto=202 pc=796 accept existing FR2 slice [30,31]
[repack] slice fail pc=800 interference-at=788 op=CALL reg=31 range=[30,31]
[repack] simple-local pick pc=799 op=KPRI def=30 range=[30,31]
[repack] simple-local pick pc=786 op=KPRI def=31 range=[30,31]
[repack] proto=202 pc=800 accept existing FR2 slice [30,31]
[repack] proto=202 pc=806 accept existing FR2 slice [30,33]
[repack] proto=202 pc=812 accept existing FR2 slice [30,33]
[repack] proto=202 pc=818 accept existing FR2 slice [30,33]
[repack] proto=202 pc=824 accept existing FR2 slice [30,33]
[repack] proto=202 pc=830 accept existing FR2 slice [30,33]
[repack] proto=202 pc=836 accept existing FR2 slice [30,33]
[repack] proto=202 pc=842 accept existing FR2 slice [30,33]
[repack] proto=202 pc=848 accept existing FR2 slice [30,33]
[repack] proto=202 pc=854 accept existing FR2 slice [30,33]
[repack] slice fail pc=858 interference-at=854 op=CALL reg=31 range=[30,31]
[repack] simple-local pick pc=857 op=KPRI def=30 range=[30,31]
[repack] simple-local pick pc=852 op=KPRI def=31 range=[30,31]
[repack] proto=202 pc=858 accept existing FR2 slice [30,31]
[repack] proto=202 pc=864 accept existing FR2 slice [30,33]
[repack] proto=202 pc=870 accept existing FR2 slice [30,33]
[repack] proto=202 pc=876 accept existing FR2 slice [30,33]
[repack] proto=202 pc=882 accept existing FR2 slice [30,33]
[repack] proto=202 pc=888 accept existing FR2 slice [30,33]
[repack] proto=202 pc=894 accept existing FR2 slice [30,33]
[repack] proto=202 pc=900 accept existing FR2 slice [30,33]
[repack] proto=202 pc=906 accept existing FR2 slice [30,33]
[repack] proto=202 pc=912 accept existing FR2 slice [30,33]
[repack] proto=202 pc=918 accept existing FR2 slice [30,33]
[repack] proto=202 pc=924 accept existing FR2 slice [30,33]
[repack] proto=202 pc=930 accept existing FR2 slice [30,33]
[repack] proto=202 pc=936 accept existing FR2 slice [30,33]
[repack] proto=202 pc=942 accept existing FR2 slice [30,33]
[repack] proto=202 pc=948 accept existing FR2 slice [30,33]
[repack] proto=202 pc=954 accept existing FR2 slice [30,33]
[repack] slice fail pc=958 interference-at=954 op=CALL reg=31 range=[30,31]
[repack] simple-local pick pc=957 op=KPRI def=30 range=[30,31]
[repack] simple-local pick pc=952 op=KPRI def=31 range=[30,31]
[repack] proto=202 pc=958 accept existing FR2 slice [30,31]
[repack] slice fail pc=962 interference-at=954 op=CALL reg=31 range=[30,31]
[repack] simple-local pick pc=961 op=KPRI def=30 range=[30,31]
[repack] simple-local pick pc=952 op=KPRI def=31 range=[30,31]
[repack] proto=202 pc=962 accept existing FR2 slice [30,31]
[repack] proto=202 pc=987 accept existing FR2 slice [30,33]
[repack] proto=202 pc=993 accept existing FR2 slice [30,33]
[repack] proto=202 pc=999 accept existing FR2 slice [30,33]
[repack] proto=202 pc=1005 accept existing FR2 slice [30,33]
[repack] proto=202 pc=1011 accept existing FR2 slice [30,33]
[repack] slice fail pc=1015 interference-at=1011 op=CALL reg=31 range=[30,31]
[repack] simple-local pick pc=1014 op=KPRI def=30 range=[30,31]
[repack] simple-local pick pc=1009 op=KPRI def=31 range=[30,31]
[repack] proto=202 pc=1015 accept existing FR2 slice [30,31]
[repack] proto=202 pc=1021 accept existing FR2 slice [30,33]
[repack] proto=202 pc=1027 accept existing FR2 slice [30,33]
[repack] proto=202 pc=1033 accept existing FR2 slice [30,33]
[repack] slice fail pc=1037 interference-at=1033 op=CALL reg=31 range=[30,31]
[repack] simple-local pick pc=1036 op=KPRI def=30 range=[30,31]
[repack] simple-local pick pc=1031 op=KPRI def=31 range=[30,31]
[repack] proto=202 pc=1037 accept existing FR2 slice [30,31]
[repack] proto=202 pc=1043 accept existing FR2 slice [30,33]
[repack] proto=202 pc=1046 accept existing FR2 slice [30,30]
[repack] proto=202 pc=1052 accept existing FR2 slice [31,34]
[repack] proto=202 pc=1058 accept existing FR2 slice [31,34]
[repack] proto=202 pc=1064 accept existing FR2 slice [31,34]
[repack] proto=202 pc=1070 accept existing FR2 slice [31,34]
[repack] proto=202 pc=1076 accept existing FR2 slice [31,34]
[repack] proto=202 pc=1082 accept existing FR2 slice [31,34]
[repack] proto=202 pc=1088 accept existing FR2 slice [31,34]
[repack] proto=202 pc=1094 accept existing FR2 slice [31,34]
[repack] proto=202 pc=1100 accept existing FR2 slice [31,34]
[repack] proto=202 pc=1106 accept existing FR2 slice [31,34]
[repack] proto=202 pc=1110 accept existing FR2 slice [32,32]
[repack] proto=202 pc=1115 accept existing FR2 slice [31,32]
[repack] proto=202 pc=1121 accept existing FR2 slice [31,34]
[repack] proto=202 pc=1127 accept existing FR2 slice [31,34]
[repack] proto=202 pc=1133 accept existing FR2 slice [31,34]
[repack] proto=202 pc=1139 accept existing FR2 slice [31,34]
[repack] proto=202 pc=1151 accept existing FR2 slice [31,35]
[repack] proto=202 pc=1163 accept existing FR2 slice [31,35]
[repack] proto=202 pc=1175 accept existing FR2 slice [31,35]
[repack] proto=202 pc=1187 accept existing FR2 slice [31,35]
[repack] slice fail pc=1191 interference-at=1187 op=CALL reg=32 range=[31,32]
[repack] simple-local pick pc=1190 op=KPRI def=31 range=[31,32]
[repack] simple-local pick pc=1185 op=MOV def=32 range=[31,32]
[repack] proto=202 pc=1191 accept existing FR2 slice [31,32]
[repack] proto=202 pc=1203 accept existing FR2 slice [31,35]
[repack] proto=202 pc=1215 accept existing FR2 slice [31,35]
[repack] proto=202 pc=1227 accept existing FR2 slice [31,35]
[repack] proto=202 pc=1239 accept existing FR2 slice [31,35]
[repack] proto=202 pc=1251 accept existing FR2 slice [31,35]
[repack] proto=202 pc=1263 accept existing FR2 slice [31,35]
[repack] proto=202 pc=1275 accept existing FR2 slice [31,35]
[repack] proto=202 pc=1287 accept existing FR2 slice [31,35]
[repack] proto=202 pc=1294 copy-fallback keep legacy-overlap reason=call6-kstr-tdup-fnew-chain old=[30,34] new=[31,35] base=29 nargs=5 b=1
[repack] proto=202 pc=1294 copy-fallback reason=call6-kstr-tdup-fnew-chain insert_pc=1294 count=5 range=[30,34]->[31,35] deferred=0
[rebuild] proto=202 insert_pc=1294 old_proto_total=16928 new_proto_total=16948 old_payload=16925 new_payload=16945 debug_drop=3445
[repack] proto=202 pc=3 accept existing FR2 slice [2,2]
[repack] proto=202 pc=7 accept existing FR2 slice [3,3]
[repack] proto=202 pc=11 accept existing FR2 slice [4,4]
[repack] proto=202 pc=15 accept existing FR2 slice [5,5]
[repack] proto=202 pc=19 accept existing FR2 slice [6,6]
[repack] proto=202 pc=23 accept existing FR2 slice [7,7]
[repack] proto=202 pc=27 accept existing FR2 slice [8,8]
[repack] proto=202 pc=31 accept existing FR2 slice [9,9]
[repack] proto=202 pc=35 accept existing FR2 slice [10,10]
[repack] proto=202 pc=39 accept existing FR2 slice [11,11]
[repack] proto=202 pc=44 accept existing FR2 slice [13,13]
[repack] proto=202 pc=48 accept existing FR2 slice [14,14]
[repack] proto=202 pc=52 accept existing FR2 slice [15,15]
[repack] proto=202 pc=56 accept existing FR2 slice [16,16]
[repack] proto=202 pc=60 accept existing FR2 slice [17,17]
[repack] proto=202 pc=64 accept existing FR2 slice [18,18]
[repack] proto=202 pc=68 accept existing FR2 slice [19,19]
[repack] proto=202 pc=79 accept existing FR2 slice [20,20]
[repack] proto=202 pc=83 accept existing FR2 slice [20,20]
[repack] proto=202 pc=87 accept existing FR2 slice [20,20]
[repack] proto=202 pc=91 accept existing FR2 slice [20,21]
[repack] proto=202 pc=94 accept existing FR2 slice [20,20]
[repack] proto=202 pc=137 accept existing FR2 slice [21,21]
[repack] proto=202 pc=142 accept existing FR2 slice [21,22]
[repack] proto=202 pc=146 accept existing FR2 slice [21,22]
[repack] proto=202 pc=150 accept existing FR2 slice [21,22]
[repack] proto=202 pc=154 accept existing FR2 slice [21,22]
[repack] proto=202 pc=158 accept existing FR2 slice [21,22]
[repack] proto=202 pc=162 accept existing FR2 slice [21,22]
[repack] proto=202 pc=165 accept existing FR2 slice [21,21]
[repack] proto=202 pc=170 accept existing FR2 slice [26,27]
[repack] proto=202 pc=175 accept existing FR2 slice [21,21]
[repack] slice fail pc=180 target-at=177 range=[26,27]
[repack] simple-local pick pc=179 op=KPRI def=26 range=[26,27]
[repack] simple-local pick pc=169 op=KPRI def=27 range=[26,27]
[repack] proto=202 pc=180 accept existing FR2 slice [26,27]
[repack] slice fail pc=181 unresolved reg=23 range=[23,24]
[repack] readonly slice retry fail pc=181 read-at=180 op=CALL reg=24 range=[23,24]
[repack] simple-local pick pc=177 op=TGETS def=24 range=[23,24]
[repack] simple-local missing reg=23 range=[23,24]
[repack] slice fail pc=181 interference-at=180 op=CALL reg=24 range=[24,25]
[repack] simple-local pick pc=178 op=MOV def=25 range=[24,25]
[repack] simple-local pick pc=177 op=TGETS def=24 range=[24,25]
[repack] proto=202 pc=181 accept existing FR2 slice [24,25]
[repack] proto=202 pc=185 accept existing FR2 slice [21,21]
[repack] slice fail pc=190 target-at=187 range=[26,27]
[repack] simple-local pick pc=189 op=KPRI def=26 range=[26,27]
[repack] simple-local pick pc=169 op=KPRI def=27 range=[26,27]
[repack] proto=202 pc=190 accept existing FR2 slice [26,27]
[repack] proto=202 pc=197 accept existing FR2 slice [21,21]
[repack] proto=202 pc=212 accept existing FR2 slice [23,23]
[repack] proto=202 pc=235 accept existing FR2 slice [27,28]
[repack] proto=202 pc=241 accept existing FR2 slice [27,30]
[repack] proto=202 pc=247 accept existing FR2 slice [27,30]
[repack] proto=202 pc=253 accept existing FR2 slice [27,30]
[repack] proto=202 pc=259 accept existing FR2 slice [27,30]
[repack] proto=202 pc=265 accept existing FR2 slice [27,30]
[repack] proto=202 pc=271 accept existing FR2 slice [27,30]
[repack] proto=202 pc=277 accept existing FR2 slice [27,30]
[repack] proto=202 pc=283 accept existing FR2 slice [27,30]
[repack] proto=202 pc=289 accept existing FR2 slice [27,30]
[repack] proto=202 pc=295 accept existing FR2 slice [27,30]
[repack] proto=202 pc=301 accept existing FR2 slice [27,30]
[repack] proto=202 pc=307 accept existing FR2 slice [27,30]
[repack] proto=202 pc=313 accept existing FR2 slice [27,30]
[repack] proto=202 pc=319 accept existing FR2 slice [27,30]
[repack] proto=202 pc=325 accept existing FR2 slice [27,30]
[repack] proto=202 pc=331 accept existing FR2 slice [27,30]
[repack] proto=202 pc=337 accept existing FR2 slice [27,30]
[repack] proto=202 pc=343 accept existing FR2 slice [27,30]
[repack] proto=202 pc=349 accept existing FR2 slice [27,30]
[repack] proto=202 pc=355 accept existing FR2 slice [27,30]
[repack] proto=202 pc=361 accept existing FR2 slice [27,30]
[repack] proto=202 pc=367 accept existing FR2 slice [27,30]
[repack] proto=202 pc=373 accept existing FR2 slice [27,30]
[repack] proto=202 pc=379 accept existing FR2 slice [27,30]
[repack] proto=202 pc=385 accept existing FR2 slice [27,30]
[repack] proto=202 pc=391 accept existing FR2 slice [27,30]
[repack] proto=202 pc=397 accept existing FR2 slice [27,30]
[repack] proto=202 pc=403 accept existing FR2 slice [27,30]
[repack] proto=202 pc=409 accept existing FR2 slice [27,30]
[repack] proto=202 pc=415 accept existing FR2 slice [27,30]
[repack] proto=202 pc=421 accept existing FR2 slice [27,30]
[repack] proto=202 pc=427 accept existing FR2 slice [27,30]
[repack] proto=202 pc=433 accept existing FR2 slice [27,30]
[repack] proto=202 pc=439 accept existing FR2 slice [27,30]
[repack] proto=202 pc=445 accept existing FR2 slice [27,30]
[repack] proto=202 pc=448 accept existing FR2 slice [27,27]
[repack] proto=202 pc=455 accept existing FR2 slice [27,30]
[repack] proto=202 pc=458 accept existing FR2 slice [27,27]
[repack] proto=202 pc=465 accept existing FR2 slice [27,30]
[repack] proto=202 pc=471 accept existing FR2 slice [27,30]
[repack] proto=202 pc=477 accept existing FR2 slice [27,30]
[repack] proto=202 pc=483 accept existing FR2 slice [27,30]
[repack] proto=202 pc=489 accept existing FR2 slice [27,30]
[repack] proto=202 pc=495 accept existing FR2 slice [27,30]
[repack] proto=202 pc=501 accept existing FR2 slice [27,30]
[repack] proto=202 pc=507 accept existing FR2 slice [27,30]
[repack] proto=202 pc=513 accept existing FR2 slice [27,30]
[repack] proto=202 pc=519 accept existing FR2 slice [27,30]
[repack] proto=202 pc=525 accept existing FR2 slice [27,30]
[repack] proto=202 pc=531 accept existing FR2 slice [27,30]
[repack] proto=202 pc=537 accept existing FR2 slice [27,30]
[repack] proto=202 pc=543 accept existing FR2 slice [27,30]
[repack] proto=202 pc=550 accept existing FR2 slice [28,31]
[repack] proto=202 pc=556 accept existing FR2 slice [28,31]
[repack] proto=202 pc=562 accept existing FR2 slice [28,31]
[repack] proto=202 pc=568 accept existing FR2 slice [28,31]
[repack] proto=202 pc=574 accept existing FR2 slice [28,31]
[repack] proto=202 pc=580 accept existing FR2 slice [28,31]
[repack] proto=202 pc=586 accept existing FR2 slice [28,31]
[repack] proto=202 pc=592 accept existing FR2 slice [28,31]
[repack] slice fail pc=596 interference-at=592 op=CALL reg=29 range=[28,29]
[repack] simple-local pick pc=595 op=KPRI def=28 range=[28,29]
[repack] simple-local pick pc=590 op=KPRI def=29 range=[28,29]
[repack] proto=202 pc=596 accept existing FR2 slice [28,29]
[repack] proto=202 pc=602 accept existing FR2 slice [28,31]
[repack] slice fail pc=606 interference-at=602 op=CALL reg=29 range=[28,29]
[repack] simple-local pick pc=605 op=KPRI def=28 range=[28,29]
[repack] simple-local pick pc=600 op=KPRI def=29 range=[28,29]
[repack] proto=202 pc=606 accept existing FR2 slice [28,29]
[repack] proto=202 pc=612 accept existing FR2 slice [28,31]
[repack] proto=202 pc=615 accept existing FR2 slice [28,28]
[repack] proto=202 pc=624 accept existing FR2 slice [30,33]
[repack] proto=202 pc=630 accept existing FR2 slice [30,33]
[repack] proto=202 pc=636 accept existing FR2 slice [30,33]
[repack] proto=202 pc=642 accept existing FR2 slice [30,33]
[repack] proto=202 pc=648 accept existing FR2 slice [30,33]
[repack] proto=202 pc=654 accept existing FR2 slice [30,33]
[repack] slice fail pc=658 interference-at=654 op=CALL reg=31 range=[30,31]
[repack] simple-local pick pc=657 op=KPRI def=30 range=[30,31]
[repack] simple-local pick pc=652 op=KPRI def=31 range=[30,31]
[repack] proto=202 pc=658 accept existing FR2 slice [30,31]
[repack] proto=202 pc=664 accept existing FR2 slice [30,33]
[repack] slice fail pc=668 interference-at=664 op=CALL reg=31 range=[30,31]
[repack] simple-local pick pc=667 op=KPRI def=30 range=[30,31]
[repack] simple-local pick pc=662 op=KPRI def=31 range=[30,31]
[repack] proto=202 pc=668 accept existing FR2 slice [30,31]
[repack] proto=202 pc=674 accept existing FR2 slice [30,33]
[repack] slice fail pc=678 interference-at=674 op=CALL reg=31 range=[30,31]
[repack] simple-local pick pc=677 op=KPRI def=30 range=[30,31]
[repack] simple-local pick pc=672 op=KPRI def=31 range=[30,31]
[repack] proto=202 pc=678 accept existing FR2 slice [30,31]
[repack] slice fail pc=682 interference-at=674 op=CALL reg=31 range=[30,31]
[repack] simple-local pick pc=681 op=KPRI def=30 range=[30,31]
[repack] simple-local pick pc=672 op=KPRI def=31 range=[30,31]
[repack] proto=202 pc=682 accept existing FR2 slice [30,31]
[repack] slice fail pc=686 interference-at=674 op=CALL reg=31 range=[30,31]
[repack] simple-local pick pc=685 op=KPRI def=30 range=[30,31]
[repack] simple-local pick pc=672 op=KPRI def=31 range=[30,31]
[repack] proto=202 pc=686 accept existing FR2 slice [30,31]
[repack] slice fail pc=690 interference-at=674 op=CALL reg=31 range=[30,31]
[repack] simple-local pick pc=689 op=KPRI def=30 range=[30,31]
[repack] simple-local pick pc=672 op=KPRI def=31 range=[30,31]
[repack] proto=202 pc=690 accept existing FR2 slice [30,31]
[repack] slice fail pc=694 interference-at=674 op=CALL reg=31 range=[30,31]
[repack] simple-local pick pc=693 op=KPRI def=30 range=[30,31]
[repack] simple-local pick pc=672 op=KPRI def=31 range=[30,31]
[repack] proto=202 pc=694 accept existing FR2 slice [30,31]
[repack] slice fail pc=698 interference-at=674 op=CALL reg=31 range=[30,31]
[repack] simple-local pick pc=697 op=KPRI def=30 range=[30,31]
[repack] simple-local pick pc=672 op=KPRI def=31 range=[30,31]
[repack] proto=202 pc=698 accept existing FR2 slice [30,31]
[repack] slice fail pc=702 interference-at=674 op=CALL reg=31 range=[30,31]
[repack] simple-local pick pc=701 op=KPRI def=30 range=[30,31]
[repack] simple-local pick pc=672 op=KPRI def=31 range=[30,31]
[repack] proto=202 pc=702 accept existing FR2 slice [30,31]
[repack] proto=202 pc=708 accept existing FR2 slice [30,33]
[repack] proto=202 pc=714 accept existing FR2 slice [30,33]
[repack] proto=202 pc=720 accept existing FR2 slice [30,33]
[repack] proto=202 pc=726 accept existing FR2 slice [30,33]
[repack] proto=202 pc=732 accept existing FR2 slice [30,33]
[repack] proto=202 pc=738 accept existing FR2 slice [30,33]
[repack] proto=202 pc=744 accept existing FR2 slice [30,33]
[repack] slice fail pc=748 interference-at=744 op=CALL reg=31 range=[30,31]
[repack] simple-local pick pc=747 op=KPRI def=30 range=[30,31]
[repack] simple-local pick pc=742 op=KPRI def=31 range=[30,31]
[repack] proto=202 pc=748 accept existing FR2 slice [30,31]
[repack] proto=202 pc=754 accept existing FR2 slice [30,33]
[repack] proto=202 pc=760 accept existing FR2 slice [30,33]
[repack] slice fail pc=764 interference-at=760 op=CALL reg=31 range=[30,31]
[repack] simple-local pick pc=763 op=KPRI def=30 range=[30,31]
[repack] simple-local pick pc=758 op=KPRI def=31 range=[30,31]
[repack] proto=202 pc=764 accept existing FR2 slice [30,31]
[repack] proto=202 pc=770 accept existing FR2 slice [30,33]
[repack] proto=202 pc=776 accept existing FR2 slice [30,33]
[repack] proto=202 pc=782 accept existing FR2 slice [30,33]
[repack] proto=202 pc=788 accept existing FR2 slice [30,33]
[repack] slice fail pc=792 interference-at=788 op=CALL reg=31 range=[30,31]
[repack] simple-local pick pc=791 op=KPRI def=30 range=[30,31]
[repack] simple-local pick pc=786 op=KPRI def=31 range=[30,31]
[repack] proto=202 pc=792 accept existing FR2 slice [30,31]
[repack] slice fail pc=796 interference-at=788 op=CALL reg=31 range=[30,31]
[repack] simple-local pick pc=795 op=KPRI def=30 range=[30,31]
[repack] simple-local pick pc=786 op=KPRI def=31 range=[30,31]
[repack] proto=202 pc=796 accept existing FR2 slice [30,31]
[repack] slice fail pc=800 interference-at=788 op=CALL reg=31 range=[30,31]
[repack] simple-local pick pc=799 op=KPRI def=30 range=[30,31]
[repack] simple-local pick pc=786 op=KPRI def=31 range=[30,31]
[repack] proto=202 pc=800 accept existing FR2 slice [30,31]
[repack] proto=202 pc=806 accept existing FR2 slice [30,33]
[repack] proto=202 pc=812 accept existing FR2 slice [30,33]
[repack] proto=202 pc=818 accept existing FR2 slice [30,33]
[repack] proto=202 pc=824 accept existing FR2 slice [30,33]
[repack] proto=202 pc=830 accept existing FR2 slice [30,33]
[repack] proto=202 pc=836 accept existing FR2 slice [30,33]
[repack] proto=202 pc=842 accept existing FR2 slice [30,33]
[repack] proto=202 pc=848 accept existing FR2 slice [30,33]
[repack] proto=202 pc=854 accept existing FR2 slice [30,33]
[repack] slice fail pc=858 interference-at=854 op=CALL reg=31 range=[30,31]
[repack] simple-local pick pc=857 op=KPRI def=30 range=[30,31]
[repack] simple-local pick pc=852 op=KPRI def=31 range=[30,31]
[repack] proto=202 pc=858 accept existing FR2 slice [30,31]
[repack] proto=202 pc=864 accept existing FR2 slice [30,33]
[repack] proto=202 pc=870 accept existing FR2 slice [30,33]
[repack] proto=202 pc=876 accept existing FR2 slice [30,33]
[repack] proto=202 pc=882 accept existing FR2 slice [30,33]
[repack] proto=202 pc=888 accept existing FR2 slice [30,33]
[repack] proto=202 pc=894 accept existing FR2 slice [30,33]
[repack] proto=202 pc=900 accept existing FR2 slice [30,33]
[repack] proto=202 pc=906 accept existing FR2 slice [30,33]
[repack] proto=202 pc=912 accept existing FR2 slice [30,33]
[repack] proto=202 pc=918 accept existing FR2 slice [30,33]
[repack] proto=202 pc=924 accept existing FR2 slice [30,33]
[repack] proto=202 pc=930 accept existing FR2 slice [30,33]
[repack] proto=202 pc=936 accept existing FR2 slice [30,33]
[repack] proto=202 pc=942 accept existing FR2 slice [30,33]
[repack] proto=202 pc=948 accept existing FR2 slice [30,33]
[repack] proto=202 pc=954 accept existing FR2 slice [30,33]
[repack] slice fail pc=958 interference-at=954 op=CALL reg=31 range=[30,31]
[repack] simple-local pick pc=957 op=KPRI def=30 range=[30,31]
[repack] simple-local pick pc=952 op=KPRI def=31 range=[30,31]
[repack] proto=202 pc=958 accept existing FR2 slice [30,31]
[repack] slice fail pc=962 interference-at=954 op=CALL reg=31 range=[30,31]
[repack] simple-local pick pc=961 op=KPRI def=30 range=[30,31]
[repack] simple-local pick pc=952 op=KPRI def=31 range=[30,31]
[repack] proto=202 pc=962 accept existing FR2 slice [30,31]
[repack] proto=202 pc=987 accept existing FR2 slice [30,33]
[repack] proto=202 pc=993 accept existing FR2 slice [30,33]
[repack] proto=202 pc=999 accept existing FR2 slice [30,33]
[repack] proto=202 pc=1005 accept existing FR2 slice [30,33]
[repack] proto=202 pc=1011 accept existing FR2 slice [30,33]
[repack] slice fail pc=1015 interference-at=1011 op=CALL reg=31 range=[30,31]
[repack] simple-local pick pc=1014 op=KPRI def=30 range=[30,31]
[repack] simple-local pick pc=1009 op=KPRI def=31 range=[30,31]
[repack] proto=202 pc=1015 accept existing FR2 slice [30,31]
[repack] proto=202 pc=1021 accept existing FR2 slice [30,33]
[repack] proto=202 pc=1027 accept existing FR2 slice [30,33]
[repack] proto=202 pc=1033 accept existing FR2 slice [30,33]
[repack] slice fail pc=1037 interference-at=1033 op=CALL reg=31 range=[30,31]
[repack] simple-local pick pc=1036 op=KPRI def=30 range=[30,31]
[repack] simple-local pick pc=1031 op=KPRI def=31 range=[30,31]
[repack] proto=202 pc=1037 accept existing FR2 slice [30,31]
[repack] proto=202 pc=1043 accept existing FR2 slice [30,33]
[repack] proto=202 pc=1046 accept existing FR2 slice [30,30]
[repack] proto=202 pc=1052 accept existing FR2 slice [31,34]
[repack] proto=202 pc=1058 accept existing FR2 slice [31,34]
[repack] proto=202 pc=1064 accept existing FR2 slice [31,34]
[repack] proto=202 pc=1070 accept existing FR2 slice [31,34]
[repack] proto=202 pc=1076 accept existing FR2 slice [31,34]
[repack] proto=202 pc=1082 accept existing FR2 slice [31,34]
[repack] proto=202 pc=1088 accept existing FR2 slice [31,34]
[repack] proto=202 pc=1094 accept existing FR2 slice [31,34]
[repack] proto=202 pc=1100 accept existing FR2 slice [31,34]
[repack] proto=202 pc=1106 accept existing FR2 slice [31,34]
[repack] proto=202 pc=1110 accept existing FR2 slice [32,32]
[repack] proto=202 pc=1115 accept existing FR2 slice [31,32]
[repack] proto=202 pc=1121 accept existing FR2 slice [31,34]
[repack] proto=202 pc=1127 accept existing FR2 slice [31,34]
[repack] proto=202 pc=1133 accept existing FR2 slice [31,34]
[repack] proto=202 pc=1139 accept existing FR2 slice [31,34]
[repack] proto=202 pc=1151 accept existing FR2 slice [31,35]
[repack] proto=202 pc=1163 accept existing FR2 slice [31,35]
[repack] proto=202 pc=1175 accept existing FR2 slice [31,35]
[repack] proto=202 pc=1187 accept existing FR2 slice [31,35]
[repack] slice fail pc=1191 interference-at=1187 op=CALL reg=32 range=[31,32]
[repack] simple-local pick pc=1190 op=KPRI def=31 range=[31,32]
[repack] simple-local pick pc=1185 op=MOV def=32 range=[31,32]
[repack] proto=202 pc=1191 accept existing FR2 slice [31,32]
[repack] proto=202 pc=1203 accept existing FR2 slice [31,35]
[repack] proto=202 pc=1215 accept existing FR2 slice [31,35]
[repack] proto=202 pc=1227 accept existing FR2 slice [31,35]
[repack] proto=202 pc=1239 accept existing FR2 slice [31,35]
[repack] proto=202 pc=1251 accept existing FR2 slice [31,35]
[repack] proto=202 pc=1263 accept existing FR2 slice [31,35]
[repack] proto=202 pc=1275 accept existing FR2 slice [31,35]
[repack] proto=202 pc=1287 accept existing FR2 slice [31,35]
[repack] proto=202 pc=1299 accept existing FR2 slice [31,35]
[repack] proto=202 pc=1306 copy-fallback keep legacy-overlap reason=call6-kstr-tdup-fnew-chain old=[30,34] new=[31,35] base=29 nargs=5 b=1
[repack] proto=202 pc=1306 copy-fallback reason=call6-kstr-tdup-fnew-chain insert_pc=1306 count=5 range=[30,34]->[31,35] deferred=0
[rebuild] proto=202 insert_pc=1306 old_proto_total=16948 new_proto_total=16968 old_payload=16945 new_payload=16965 debug_drop=3445
[repack] proto=202 pc=3 accept existing FR2 slice [2,2]
[repack] proto=202 pc=7 accept existing FR2 slice [3,3]
[repack] proto=202 pc=11 accept existing FR2 slice [4,4]
[repack] proto=202 pc=15 accept existing FR2 slice [5,5]
[repack] proto=202 pc=19 accept existing FR2 slice [6,6]
[repack] proto=202 pc=23 accept existing FR2 slice [7,7]
[repack] proto=202 pc=27 accept existing FR2 slice [8,8]
[repack] proto=202 pc=31 accept existing FR2 slice [9,9]
[repack] proto=202 pc=35 accept existing FR2 slice [10,10]
[repack] proto=202 pc=39 accept existing FR2 slice [11,11]
[repack] proto=202 pc=44 accept existing FR2 slice [13,13]
[repack] proto=202 pc=48 accept existing FR2 slice [14,14]
[repack] proto=202 pc=52 accept existing FR2 slice [15,15]
[repack] proto=202 pc=56 accept existing FR2 slice [16,16]
[repack] proto=202 pc=60 accept existing FR2 slice [17,17]
[repack] proto=202 pc=64 accept existing FR2 slice [18,18]
[repack] proto=202 pc=68 accept existing FR2 slice [19,19]
[repack] proto=202 pc=79 accept existing FR2 slice [20,20]
[repack] proto=202 pc=83 accept existing FR2 slice [20,20]
[repack] proto=202 pc=87 accept existing FR2 slice [20,20]
[repack] proto=202 pc=91 accept existing FR2 slice [20,21]
[repack] proto=202 pc=94 accept existing FR2 slice [20,20]
[repack] proto=202 pc=137 accept existing FR2 slice [21,21]
[repack] proto=202 pc=142 accept existing FR2 slice [21,22]
[repack] proto=202 pc=146 accept existing FR2 slice [21,22]
[repack] proto=202 pc=150 accept existing FR2 slice [21,22]
[repack] proto=202 pc=154 accept existing FR2 slice [21,22]
[repack] proto=202 pc=158 accept existing FR2 slice [21,22]
[repack] proto=202 pc=162 accept existing FR2 slice [21,22]
[repack] proto=202 pc=165 accept existing FR2 slice [21,21]
[repack] proto=202 pc=170 accept existing FR2 slice [26,27]
[repack] proto=202 pc=175 accept existing FR2 slice [21,21]
[repack] slice fail pc=180 target-at=177 range=[26,27]
[repack] simple-local pick pc=179 op=KPRI def=26 range=[26,27]
[repack] simple-local pick pc=169 op=KPRI def=27 range=[26,27]
[repack] proto=202 pc=180 accept existing FR2 slice [26,27]
[repack] slice fail pc=181 unresolved reg=23 range=[23,24]
[repack] readonly slice retry fail pc=181 read-at=180 op=CALL reg=24 range=[23,24]
[repack] simple-local pick pc=177 op=TGETS def=24 range=[23,24]
[repack] simple-local missing reg=23 range=[23,24]
[repack] slice fail pc=181 interference-at=180 op=CALL reg=24 range=[24,25]
[repack] simple-local pick pc=178 op=MOV def=25 range=[24,25]
[repack] simple-local pick pc=177 op=TGETS def=24 range=[24,25]
[repack] proto=202 pc=181 accept existing FR2 slice [24,25]
[repack] proto=202 pc=185 accept existing FR2 slice [21,21]
[repack] slice fail pc=190 target-at=187 range=[26,27]
[repack] simple-local pick pc=189 op=KPRI def=26 range=[26,27]
[repack] simple-local pick pc=169 op=KPRI def=27 range=[26,27]
[repack] proto=202 pc=190 accept existing FR2 slice [26,27]
[repack] proto=202 pc=197 accept existing FR2 slice [21,21]
[repack] proto=202 pc=212 accept existing FR2 slice [23,23]
[repack] proto=202 pc=235 accept existing FR2 slice [27,28]
[repack] proto=202 pc=241 accept existing FR2 slice [27,30]
[repack] proto=202 pc=247 accept existing FR2 slice [27,30]
[repack] proto=202 pc=253 accept existing FR2 slice [27,30]
[repack] proto=202 pc=259 accept existing FR2 slice [27,30]
[repack] proto=202 pc=265 accept existing FR2 slice [27,30]
[repack] proto=202 pc=271 accept existing FR2 slice [27,30]
[repack] proto=202 pc=277 accept existing FR2 slice [27,30]
[repack] proto=202 pc=283 accept existing FR2 slice [27,30]
[repack] proto=202 pc=289 accept existing FR2 slice [27,30]
[repack] proto=202 pc=295 accept existing FR2 slice [27,30]
[repack] proto=202 pc=301 accept existing FR2 slice [27,30]
[repack] proto=202 pc=307 accept existing FR2 slice [27,30]
[repack] proto=202 pc=313 accept existing FR2 slice [27,30]
[repack] proto=202 pc=319 accept existing FR2 slice [27,30]
[repack] proto=202 pc=325 accept existing FR2 slice [27,30]
[repack] proto=202 pc=331 accept existing FR2 slice [27,30]
[repack] proto=202 pc=337 accept existing FR2 slice [27,30]
[repack] proto=202 pc=343 accept existing FR2 slice [27,30]
[repack] proto=202 pc=349 accept existing FR2 slice [27,30]
[repack] proto=202 pc=355 accept existing FR2 slice [27,30]
[repack] proto=202 pc=361 accept existing FR2 slice [27,30]
[repack] proto=202 pc=367 accept existing FR2 slice [27,30]
[repack] proto=202 pc=373 accept existing FR2 slice [27,30]
[repack] proto=202 pc=379 accept existing FR2 slice [27,30]
[repack] proto=202 pc=385 accept existing FR2 slice [27,30]
[repack] proto=202 pc=391 accept existing FR2 slice [27,30]
[repack] proto=202 pc=397 accept existing FR2 slice [27,30]
[repack] proto=202 pc=403 accept existing FR2 slice [27,30]
[repack] proto=202 pc=409 accept existing FR2 slice [27,30]
[repack] proto=202 pc=415 accept existing FR2 slice [27,30]
[repack] proto=202 pc=421 accept existing FR2 slice [27,30]
[repack] proto=202 pc=427 accept existing FR2 slice [27,30]
[repack] proto=202 pc=433 accept existing FR2 slice [27,30]
[repack] proto=202 pc=439 accept existing FR2 slice [27,30]
[repack] proto=202 pc=445 accept existing FR2 slice [27,30]
[repack] proto=202 pc=448 accept existing FR2 slice [27,27]
[repack] proto=202 pc=455 accept existing FR2 slice [27,30]
[repack] proto=202 pc=458 accept existing FR2 slice [27,27]
[repack] proto=202 pc=465 accept existing FR2 slice [27,30]
[repack] proto=202 pc=471 accept existing FR2 slice [27,30]
[repack] proto=202 pc=477 accept existing FR2 slice [27,30]
[repack] proto=202 pc=483 accept existing FR2 slice [27,30]
[repack] proto=202 pc=489 accept existing FR2 slice [27,30]
[repack] proto=202 pc=495 accept existing FR2 slice [27,30]
[repack] proto=202 pc=501 accept existing FR2 slice [27,30]
[repack] proto=202 pc=507 accept existing FR2 slice [27,30]
[repack] proto=202 pc=513 accept existing FR2 slice [27,30]
[repack] proto=202 pc=519 accept existing FR2 slice [27,30]
[repack] proto=202 pc=525 accept existing FR2 slice [27,30]
[repack] proto=202 pc=531 accept existing FR2 slice [27,30]
[repack] proto=202 pc=537 accept existing FR2 slice [27,30]
[repack] proto=202 pc=543 accept existing FR2 slice [27,30]
[repack] proto=202 pc=550 accept existing FR2 slice [28,31]
[repack] proto=202 pc=556 accept existing FR2 slice [28,31]
[repack] proto=202 pc=562 accept existing FR2 slice [28,31]
[repack] proto=202 pc=568 accept existing FR2 slice [28,31]
[repack] proto=202 pc=574 accept existing FR2 slice [28,31]
[repack] proto=202 pc=580 accept existing FR2 slice [28,31]
[repack] proto=202 pc=586 accept existing FR2 slice [28,31]
[repack] proto=202 pc=592 accept existing FR2 slice [28,31]
[repack] slice fail pc=596 interference-at=592 op=CALL reg=29 range=[28,29]
[repack] simple-local pick pc=595 op=KPRI def=28 range=[28,29]
[repack] simple-local pick pc=590 op=KPRI def=29 range=[28,29]
[repack] proto=202 pc=596 accept existing FR2 slice [28,29]
[repack] proto=202 pc=602 accept existing FR2 slice [28,31]
[repack] slice fail pc=606 interference-at=602 op=CALL reg=29 range=[28,29]
[repack] simple-local pick pc=605 op=KPRI def=28 range=[28,29]
[repack] simple-local pick pc=600 op=KPRI def=29 range=[28,29]
[repack] proto=202 pc=606 accept existing FR2 slice [28,29]
[repack] proto=202 pc=612 accept existing FR2 slice [28,31]
[repack] proto=202 pc=615 accept existing FR2 slice [28,28]
[repack] proto=202 pc=624 accept existing FR2 slice [30,33]
[repack] proto=202 pc=630 accept existing FR2 slice [30,33]
[repack] proto=202 pc=636 accept existing FR2 slice [30,33]
[repack] proto=202 pc=642 accept existing FR2 slice [30,33]
[repack] proto=202 pc=648 accept existing FR2 slice [30,33]
[repack] proto=202 pc=654 accept existing FR2 slice [30,33]
[repack] slice fail pc=658 interference-at=654 op=CALL reg=31 range=[30,31]
[repack] simple-local pick pc=657 op=KPRI def=30 range=[30,31]
[repack] simple-local pick pc=652 op=KPRI def=31 range=[30,31]
[repack] proto=202 pc=658 accept existing FR2 slice [30,31]
[repack] proto=202 pc=664 accept existing FR2 slice [30,33]
[repack] slice fail pc=668 interference-at=664 op=CALL reg=31 range=[30,31]
[repack] simple-local pick pc=667 op=KPRI def=30 range=[30,31]
[repack] simple-local pick pc=662 op=KPRI def=31 range=[30,31]
[repack] proto=202 pc=668 accept existing FR2 slice [30,31]
[repack] proto=202 pc=674 accept existing FR2 slice [30,33]
[repack] slice fail pc=678 interference-at=674 op=CALL reg=31 range=[30,31]
[repack] simple-local pick pc=677 op=KPRI def=30 range=[30,31]
[repack] simple-local pick pc=672 op=KPRI def=31 range=[30,31]
[repack] proto=202 pc=678 accept existing FR2 slice [30,31]
[repack] slice fail pc=682 interference-at=674 op=CALL reg=31 range=[30,31]
[repack] simple-local pick pc=681 op=KPRI def=30 range=[30,31]
[repack] simple-local pick pc=672 op=KPRI def=31 range=[30,31]
[repack] proto=202 pc=682 accept existing FR2 slice [30,31]
[repack] slice fail pc=686 interference-at=674 op=CALL reg=31 range=[30,31]
[repack] simple-local pick pc=685 op=KPRI def=30 range=[30,31]
[repack] simple-local pick pc=672 op=KPRI def=31 range=[30,31]
[repack] proto=202 pc=686 accept existing FR2 slice [30,31]
[repack] slice fail pc=690 interference-at=674 op=CALL reg=31 range=[30,31]
[repack] simple-local pick pc=689 op=KPRI def=30 range=[30,31]
[repack] simple-local pick pc=672 op=KPRI def=31 range=[30,31]
[repack] proto=202 pc=690 accept existing FR2 slice [30,31]
[repack] slice fail pc=694 interference-at=674 op=CALL reg=31 range=[30,31]
[repack] simple-local pick pc=693 op=KPRI def=30 range=[30,31]
[repack] simple-local pick pc=672 op=KPRI def=31 range=[30,31]
[repack] proto=202 pc=694 accept existing FR2 slice [30,31]
[repack] slice fail pc=698 interference-at=674 op=CALL reg=31 range=[30,31]
[repack] simple-local pick pc=697 op=KPRI def=30 range=[30,31]
[repack] simple-local pick pc=672 op=KPRI def=31 range=[30,31]
[repack] proto=202 pc=698 accept existing FR2 slice [30,31]
[repack] slice fail pc=702 interference-at=674 op=CALL reg=31 range=[30,31]
[repack] simple-local pick pc=701 op=KPRI def=30 range=[30,31]
[repack] simple-local pick pc=672 op=KPRI def=31 range=[30,31]
[repack] proto=202 pc=702 accept existing FR2 slice [30,31]
[repack] proto=202 pc=708 accept existing FR2 slice [30,33]
[repack] proto=202 pc=714 accept existing FR2 slice [30,33]
[repack] proto=202 pc=720 accept existing FR2 slice [30,33]
[repack] proto=202 pc=726 accept existing FR2 slice [30,33]
[repack] proto=202 pc=732 accept existing FR2 slice [30,33]
[repack] proto=202 pc=738 accept existing FR2 slice [30,33]
[repack] proto=202 pc=744 accept existing FR2 slice [30,33]
[repack] slice fail pc=748 interference-at=744 op=CALL reg=31 range=[30,31]
[repack] simple-local pick pc=747 op=KPRI def=30 range=[30,31]
[repack] simple-local pick pc=742 op=KPRI def=31 range=[30,31]
[repack] proto=202 pc=748 accept existing FR2 slice [30,31]
[repack] proto=202 pc=754 accept existing FR2 slice [30,33]
[repack] proto=202 pc=760 accept existing FR2 slice [30,33]
[repack] slice fail pc=764 interference-at=760 op=CALL reg=31 range=[30,31]
[repack] simple-local pick pc=763 op=KPRI def=30 range=[30,31]
[repack] simple-local pick pc=758 op=KPRI def=31 range=[30,31]
[repack] proto=202 pc=764 accept existing FR2 slice [30,31]
[repack] proto=202 pc=770 accept existing FR2 slice [30,33]
[repack] proto=202 pc=776 accept existing FR2 slice [30,33]
[repack] proto=202 pc=782 accept existing FR2 slice [30,33]
[repack] proto=202 pc=788 accept existing FR2 slice [30,33]
[repack] slice fail pc=792 interference-at=788 op=CALL reg=31 range=[30,31]
[repack] simple-local pick pc=791 op=KPRI def=30 range=[30,31]
[repack] simple-local pick pc=786 op=KPRI def=31 range=[30,31]
[repack] proto=202 pc=792 accept existing FR2 slice [30,31]
[repack] slice fail pc=796 interference-at=788 op=CALL reg=31 range=[30,31]
[repack] simple-local pick pc=795 op=KPRI def=30 range=[30,31]
[repack] simple-local pick pc=786 op=KPRI def=31 range=[30,31]
[repack] proto=202 pc=796 accept existing FR2 slice [30,31]
[repack] slice fail pc=800 interference-at=788 op=CALL reg=31 range=[30,31]
[repack] simple-local pick pc=799 op=KPRI def=30 range=[30,31]
[repack] simple-local pick pc=786 op=KPRI def=31 range=[30,31]
[repack] proto=202 pc=800 accept existing FR2 slice [30,31]
[repack] proto=202 pc=806 accept existing FR2 slice [30,33]
[repack] proto=202 pc=812 accept existing FR2 slice [30,33]
[repack] proto=202 pc=818 accept existing FR2 slice [30,33]
[repack] proto=202 pc=824 accept existing FR2 slice [30,33]
[repack] proto=202 pc=830 accept existing FR2 slice [30,33]
[repack] proto=202 pc=836 accept existing FR2 slice [30,33]
[repack] proto=202 pc=842 accept existing FR2 slice [30,33]
[repack] proto=202 pc=848 accept existing FR2 slice [30,33]
[repack] proto=202 pc=854 accept existing FR2 slice [30,33]
[repack] slice fail pc=858 interference-at=854 op=CALL reg=31 range=[30,31]
[repack] simple-local pick pc=857 op=KPRI def=30 range=[30,31]
[repack] simple-local pick pc=852 op=KPRI def=31 range=[30,31]
[repack] proto=202 pc=858 accept existing FR2 slice [30,31]
[repack] proto=202 pc=864 accept existing FR2 slice [30,33]
[repack] proto=202 pc=870 accept existing FR2 slice [30,33]
[repack] proto=202 pc=876 accept existing FR2 slice [30,33]
[repack] proto=202 pc=882 accept existing FR2 slice [30,33]
[repack] proto=202 pc=888 accept existing FR2 slice [30,33]
[repack] proto=202 pc=894 accept existing FR2 slice [30,33]
[repack] proto=202 pc=900 accept existing FR2 slice [30,33]
[repack] proto=202 pc=906 accept existing FR2 slice [30,33]
[repack] proto=202 pc=912 accept existing FR2 slice [30,33]
[repack] proto=202 pc=918 accept existing FR2 slice [30,33]
[repack] proto=202 pc=924 accept existing FR2 slice [30,33]
[repack] proto=202 pc=930 accept existing FR2 slice [30,33]
[repack] proto=202 pc=936 accept existing FR2 slice [30,33]
[repack] proto=202 pc=942 accept existing FR2 slice [30,33]
[repack] proto=202 pc=948 accept existing FR2 slice [30,33]
[repack] proto=202 pc=954 accept existing FR2 slice [30,33]
[repack] slice fail pc=958 interference-at=954 op=CALL reg=31 range=[30,31]
[repack] simple-local pick pc=957 op=KPRI def=30 range=[30,31]
[repack] simple-local pick pc=952 op=KPRI def=31 range=[30,31]
[repack] proto=202 pc=958 accept existing FR2 slice [30,31]
[repack] slice fail pc=962 interference-at=954 op=CALL reg=31 range=[30,31]
[repack] simple-local pick pc=961 op=KPRI def=30 range=[30,31]
[repack] simple-local pick pc=952 op=KPRI def=31 range=[30,31]
[repack] proto=202 pc=962 accept existing FR2 slice [30,31]
[repack] proto=202 pc=987 accept existing FR2 slice [30,33]
[repack] proto=202 pc=993 accept existing FR2 slice [30,33]
[repack] proto=202 pc=999 accept existing FR2 slice [30,33]
[repack] proto=202 pc=1005 accept existing FR2 slice [30,33]
[repack] proto=202 pc=1011 accept existing FR2 slice [30,33]
[repack] slice fail pc=1015 interference-at=1011 op=CALL reg=31 range=[30,31]
[repack] simple-local pick pc=1014 op=KPRI def=30 range=[30,31]
[repack] simple-local pick pc=1009 op=KPRI def=31 range=[30,31]
[repack] proto=202 pc=1015 accept existing FR2 slice [30,31]
[repack] proto=202 pc=1021 accept existing FR2 slice [30,33]
[repack] proto=202 pc=1027 accept existing FR2 slice [30,33]
[repack] proto=202 pc=1033 accept existing FR2 slice [30,33]
[repack] slice fail pc=1037 interference-at=1033 op=CALL reg=31 range=[30,31]
[repack] simple-local pick pc=1036 op=KPRI def=30 range=[30,31]
[repack] simple-local pick pc=1031 op=KPRI def=31 range=[30,31]
[repack] proto=202 pc=1037 accept existing FR2 slice [30,31]
[repack] proto=202 pc=1043 accept existing FR2 slice [30,33]
[repack] proto=202 pc=1046 accept existing FR2 slice [30,30]
[repack] proto=202 pc=1052 accept existing FR2 slice [31,34]
[repack] proto=202 pc=1058 accept existing FR2 slice [31,34]
[repack] proto=202 pc=1064 accept existing FR2 slice [31,34]
[repack] proto=202 pc=1070 accept existing FR2 slice [31,34]
[repack] proto=202 pc=1076 accept existing FR2 slice [31,34]
[repack] proto=202 pc=1082 accept existing FR2 slice [31,34]
[repack] proto=202 pc=1088 accept existing FR2 slice [31,34]
[repack] proto=202 pc=1094 accept existing FR2 slice [31,34]
[repack] proto=202 pc=1100 accept existing FR2 slice [31,34]
[repack] proto=202 pc=1106 accept existing FR2 slice [31,34]
[repack] proto=202 pc=1110 accept existing FR2 slice [32,32]
[repack] proto=202 pc=1115 accept existing FR2 slice [31,32]
[repack] proto=202 pc=1121 accept existing FR2 slice [31,34]
[repack] proto=202 pc=1127 accept existing FR2 slice [31,34]
[repack] proto=202 pc=1133 accept existing FR2 slice [31,34]
[repack] proto=202 pc=1139 accept existing FR2 slice [31,34]
[repack] proto=202 pc=1151 accept existing FR2 slice [31,35]
[repack] proto=202 pc=1163 accept existing FR2 slice [31,35]
[repack] proto=202 pc=1175 accept existing FR2 slice [31,35]
[repack] proto=202 pc=1187 accept existing FR2 slice [31,35]
[repack] slice fail pc=1191 interference-at=1187 op=CALL reg=32 range=[31,32]
[repack] simple-local pick pc=1190 op=KPRI def=31 range=[31,32]
[repack] simple-local pick pc=1185 op=MOV def=32 range=[31,32]
[repack] proto=202 pc=1191 accept existing FR2 slice [31,32]
[repack] proto=202 pc=1203 accept existing FR2 slice [31,35]
[repack] proto=202 pc=1215 accept existing FR2 slice [31,35]
[repack] proto=202 pc=1227 accept existing FR2 slice [31,35]
[repack] proto=202 pc=1239 accept existing FR2 slice [31,35]
[repack] proto=202 pc=1251 accept existing FR2 slice [31,35]
[repack] proto=202 pc=1263 accept existing FR2 slice [31,35]
[repack] proto=202 pc=1275 accept existing FR2 slice [31,35]
[repack] proto=202 pc=1287 accept existing FR2 slice [31,35]
[repack] proto=202 pc=1299 accept existing FR2 slice [31,35]
[repack] proto=202 pc=1311 accept existing FR2 slice [31,35]
[repack] proto=202 pc=1316 copy-fallback keep legacy-overlap reason=call6-kstr-tdup-fnew-chain old=[30,32] new=[31,33] base=29 nargs=3 b=1
[repack] proto=202 pc=1316 copy-fallback reason=call6-kstr-tdup-fnew-chain insert_pc=1316 count=3 range=[30,32]->[31,33] deferred=0
[rebuild] proto=202 insert_pc=1316 old_proto_total=16968 new_proto_total=16980 old_payload=16965 new_payload=16977 debug_drop=3445
[repack] proto=202 pc=3 accept existing FR2 slice [2,2]
[repack] proto=202 pc=7 accept existing FR2 slice [3,3]
[repack] proto=202 pc=11 accept existing FR2 slice [4,4]
[repack] proto=202 pc=15 accept existing FR2 slice [5,5]
[repack] proto=202 pc=19 accept existing FR2 slice [6,6]
[repack] proto=202 pc=23 accept existing FR2 slice [7,7]
[repack] proto=202 pc=27 accept existing FR2 slice [8,8]
[repack] proto=202 pc=31 accept existing FR2 slice [9,9]
[repack] proto=202 pc=35 accept existing FR2 slice [10,10]
[repack] proto=202 pc=39 accept existing FR2 slice [11,11]
[repack] proto=202 pc=44 accept existing FR2 slice [13,13]
[repack] proto=202 pc=48 accept existing FR2 slice [14,14]
[repack] proto=202 pc=52 accept existing FR2 slice [15,15]
[repack] proto=202 pc=56 accept existing FR2 slice [16,16]
[repack] proto=202 pc=60 accept existing FR2 slice [17,17]
[repack] proto=202 pc=64 accept existing FR2 slice [18,18]
[repack] proto=202 pc=68 accept existing FR2 slice [19,19]
[repack] proto=202 pc=79 accept existing FR2 slice [20,20]
[repack] proto=202 pc=83 accept existing FR2 slice [20,20]
[repack] proto=202 pc=87 accept existing FR2 slice [20,20]
[repack] proto=202 pc=91 accept existing FR2 slice [20,21]
[repack] proto=202 pc=94 accept existing FR2 slice [20,20]
[repack] proto=202 pc=137 accept existing FR2 slice [21,21]
[repack] proto=202 pc=142 accept existing FR2 slice [21,22]
[repack] proto=202 pc=146 accept existing FR2 slice [21,22]
[repack] proto=202 pc=150 accept existing FR2 slice [21,22]
[repack] proto=202 pc=154 accept existing FR2 slice [21,22]
[repack] proto=202 pc=158 accept existing FR2 slice [21,22]
[repack] proto=202 pc=162 accept existing FR2 slice [21,22]
[repack] proto=202 pc=165 accept existing FR2 slice [21,21]
[repack] proto=202 pc=170 accept existing FR2 slice [26,27]
[repack] proto=202 pc=175 accept existing FR2 slice [21,21]
[repack] slice fail pc=180 target-at=177 range=[26,27]
[repack] simple-local pick pc=179 op=KPRI def=26 range=[26,27]
[repack] simple-local pick pc=169 op=KPRI def=27 range=[26,27]
[repack] proto=202 pc=180 accept existing FR2 slice [26,27]
[repack] slice fail pc=181 unresolved reg=23 range=[23,24]
[repack] readonly slice retry fail pc=181 read-at=180 op=CALL reg=24 range=[23,24]
[repack] simple-local pick pc=177 op=TGETS def=24 range=[23,24]
[repack] simple-local missing reg=23 range=[23,24]
[repack] slice fail pc=181 interference-at=180 op=CALL reg=24 range=[24,25]
[repack] simple-local pick pc=178 op=MOV def=25 range=[24,25]
[repack] simple-local pick pc=177 op=TGETS def=24 range=[24,25]
[repack] proto=202 pc=181 accept existing FR2 slice [24,25]
[repack] proto=202 pc=185 accept existing FR2 slice [21,21]
[repack] slice fail pc=190 target-at=187 range=[26,27]
[repack] simple-local pick pc=189 op=KPRI def=26 range=[26,27]
[repack] simple-local pick pc=169 op=KPRI def=27 range=[26,27]
[repack] proto=202 pc=190 accept existing FR2 slice [26,27]
[repack] proto=202 pc=197 accept existing FR2 slice [21,21]
[repack] proto=202 pc=212 accept existing FR2 slice [23,23]
[repack] proto=202 pc=235 accept existing FR2 slice [27,28]
[repack] proto=202 pc=241 accept existing FR2 slice [27,30]
[repack] proto=202 pc=247 accept existing FR2 slice [27,30]
[repack] proto=202 pc=253 accept existing FR2 slice [27,30]
[repack] proto=202 pc=259 accept existing FR2 slice [27,30]
[repack] proto=202 pc=265 accept existing FR2 slice [27,30]
[repack] proto=202 pc=271 accept existing FR2 slice [27,30]
[repack] proto=202 pc=277 accept existing FR2 slice [27,30]
[repack] proto=202 pc=283 accept existing FR2 slice [27,30]
[repack] proto=202 pc=289 accept existing FR2 slice [27,30]
[repack] proto=202 pc=295 accept existing FR2 slice [27,30]
[repack] proto=202 pc=301 accept existing FR2 slice [27,30]
[repack] proto=202 pc=307 accept existing FR2 slice [27,30]
[repack] proto=202 pc=313 accept existing FR2 slice [27,30]
[repack] proto=202 pc=319 accept existing FR2 slice [27,30]
[repack] proto=202 pc=325 accept existing FR2 slice [27,30]
[repack] proto=202 pc=331 accept existing FR2 slice [27,30]
[repack] proto=202 pc=337 accept existing FR2 slice [27,30]
[repack] proto=202 pc=343 accept existing FR2 slice [27,30]
[repack] proto=202 pc=349 accept existing FR2 slice [27,30]
[repack] proto=202 pc=355 accept existing FR2 slice [27,30]
[repack] proto=202 pc=361 accept existing FR2 slice [27,30]
[repack] proto=202 pc=367 accept existing FR2 slice [27,30]
[repack] proto=202 pc=373 accept existing FR2 slice [27,30]
[repack] proto=202 pc=379 accept existing FR2 slice [27,30]
[repack] proto=202 pc=385 accept existing FR2 slice [27,30]
[repack] proto=202 pc=391 accept existing FR2 slice [27,30]
[repack] proto=202 pc=397 accept existing FR2 slice [27,30]
[repack] proto=202 pc=403 accept existing FR2 slice [27,30]
[repack] proto=202 pc=409 accept existing FR2 slice [27,30]
[repack] proto=202 pc=415 accept existing FR2 slice [27,30]
[repack] proto=202 pc=421 accept existing FR2 slice [27,30]
[repack] proto=202 pc=427 accept existing FR2 slice [27,30]
[repack] proto=202 pc=433 accept existing FR2 slice [27,30]
[repack] proto=202 pc=439 accept existing FR2 slice [27,30]
[repack] proto=202 pc=445 accept existing FR2 slice [27,30]
[repack] proto=202 pc=448 accept existing FR2 slice [27,27]
[repack] proto=202 pc=455 accept existing FR2 slice [27,30]
[repack] proto=202 pc=458 accept existing FR2 slice [27,27]
[repack] proto=202 pc=465 accept existing FR2 slice [27,30]
[repack] proto=202 pc=471 accept existing FR2 slice [27,30]
[repack] proto=202 pc=477 accept existing FR2 slice [27,30]
[repack] proto=202 pc=483 accept existing FR2 slice [27,30]
[repack] proto=202 pc=489 accept existing FR2 slice [27,30]
[repack] proto=202 pc=495 accept existing FR2 slice [27,30]
[repack] proto=202 pc=501 accept existing FR2 slice [27,30]
[repack] proto=202 pc=507 accept existing FR2 slice [27,30]
[repack] proto=202 pc=513 accept existing FR2 slice [27,30]
[repack] proto=202 pc=519 accept existing FR2 slice [27,30]
[repack] proto=202 pc=525 accept existing FR2 slice [27,30]
[repack] proto=202 pc=531 accept existing FR2 slice [27,30]
[repack] proto=202 pc=537 accept existing FR2 slice [27,30]
[repack] proto=202 pc=543 accept existing FR2 slice [27,30]
[repack] proto=202 pc=550 accept existing FR2 slice [28,31]
[repack] proto=202 pc=556 accept existing FR2 slice [28,31]
[repack] proto=202 pc=562 accept existing FR2 slice [28,31]
[repack] proto=202 pc=568 accept existing FR2 slice [28,31]
[repack] proto=202 pc=574 accept existing FR2 slice [28,31]
[repack] proto=202 pc=580 accept existing FR2 slice [28,31]
[repack] proto=202 pc=586 accept existing FR2 slice [28,31]
[repack] proto=202 pc=592 accept existing FR2 slice [28,31]
[repack] slice fail pc=596 interference-at=592 op=CALL reg=29 range=[28,29]
[repack] simple-local pick pc=595 op=KPRI def=28 range=[28,29]
[repack] simple-local pick pc=590 op=KPRI def=29 range=[28,29]
[repack] proto=202 pc=596 accept existing FR2 slice [28,29]
[repack] proto=202 pc=602 accept existing FR2 slice [28,31]
[repack] slice fail pc=606 interference-at=602 op=CALL reg=29 range=[28,29]
[repack] simple-local pick pc=605 op=KPRI def=28 range=[28,29]
[repack] simple-local pick pc=600 op=KPRI def=29 range=[28,29]
[repack] proto=202 pc=606 accept existing FR2 slice [28,29]
[repack] proto=202 pc=612 accept existing FR2 slice [28,31]
[repack] proto=202 pc=615 accept existing FR2 slice [28,28]
[repack] proto=202 pc=624 accept existing FR2 slice [30,33]
[repack] proto=202 pc=630 accept existing FR2 slice [30,33]
[repack] proto=202 pc=636 accept existing FR2 slice [30,33]
[repack] proto=202 pc=642 accept existing FR2 slice [30,33]
[repack] proto=202 pc=648 accept existing FR2 slice [30,33]
[repack] proto=202 pc=654 accept existing FR2 slice [30,33]
[repack] slice fail pc=658 interference-at=654 op=CALL reg=31 range=[30,31]
[repack] simple-local pick pc=657 op=KPRI def=30 range=[30,31]
[repack] simple-local pick pc=652 op=KPRI def=31 range=[30,31]
[repack] proto=202 pc=658 accept existing FR2 slice [30,31]
[repack] proto=202 pc=664 accept existing FR2 slice [30,33]
[repack] slice fail pc=668 interference-at=664 op=CALL reg=31 range=[30,31]
[repack] simple-local pick pc=667 op=KPRI def=30 range=[30,31]
[repack] simple-local pick pc=662 op=KPRI def=31 range=[30,31]
[repack] proto=202 pc=668 accept existing FR2 slice [30,31]
[repack] proto=202 pc=674 accept existing FR2 slice [30,33]
[repack] slice fail pc=678 interference-at=674 op=CALL reg=31 range=[30,31]
[repack] simple-local pick pc=677 op=KPRI def=30 range=[30,31]
[repack] simple-local pick pc=672 op=KPRI def=31 range=[30,31]
[repack] proto=202 pc=678 accept existing FR2 slice [30,31]
[repack] slice fail pc=682 interference-at=674 op=CALL reg=31 range=[30,31]
[repack] simple-local pick pc=681 op=KPRI def=30 range=[30,31]
[repack] simple-local pick pc=672 op=KPRI def=31 range=[30,31]
[repack] proto=202 pc=682 accept existing FR2 slice [30,31]
[repack] slice fail pc=686 interference-at=674 op=CALL reg=31 range=[30,31]
[repack] simple-local pick pc=685 op=KPRI def=30 range=[30,31]
[repack] simple-local pick pc=672 op=KPRI def=31 range=[30,31]
[repack] proto=202 pc=686 accept existing FR2 slice [30,31]
[repack] slice fail pc=690 interference-at=674 op=CALL reg=31 range=[30,31]
[repack] simple-local pick pc=689 op=KPRI def=30 range=[30,31]
[repack] simple-local pick pc=672 op=KPRI def=31 range=[30,31]
[repack] proto=202 pc=690 accept existing FR2 slice [30,31]
[repack] slice fail pc=694 interference-at=674 op=CALL reg=31 range=[30,31]
[repack] simple-local pick pc=693 op=KPRI def=30 range=[30,31]
[repack] simple-local pick pc=672 op=KPRI def=31 range=[30,31]
[repack] proto=202 pc=694 accept existing FR2 slice [30,31]
[repack] slice fail pc=698 interference-at=674 op=CALL reg=31 range=[30,31]
[repack] simple-local pick pc=697 op=KPRI def=30 range=[30,31]
[repack] simple-local pick pc=672 op=KPRI def=31 range=[30,31]
[repack] proto=202 pc=698 accept existing FR2 slice [30,31]
[repack] slice fail pc=702 interference-at=674 op=CALL reg=31 range=[30,31]
[repack] simple-local pick pc=701 op=KPRI def=30 range=[30,31]
[repack] simple-local pick pc=672 op=KPRI def=31 range=[30,31]
[repack] proto=202 pc=702 accept existing FR2 slice [30,31]
[repack] proto=202 pc=708 accept existing FR2 slice [30,33]
[repack] proto=202 pc=714 accept existing FR2 slice [30,33]
[repack] proto=202 pc=720 accept existing FR2 slice [30,33]
[repack] proto=202 pc=726 accept existing FR2 slice [30,33]
[repack] proto=202 pc=732 accept existing FR2 slice [30,33]
[repack] proto=202 pc=738 accept existing FR2 slice [30,33]
[repack] proto=202 pc=744 accept existing FR2 slice [30,33]
[repack] slice fail pc=748 interference-at=744 op=CALL reg=31 range=[30,31]
[repack] simple-local pick pc=747 op=KPRI def=30 range=[30,31]
[repack] simple-local pick pc=742 op=KPRI def=31 range=[30,31]
[repack] proto=202 pc=748 accept existing FR2 slice [30,31]
[repack] proto=202 pc=754 accept existing FR2 slice [30,33]
[repack] proto=202 pc=760 accept existing FR2 slice [30,33]
[repack] slice fail pc=764 interference-at=760 op=CALL reg=31 range=[30,31]
[repack] simple-local pick pc=763 op=KPRI def=30 range=[30,31]
[repack] simple-local pick pc=758 op=KPRI def=31 range=[30,31]
[repack] proto=202 pc=764 accept existing FR2 slice [30,31]
[repack] proto=202 pc=770 accept existing FR2 slice [30,33]
[repack] proto=202 pc=776 accept existing FR2 slice [30,33]
[repack] proto=202 pc=782 accept existing FR2 slice [30,33]
[repack] proto=202 pc=788 accept existing FR2 slice [30,33]
[repack] slice fail pc=792 interference-at=788 op=CALL reg=31 range=[30,31]
[repack] simple-local pick pc=791 op=KPRI def=30 range=[30,31]
[repack] simple-local pick pc=786 op=KPRI def=31 range=[30,31]
[repack] proto=202 pc=792 accept existing FR2 slice [30,31]
[repack] slice fail pc=796 interference-at=788 op=CALL reg=31 range=[30,31]
[repack] simple-local pick pc=795 op=KPRI def=30 range=[30,31]
[repack] simple-local pick pc=786 op=KPRI def=31 range=[30,31]
[repack] proto=202 pc=796 accept existing FR2 slice [30,31]
[repack] slice fail pc=800 interference-at=788 op=CALL reg=31 range=[30,31]
[repack] simple-local pick pc=799 op=KPRI def=30 range=[30,31]
[repack] simple-local pick pc=786 op=KPRI def=31 range=[30,31]
[repack] proto=202 pc=800 accept existing FR2 slice [30,31]
[repack] proto=202 pc=806 accept existing FR2 slice [30,33]
[repack] proto=202 pc=812 accept existing FR2 slice [30,33]
[repack] proto=202 pc=818 accept existing FR2 slice [30,33]
[repack] proto=202 pc=824 accept existing FR2 slice [30,33]
[repack] proto=202 pc=830 accept existing FR2 slice [30,33]
[repack] proto=202 pc=836 accept existing FR2 slice [30,33]
[repack] proto=202 pc=842 accept existing FR2 slice [30,33]
[repack] proto=202 pc=848 accept existing FR2 slice [30,33]
[repack] proto=202 pc=854 accept existing FR2 slice [30,33]
[repack] slice fail pc=858 interference-at=854 op=CALL reg=31 range=[30,31]
[repack] simple-local pick pc=857 op=KPRI def=30 range=[30,31]
[repack] simple-local pick pc=852 op=KPRI def=31 range=[30,31]
[repack] proto=202 pc=858 accept existing FR2 slice [30,31]
[repack] proto=202 pc=864 accept existing FR2 slice [30,33]
[repack] proto=202 pc=870 accept existing FR2 slice [30,33]
[repack] proto=202 pc=876 accept existing FR2 slice [30,33]
[repack] proto=202 pc=882 accept existing FR2 slice [30,33]
[repack] proto=202 pc=888 accept existing FR2 slice [30,33]
[repack] proto=202 pc=894 accept existing FR2 slice [30,33]
[repack] proto=202 pc=900 accept existing FR2 slice [30,33]
[repack] proto=202 pc=906 accept existing FR2 slice [30,33]
[repack] proto=202 pc=912 accept existing FR2 slice [30,33]
[repack] proto=202 pc=918 accept existing FR2 slice [30,33]
[repack] proto=202 pc=924 accept existing FR2 slice [30,33]
[repack] proto=202 pc=930 accept existing FR2 slice [30,33]
[repack] proto=202 pc=936 accept existing FR2 slice [30,33]
[repack] proto=202 pc=942 accept existing FR2 slice [30,33]
[repack] proto=202 pc=948 accept existing FR2 slice [30,33]
[repack] proto=202 pc=954 accept existing FR2 slice [30,33]
[repack] slice fail pc=958 interference-at=954 op=CALL reg=31 range=[30,31]
[repack] simple-local pick pc=957 op=KPRI def=30 range=[30,31]
[repack] simple-local pick pc=952 op=KPRI def=31 range=[30,31]
[repack] proto=202 pc=958 accept existing FR2 slice [30,31]
[repack] slice fail pc=962 interference-at=954 op=CALL reg=31 range=[30,31]
[repack] simple-local pick pc=961 op=KPRI def=30 range=[30,31]
[repack] simple-local pick pc=952 op=KPRI def=31 range=[30,31]
[repack] proto=202 pc=962 accept existing FR2 slice [30,31]
[repack] proto=202 pc=987 accept existing FR2 slice [30,33]
[repack] proto=202 pc=993 accept existing FR2 slice [30,33]
[repack] proto=202 pc=999 accept existing FR2 slice [30,33]
[repack] proto=202 pc=1005 accept existing FR2 slice [30,33]
[repack] proto=202 pc=1011 accept existing FR2 slice [30,33]
[repack] slice fail pc=1015 interference-at=1011 op=CALL reg=31 range=[30,31]
[repack] simple-local pick pc=1014 op=KPRI def=30 range=[30,31]
[repack] simple-local pick pc=1009 op=KPRI def=31 range=[30,31]
[repack] proto=202 pc=1015 accept existing FR2 slice [30,31]
[repack] proto=202 pc=1021 accept existing FR2 slice [30,33]
[repack] proto=202 pc=1027 accept existing FR2 slice [30,33]
[repack] proto=202 pc=1033 accept existing FR2 slice [30,33]
[repack] slice fail pc=1037 interference-at=1033 op=CALL reg=31 range=[30,31]
[repack] simple-local pick pc=1036 op=KPRI def=30 range=[30,31]
[repack] simple-local pick pc=1031 op=KPRI def=31 range=[30,31]
[repack] proto=202 pc=1037 accept existing FR2 slice [30,31]
[repack] proto=202 pc=1043 accept existing FR2 slice [30,33]
[repack] proto=202 pc=1046 accept existing FR2 slice [30,30]
[repack] proto=202 pc=1052 accept existing FR2 slice [31,34]
[repack] proto=202 pc=1058 accept existing FR2 slice [31,34]
[repack] proto=202 pc=1064 accept existing FR2 slice [31,34]
[repack] proto=202 pc=1070 accept existing FR2 slice [31,34]
[repack] proto=202 pc=1076 accept existing FR2 slice [31,34]
[repack] proto=202 pc=1082 accept existing FR2 slice [31,34]
[repack] proto=202 pc=1088 accept existing FR2 slice [31,34]
[repack] proto=202 pc=1094 accept existing FR2 slice [31,34]
[repack] proto=202 pc=1100 accept existing FR2 slice [31,34]
[repack] proto=202 pc=1106 accept existing FR2 slice [31,34]
[repack] proto=202 pc=1110 accept existing FR2 slice [32,32]
[repack] proto=202 pc=1115 accept existing FR2 slice [31,32]
[repack] proto=202 pc=1121 accept existing FR2 slice [31,34]
[repack] proto=202 pc=1127 accept existing FR2 slice [31,34]
[repack] proto=202 pc=1133 accept existing FR2 slice [31,34]
[repack] proto=202 pc=1139 accept existing FR2 slice [31,34]
[repack] proto=202 pc=1151 accept existing FR2 slice [31,35]
[repack] proto=202 pc=1163 accept existing FR2 slice [31,35]
[repack] proto=202 pc=1175 accept existing FR2 slice [31,35]
[repack] proto=202 pc=1187 accept existing FR2 slice [31,35]
[repack] slice fail pc=1191 interference-at=1187 op=CALL reg=32 range=[31,32]
[repack] simple-local pick pc=1190 op=KPRI def=31 range=[31,32]
[repack] simple-local pick pc=1185 op=MOV def=32 range=[31,32]
[repack] proto=202 pc=1191 accept existing FR2 slice [31,32]
[repack] proto=202 pc=1203 accept existing FR2 slice [31,35]
[repack] proto=202 pc=1215 accept existing FR2 slice [31,35]
[repack] proto=202 pc=1227 accept existing FR2 slice [31,35]
[repack] proto=202 pc=1239 accept existing FR2 slice [31,35]
[repack] proto=202 pc=1251 accept existing FR2 slice [31,35]
[repack] proto=202 pc=1263 accept existing FR2 slice [31,35]
[repack] proto=202 pc=1275 accept existing FR2 slice [31,35]
[repack] proto=202 pc=1287 accept existing FR2 slice [31,35]
[repack] proto=202 pc=1299 accept existing FR2 slice [31,35]
[repack] proto=202 pc=1311 accept existing FR2 slice [31,35]
[repack] proto=202 pc=1319 accept existing FR2 slice [31,33]
[repack] proto=202 pc=1326 copy-fallback keep legacy-overlap reason=call6-kstr-tdup-fnew-chain old=[30,34] new=[31,35] base=29 nargs=5 b=1
[repack] proto=202 pc=1326 copy-fallback reason=call6-kstr-tdup-fnew-chain insert_pc=1326 count=5 range=[30,34]->[31,35] deferred=0
[rebuild] proto=202 insert_pc=1326 old_proto_total=16980 new_proto_total=17000 old_payload=16977 new_payload=16997 debug_drop=3445
[repack] proto=202 pc=3 accept existing FR2 slice [2,2]
[repack] proto=202 pc=7 accept existing FR2 slice [3,3]
[repack] proto=202 pc=11 accept existing FR2 slice [4,4]
[repack] proto=202 pc=15 accept existing FR2 slice [5,5]
[repack] proto=202 pc=19 accept existing FR2 slice [6,6]
[repack] proto=202 pc=23 accept existing FR2 slice [7,7]
[repack] proto=202 pc=27 accept existing FR2 slice [8,8]
[repack] proto=202 pc=31 accept existing FR2 slice [9,9]
[repack] proto=202 pc=35 accept existing FR2 slice [10,10]
[repack] proto=202 pc=39 accept existing FR2 slice [11,11]
[repack] proto=202 pc=44 accept existing FR2 slice [13,13]
[repack] proto=202 pc=48 accept existing FR2 slice [14,14]
[repack] proto=202 pc=52 accept existing FR2 slice [15,15]
[repack] proto=202 pc=56 accept existing FR2 slice [16,16]
[repack] proto=202 pc=60 accept existing FR2 slice [17,17]
[repack] proto=202 pc=64 accept existing FR2 slice [18,18]
[repack] proto=202 pc=68 accept existing FR2 slice [19,19]
[repack] proto=202 pc=79 accept existing FR2 slice [20,20]
[repack] proto=202 pc=83 accept existing FR2 slice [20,20]
[repack] proto=202 pc=87 accept existing FR2 slice [20,20]
[repack] proto=202 pc=91 accept existing FR2 slice [20,21]
[repack] proto=202 pc=94 accept existing FR2 slice [20,20]
[repack] proto=202 pc=137 accept existing FR2 slice [21,21]
[repack] proto=202 pc=142 accept existing FR2 slice [21,22]
[repack] proto=202 pc=146 accept existing FR2 slice [21,22]
[repack] proto=202 pc=150 accept existing FR2 slice [21,22]
[repack] proto=202 pc=154 accept existing FR2 slice [21,22]
[repack] proto=202 pc=158 accept existing FR2 slice [21,22]
[repack] proto=202 pc=162 accept existing FR2 slice [21,22]
[repack] proto=202 pc=165 accept existing FR2 slice [21,21]
[repack] proto=202 pc=170 accept existing FR2 slice [26,27]
[repack] proto=202 pc=175 accept existing FR2 slice [21,21]
[repack] slice fail pc=180 target-at=177 range=[26,27]
[repack] simple-local pick pc=179 op=KPRI def=26 range=[26,27]
[repack] simple-local pick pc=169 op=KPRI def=27 range=[26,27]
[repack] proto=202 pc=180 accept existing FR2 slice [26,27]
[repack] slice fail pc=181 unresolved reg=23 range=[23,24]
[repack] readonly slice retry fail pc=181 read-at=180 op=CALL reg=24 range=[23,24]
[repack] simple-local pick pc=177 op=TGETS def=24 range=[23,24]
[repack] simple-local missing reg=23 range=[23,24]
[repack] slice fail pc=181 interference-at=180 op=CALL reg=24 range=[24,25]
[repack] simple-local pick pc=178 op=MOV def=25 range=[24,25]
[repack] simple-local pick pc=177 op=TGETS def=24 range=[24,25]
[repack] proto=202 pc=181 accept existing FR2 slice [24,25]
[repack] proto=202 pc=185 accept existing FR2 slice [21,21]
[repack] slice fail pc=190 target-at=187 range=[26,27]
[repack] simple-local pick pc=189 op=KPRI def=26 range=[26,27]
[repack] simple-local pick pc=169 op=KPRI def=27 range=[26,27]
[repack] proto=202 pc=190 accept existing FR2 slice [26,27]
[repack] proto=202 pc=197 accept existing FR2 slice [21,21]
[repack] proto=202 pc=212 accept existing FR2 slice [23,23]
[repack] proto=202 pc=235 accept existing FR2 slice [27,28]
[repack] proto=202 pc=241 accept existing FR2 slice [27,30]
[repack] proto=202 pc=247 accept existing FR2 slice [27,30]
[repack] proto=202 pc=253 accept existing FR2 slice [27,30]
[repack] proto=202 pc=259 accept existing FR2 slice [27,30]
[repack] proto=202 pc=265 accept existing FR2 slice [27,30]
[repack] proto=202 pc=271 accept existing FR2 slice [27,30]
[repack] proto=202 pc=277 accept existing FR2 slice [27,30]
[repack] proto=202 pc=283 accept existing FR2 slice [27,30]
[repack] proto=202 pc=289 accept existing FR2 slice [27,30]
[repack] proto=202 pc=295 accept existing FR2 slice [27,30]
[repack] proto=202 pc=301 accept existing FR2 slice [27,30]
[repack] proto=202 pc=307 accept existing FR2 slice [27,30]
[repack] proto=202 pc=313 accept existing FR2 slice [27,30]
[repack] proto=202 pc=319 accept existing FR2 slice [27,30]
[repack] proto=202 pc=325 accept existing FR2 slice [27,30]
[repack] proto=202 pc=331 accept existing FR2 slice [27,30]
[repack] proto=202 pc=337 accept existing FR2 slice [27,30]
[repack] proto=202 pc=343 accept existing FR2 slice [27,30]
[repack] proto=202 pc=349 accept existing FR2 slice [27,30]
[repack] proto=202 pc=355 accept existing FR2 slice [27,30]
[repack] proto=202 pc=361 accept existing FR2 slice [27,30]
[repack] proto=202 pc=367 accept existing FR2 slice [27,30]
[repack] proto=202 pc=373 accept existing FR2 slice [27,30]
[repack] proto=202 pc=379 accept existing FR2 slice [27,30]
[repack] proto=202 pc=385 accept existing FR2 slice [27,30]
[repack] proto=202 pc=391 accept existing FR2 slice [27,30]
[repack] proto=202 pc=397 accept existing FR2 slice [27,30]
[repack] proto=202 pc=403 accept existing FR2 slice [27,30]
[repack] proto=202 pc=409 accept existing FR2 slice [27,30]
[repack] proto=202 pc=415 accept existing FR2 slice [27,30]
[repack] proto=202 pc=421 accept existing FR2 slice [27,30]
[repack] proto=202 pc=427 accept existing FR2 slice [27,30]
[repack] proto=202 pc=433 accept existing FR2 slice [27,30]
[repack] proto=202 pc=439 accept existing FR2 slice [27,30]
[repack] proto=202 pc=445 accept existing FR2 slice [27,30]
[repack] proto=202 pc=448 accept existing FR2 slice [27,27]
[repack] proto=202 pc=455 accept existing FR2 slice [27,30]
[repack] proto=202 pc=458 accept existing FR2 slice [27,27]
[repack] proto=202 pc=465 accept existing FR2 slice [27,30]
[repack] proto=202 pc=471 accept existing FR2 slice [27,30]
[repack] proto=202 pc=477 accept existing FR2 slice [27,30]
[repack] proto=202 pc=483 accept existing FR2 slice [27,30]
[repack] proto=202 pc=489 accept existing FR2 slice [27,30]
[repack] proto=202 pc=495 accept existing FR2 slice [27,30]
[repack] proto=202 pc=501 accept existing FR2 slice [27,30]
[repack] proto=202 pc=507 accept existing FR2 slice [27,30]
[repack] proto=202 pc=513 accept existing FR2 slice [27,30]
[repack] proto=202 pc=519 accept existing FR2 slice [27,30]
[repack] proto=202 pc=525 accept existing FR2 slice [27,30]
[repack] proto=202 pc=531 accept existing FR2 slice [27,30]
[repack] proto=202 pc=537 accept existing FR2 slice [27,30]
[repack] proto=202 pc=543 accept existing FR2 slice [27,30]
[repack] proto=202 pc=550 accept existing FR2 slice [28,31]
[repack] proto=202 pc=556 accept existing FR2 slice [28,31]
[repack] proto=202 pc=562 accept existing FR2 slice [28,31]
[repack] proto=202 pc=568 accept existing FR2 slice [28,31]
[repack] proto=202 pc=574 accept existing FR2 slice [28,31]
[repack] proto=202 pc=580 accept existing FR2 slice [28,31]
[repack] proto=202 pc=586 accept existing FR2 slice [28,31]
[repack] proto=202 pc=592 accept existing FR2 slice [28,31]
[repack] slice fail pc=596 interference-at=592 op=CALL reg=29 range=[28,29]
[repack] simple-local pick pc=595 op=KPRI def=28 range=[28,29]
[repack] simple-local pick pc=590 op=KPRI def=29 range=[28,29]
[repack] proto=202 pc=596 accept existing FR2 slice [28,29]
[repack] proto=202 pc=602 accept existing FR2 slice [28,31]
[repack] slice fail pc=606 interference-at=602 op=CALL reg=29 range=[28,29]
[repack] simple-local pick pc=605 op=KPRI def=28 range=[28,29]
[repack] simple-local pick pc=600 op=KPRI def=29 range=[28,29]
[repack] proto=202 pc=606 accept existing FR2 slice [28,29]
[repack] proto=202 pc=612 accept existing FR2 slice [28,31]
[repack] proto=202 pc=615 accept existing FR2 slice [28,28]
[repack] proto=202 pc=624 accept existing FR2 slice [30,33]
[repack] proto=202 pc=630 accept existing FR2 slice [30,33]
[repack] proto=202 pc=636 accept existing FR2 slice [30,33]
[repack] proto=202 pc=642 accept existing FR2 slice [30,33]
[repack] proto=202 pc=648 accept existing FR2 slice [30,33]
[repack] proto=202 pc=654 accept existing FR2 slice [30,33]
[repack] slice fail pc=658 interference-at=654 op=CALL reg=31 range=[30,31]
[repack] simple-local pick pc=657 op=KPRI def=30 range=[30,31]
[repack] simple-local pick pc=652 op=KPRI def=31 range=[30,31]
[repack] proto=202 pc=658 accept existing FR2 slice [30,31]
[repack] proto=202 pc=664 accept existing FR2 slice [30,33]
[repack] slice fail pc=668 interference-at=664 op=CALL reg=31 range=[30,31]
[repack] simple-local pick pc=667 op=KPRI def=30 range=[30,31]
[repack] simple-local pick pc=662 op=KPRI def=31 range=[30,31]
[repack] proto=202 pc=668 accept existing FR2 slice [30,31]
[repack] proto=202 pc=674 accept existing FR2 slice [30,33]
[repack] slice fail pc=678 interference-at=674 op=CALL reg=31 range=[30,31]
[repack] simple-local pick pc=677 op=KPRI def=30 range=[30,31]
[repack] simple-local pick pc=672 op=KPRI def=31 range=[30,31]
[repack] proto=202 pc=678 accept existing FR2 slice [30,31]
[repack] slice fail pc=682 interference-at=674 op=CALL reg=31 range=[30,31]
[repack] simple-local pick pc=681 op=KPRI def=30 range=[30,31]
[repack] simple-local pick pc=672 op=KPRI def=31 range=[30,31]
[repack] proto=202 pc=682 accept existing FR2 slice [30,31]
[repack] slice fail pc=686 interference-at=674 op=CALL reg=31 range=[30,31]
[repack] simple-local pick pc=685 op=KPRI def=30 range=[30,31]
[repack] simple-local pick pc=672 op=KPRI def=31 range=[30,31]
[repack] proto=202 pc=686 accept existing FR2 slice [30,31]
[repack] slice fail pc=690 interference-at=674 op=CALL reg=31 range=[30,31]
[repack] simple-local pick pc=689 op=KPRI def=30 range=[30,31]
[repack] simple-local pick pc=672 op=KPRI def=31 range=[30,31]
[repack] proto=202 pc=690 accept existing FR2 slice [30,31]
[repack] slice fail pc=694 interference-at=674 op=CALL reg=31 range=[30,31]
[repack] simple-local pick pc=693 op=KPRI def=30 range=[30,31]
[repack] simple-local pick pc=672 op=KPRI def=31 range=[30,31]
[repack] proto=202 pc=694 accept existing FR2 slice [30,31]
[repack] slice fail pc=698 interference-at=674 op=CALL reg=31 range=[30,31]
[repack] simple-local pick pc=697 op=KPRI def=30 range=[30,31]
[repack] simple-local pick pc=672 op=KPRI def=31 range=[30,31]
[repack] proto=202 pc=698 accept existing FR2 slice [30,31]
[repack] slice fail pc=702 interference-at=674 op=CALL reg=31 range=[30,31]
[repack] simple-local pick pc=701 op=KPRI def=30 range=[30,31]
[repack] simple-local pick pc=672 op=KPRI def=31 range=[30,31]
[repack] proto=202 pc=702 accept existing FR2 slice [30,31]
[repack] proto=202 pc=708 accept existing FR2 slice [30,33]
[repack] proto=202 pc=714 accept existing FR2 slice [30,33]
[repack] proto=202 pc=720 accept existing FR2 slice [30,33]
[repack] proto=202 pc=726 accept existing FR2 slice [30,33]
[repack] proto=202 pc=732 accept existing FR2 slice [30,33]
[repack] proto=202 pc=738 accept existing FR2 slice [30,33]
[repack] proto=202 pc=744 accept existing FR2 slice [30,33]
[repack] slice fail pc=748 interference-at=744 op=CALL reg=31 range=[30,31]
[repack] simple-local pick pc=747 op=KPRI def=30 range=[30,31]
[repack] simple-local pick pc=742 op=KPRI def=31 range=[30,31]
[repack] proto=202 pc=748 accept existing FR2 slice [30,31]
[repack] proto=202 pc=754 accept existing FR2 slice [30,33]
[repack] proto=202 pc=760 accept existing FR2 slice [30,33]
[repack] slice fail pc=764 interference-at=760 op=CALL reg=31 range=[30,31]
[repack] simple-local pick pc=763 op=KPRI def=30 range=[30,31]
[repack] simple-local pick pc=758 op=KPRI def=31 range=[30,31]
[repack] proto=202 pc=764 accept existing FR2 slice [30,31]
[repack] proto=202 pc=770 accept existing FR2 slice [30,33]
[repack] proto=202 pc=776 accept existing FR2 slice [30,33]
[repack] proto=202 pc=782 accept existing FR2 slice [30,33]
[repack] proto=202 pc=788 accept existing FR2 slice [30,33]
[repack] slice fail pc=792 interference-at=788 op=CALL reg=31 range=[30,31]
[repack] simple-local pick pc=791 op=KPRI def=30 range=[30,31]
[repack] simple-local pick pc=786 op=KPRI def=31 range=[30,31]
[repack] proto=202 pc=792 accept existing FR2 slice [30,31]
[repack] slice fail pc=796 interference-at=788 op=CALL reg=31 range=[30,31]
[repack] simple-local pick pc=795 op=KPRI def=30 range=[30,31]
[repack] simple-local pick pc=786 op=KPRI def=31 range=[30,31]
[repack] proto=202 pc=796 accept existing FR2 slice [30,31]
[repack] slice fail pc=800 interference-at=788 op=CALL reg=31 range=[30,31]
[repack] simple-local pick pc=799 op=KPRI def=30 range=[30,31]
[repack] simple-local pick pc=786 op=KPRI def=31 range=[30,31]
[repack] proto=202 pc=800 accept existing FR2 slice [30,31]
[repack] proto=202 pc=806 accept existing FR2 slice [30,33]
[repack] proto=202 pc=812 accept existing FR2 slice [30,33]
[repack] proto=202 pc=818 accept existing FR2 slice [30,33]
[repack] proto=202 pc=824 accept existing FR2 slice [30,33]
[repack] proto=202 pc=830 accept existing FR2 slice [30,33]
[repack] proto=202 pc=836 accept existing FR2 slice [30,33]
[repack] proto=202 pc=842 accept existing FR2 slice [30,33]
[repack] proto=202 pc=848 accept existing FR2 slice [30,33]
[repack] proto=202 pc=854 accept existing FR2 slice [30,33]
[repack] slice fail pc=858 interference-at=854 op=CALL reg=31 range=[30,31]
[repack] simple-local pick pc=857 op=KPRI def=30 range=[30,31]
[repack] simple-local pick pc=852 op=KPRI def=31 range=[30,31]
[repack] proto=202 pc=858 accept existing FR2 slice [30,31]
[repack] proto=202 pc=864 accept existing FR2 slice [30,33]
[repack] proto=202 pc=870 accept existing FR2 slice [30,33]
[repack] proto=202 pc=876 accept existing FR2 slice [30,33]
[repack] proto=202 pc=882 accept existing FR2 slice [30,33]
[repack] proto=202 pc=888 accept existing FR2 slice [30,33]
[repack] proto=202 pc=894 accept existing FR2 slice [30,33]
[repack] proto=202 pc=900 accept existing FR2 slice [30,33]
[repack] proto=202 pc=906 accept existing FR2 slice [30,33]
[repack] proto=202 pc=912 accept existing FR2 slice [30,33]
[repack] proto=202 pc=918 accept existing FR2 slice [30,33]
[repack] proto=202 pc=924 accept existing FR2 slice [30,33]
[repack] proto=202 pc=930 accept existing FR2 slice [30,33]
[repack] proto=202 pc=936 accept existing FR2 slice [30,33]
[repack] proto=202 pc=942 accept existing FR2 slice [30,33]
[repack] proto=202 pc=948 accept existing FR2 slice [30,33]
[repack] proto=202 pc=954 accept existing FR2 slice [30,33]
[repack] slice fail pc=958 interference-at=954 op=CALL reg=31 range=[30,31]
[repack] simple-local pick pc=957 op=KPRI def=30 range=[30,31]
[repack] simple-local pick pc=952 op=KPRI def=31 range=[30,31]
[repack] proto=202 pc=958 accept existing FR2 slice [30,31]
[repack] slice fail pc=962 interference-at=954 op=CALL reg=31 range=[30,31]
[repack] simple-local pick pc=961 op=KPRI def=30 range=[30,31]
[repack] simple-local pick pc=952 op=KPRI def=31 range=[30,31]
[repack] proto=202 pc=962 accept existing FR2 slice [30,31]
[repack] proto=202 pc=987 accept existing FR2 slice [30,33]
[repack] proto=202 pc=993 accept existing FR2 slice [30,33]
[repack] proto=202 pc=999 accept existing FR2 slice [30,33]
[repack] proto=202 pc=1005 accept existing FR2 slice [30,33]
[repack] proto=202 pc=1011 accept existing FR2 slice [30,33]
[repack] slice fail pc=1015 interference-at=1011 op=CALL reg=31 range=[30,31]
[repack] simple-local pick pc=1014 op=KPRI def=30 range=[30,31]
[repack] simple-local pick pc=1009 op=KPRI def=31 range=[30,31]
[repack] proto=202 pc=1015 accept existing FR2 slice [30,31]
[repack] proto=202 pc=1021 accept existing FR2 slice [30,33]
[repack] proto=202 pc=1027 accept existing FR2 slice [30,33]
[repack] proto=202 pc=1033 accept existing FR2 slice [30,33]
[repack] slice fail pc=1037 interference-at=1033 op=CALL reg=31 range=[30,31]
[repack] simple-local pick pc=1036 op=KPRI def=30 range=[30,31]
[repack] simple-local pick pc=1031 op=KPRI def=31 range=[30,31]
[repack] proto=202 pc=1037 accept existing FR2 slice [30,31]
[repack] proto=202 pc=1043 accept existing FR2 slice [30,33]
[repack] proto=202 pc=1046 accept existing FR2 slice [30,30]
[repack] proto=202 pc=1052 accept existing FR2 slice [31,34]
[repack] proto=202 pc=1058 accept existing FR2 slice [31,34]
[repack] proto=202 pc=1064 accept existing FR2 slice [31,34]
[repack] proto=202 pc=1070 accept existing FR2 slice [31,34]
[repack] proto=202 pc=1076 accept existing FR2 slice [31,34]
[repack] proto=202 pc=1082 accept existing FR2 slice [31,34]
[repack] proto=202 pc=1088 accept existing FR2 slice [31,34]
[repack] proto=202 pc=1094 accept existing FR2 slice [31,34]
[repack] proto=202 pc=1100 accept existing FR2 slice [31,34]
[repack] proto=202 pc=1106 accept existing FR2 slice [31,34]
[repack] proto=202 pc=1110 accept existing FR2 slice [32,32]
[repack] proto=202 pc=1115 accept existing FR2 slice [31,32]
[repack] proto=202 pc=1121 accept existing FR2 slice [31,34]
[repack] proto=202 pc=1127 accept existing FR2 slice [31,34]
[repack] proto=202 pc=1133 accept existing FR2 slice [31,34]
[repack] proto=202 pc=1139 accept existing FR2 slice [31,34]
[repack] proto=202 pc=1151 accept existing FR2 slice [31,35]
[repack] proto=202 pc=1163 accept existing FR2 slice [31,35]
[repack] proto=202 pc=1175 accept existing FR2 slice [31,35]
[repack] proto=202 pc=1187 accept existing FR2 slice [31,35]
[repack] slice fail pc=1191 interference-at=1187 op=CALL reg=32 range=[31,32]
[repack] simple-local pick pc=1190 op=KPRI def=31 range=[31,32]
[repack] simple-local pick pc=1185 op=MOV def=32 range=[31,32]
[repack] proto=202 pc=1191 accept existing FR2 slice [31,32]
[repack] proto=202 pc=1203 accept existing FR2 slice [31,35]
[repack] proto=202 pc=1215 accept existing FR2 slice [31,35]
[repack] proto=202 pc=1227 accept existing FR2 slice [31,35]
[repack] proto=202 pc=1239 accept existing FR2 slice [31,35]
[repack] proto=202 pc=1251 accept existing FR2 slice [31,35]
[repack] proto=202 pc=1263 accept existing FR2 slice [31,35]
[repack] proto=202 pc=1275 accept existing FR2 slice [31,35]
[repack] proto=202 pc=1287 accept existing FR2 slice [31,35]
[repack] proto=202 pc=1299 accept existing FR2 slice [31,35]
[repack] proto=202 pc=1311 accept existing FR2 slice [31,35]
[repack] proto=202 pc=1319 accept existing FR2 slice [31,33]
[repack] proto=202 pc=1331 accept existing FR2 slice [31,35]
[repack] proto=202 pc=1338 copy-fallback keep legacy-overlap reason=call6-kstr-tdup-fnew-chain old=[30,34] new=[31,35] base=29 nargs=5 b=1
[repack] proto=202 pc=1338 copy-fallback reason=call6-kstr-tdup-fnew-chain insert_pc=1338 count=5 range=[30,34]->[31,35] deferred=0
[rebuild] proto=202 insert_pc=1338 old_proto_total=17000 new_proto_total=17020 old_payload=16997 new_payload=17017 debug_drop=3445
[repack] proto=202 pc=3 accept existing FR2 slice [2,2]
[repack] proto=202 pc=7 accept existing FR2 slice [3,3]
[repack] proto=202 pc=11 accept existing FR2 slice [4,4]
[repack] proto=202 pc=15 accept existing FR2 slice [5,5]
[repack] proto=202 pc=19 accept existing FR2 slice [6,6]
[repack] proto=202 pc=23 accept existing FR2 slice [7,7]
[repack] proto=202 pc=27 accept existing FR2 slice [8,8]
[repack] proto=202 pc=31 accept existing FR2 slice [9,9]
[repack] proto=202 pc=35 accept existing FR2 slice [10,10]
[repack] proto=202 pc=39 accept existing FR2 slice [11,11]
[repack] proto=202 pc=44 accept existing FR2 slice [13,13]
[repack] proto=202 pc=48 accept existing FR2 slice [14,14]
[repack] proto=202 pc=52 accept existing FR2 slice [15,15]
[repack] proto=202 pc=56 accept existing FR2 slice [16,16]
[repack] proto=202 pc=60 accept existing FR2 slice [17,17]
[repack] proto=202 pc=64 accept existing FR2 slice [18,18]
[repack] proto=202 pc=68 accept existing FR2 slice [19,19]
[repack] proto=202 pc=79 accept existing FR2 slice [20,20]
[repack] proto=202 pc=83 accept existing FR2 slice [20,20]
[repack] proto=202 pc=87 accept existing FR2 slice [20,20]
[repack] proto=202 pc=91 accept existing FR2 slice [20,21]
[repack] proto=202 pc=94 accept existing FR2 slice [20,20]
[repack] proto=202 pc=137 accept existing FR2 slice [21,21]
[repack] proto=202 pc=142 accept existing FR2 slice [21,22]
[repack] proto=202 pc=146 accept existing FR2 slice [21,22]
[repack] proto=202 pc=150 accept existing FR2 slice [21,22]
[repack] proto=202 pc=154 accept existing FR2 slice [21,22]
[repack] proto=202 pc=158 accept existing FR2 slice [21,22]
[repack] proto=202 pc=162 accept existing FR2 slice [21,22]
[repack] proto=202 pc=165 accept existing FR2 slice [21,21]
[repack] proto=202 pc=170 accept existing FR2 slice [26,27]
[repack] proto=202 pc=175 accept existing FR2 slice [21,21]
[repack] slice fail pc=180 target-at=177 range=[26,27]
[repack] simple-local pick pc=179 op=KPRI def=26 range=[26,27]
[repack] simple-local pick pc=169 op=KPRI def=27 range=[26,27]
[repack] proto=202 pc=180 accept existing FR2 slice [26,27]
[repack] slice fail pc=181 unresolved reg=23 range=[23,24]
[repack] readonly slice retry fail pc=181 read-at=180 op=CALL reg=24 range=[23,24]
[repack] simple-local pick pc=177 op=TGETS def=24 range=[23,24]
[repack] simple-local missing reg=23 range=[23,24]
[repack] slice fail pc=181 interference-at=180 op=CALL reg=24 range=[24,25]
[repack] simple-local pick pc=178 op=MOV def=25 range=[24,25]
[repack] simple-local pick pc=177 op=TGETS def=24 range=[24,25]
[repack] proto=202 pc=181 accept existing FR2 slice [24,25]
[repack] proto=202 pc=185 accept existing FR2 slice [21,21]
[repack] slice fail pc=190 target-at=187 range=[26,27]
[repack] simple-local pick pc=189 op=KPRI def=26 range=[26,27]
[repack] simple-local pick pc=169 op=KPRI def=27 range=[26,27]
[repack] proto=202 pc=190 accept existing FR2 slice [26,27]
[repack] proto=202 pc=197 accept existing FR2 slice [21,21]
[repack] proto=202 pc=212 accept existing FR2 slice [23,23]
[repack] proto=202 pc=235 accept existing FR2 slice [27,28]
[repack] proto=202 pc=241 accept existing FR2 slice [27,30]
[repack] proto=202 pc=247 accept existing FR2 slice [27,30]
[repack] proto=202 pc=253 accept existing FR2 slice [27,30]
[repack] proto=202 pc=259 accept existing FR2 slice [27,30]
[repack] proto=202 pc=265 accept existing FR2 slice [27,30]
[repack] proto=202 pc=271 accept existing FR2 slice [27,30]
[repack] proto=202 pc=277 accept existing FR2 slice [27,30]
[repack] proto=202 pc=283 accept existing FR2 slice [27,30]
[repack] proto=202 pc=289 accept existing FR2 slice [27,30]
[repack] proto=202 pc=295 accept existing FR2 slice [27,30]
[repack] proto=202 pc=301 accept existing FR2 slice [27,30]
[repack] proto=202 pc=307 accept existing FR2 slice [27,30]
[repack] proto=202 pc=313 accept existing FR2 slice [27,30]
[repack] proto=202 pc=319 accept existing FR2 slice [27,30]
[repack] proto=202 pc=325 accept existing FR2 slice [27,30]
[repack] proto=202 pc=331 accept existing FR2 slice [27,30]
[repack] proto=202 pc=337 accept existing FR2 slice [27,30]
[repack] proto=202 pc=343 accept existing FR2 slice [27,30]
[repack] proto=202 pc=349 accept existing FR2 slice [27,30]
[repack] proto=202 pc=355 accept existing FR2 slice [27,30]
[repack] proto=202 pc=361 accept existing FR2 slice [27,30]
[repack] proto=202 pc=367 accept existing FR2 slice [27,30]
[repack] proto=202 pc=373 accept existing FR2 slice [27,30]
[repack] proto=202 pc=379 accept existing FR2 slice [27,30]
[repack] proto=202 pc=385 accept existing FR2 slice [27,30]
[repack] proto=202 pc=391 accept existing FR2 slice [27,30]
[repack] proto=202 pc=397 accept existing FR2 slice [27,30]
[repack] proto=202 pc=403 accept existing FR2 slice [27,30]
[repack] proto=202 pc=409 accept existing FR2 slice [27,30]
[repack] proto=202 pc=415 accept existing FR2 slice [27,30]
[repack] proto=202 pc=421 accept existing FR2 slice [27,30]
[repack] proto=202 pc=427 accept existing FR2 slice [27,30]
[repack] proto=202 pc=433 accept existing FR2 slice [27,30]
[repack] proto=202 pc=439 accept existing FR2 slice [27,30]
[repack] proto=202 pc=445 accept existing FR2 slice [27,30]
[repack] proto=202 pc=448 accept existing FR2 slice [27,27]
[repack] proto=202 pc=455 accept existing FR2 slice [27,30]
[repack] proto=202 pc=458 accept existing FR2 slice [27,27]
[repack] proto=202 pc=465 accept existing FR2 slice [27,30]
[repack] proto=202 pc=471 accept existing FR2 slice [27,30]
[repack] proto=202 pc=477 accept existing FR2 slice [27,30]
[repack] proto=202 pc=483 accept existing FR2 slice [27,30]
[repack] proto=202 pc=489 accept existing FR2 slice [27,30]
[repack] proto=202 pc=495 accept existing FR2 slice [27,30]
[repack] proto=202 pc=501 accept existing FR2 slice [27,30]
[repack] proto=202 pc=507 accept existing FR2 slice [27,30]
[repack] proto=202 pc=513 accept existing FR2 slice [27,30]
[repack] proto=202 pc=519 accept existing FR2 slice [27,30]
[repack] proto=202 pc=525 accept existing FR2 slice [27,30]
[repack] proto=202 pc=531 accept existing FR2 slice [27,30]
[repack] proto=202 pc=537 accept existing FR2 slice [27,30]
[repack] proto=202 pc=543 accept existing FR2 slice [27,30]
[repack] proto=202 pc=550 accept existing FR2 slice [28,31]
[repack] proto=202 pc=556 accept existing FR2 slice [28,31]
[repack] proto=202 pc=562 accept existing FR2 slice [28,31]
[repack] proto=202 pc=568 accept existing FR2 slice [28,31]
[repack] proto=202 pc=574 accept existing FR2 slice [28,31]
[repack] proto=202 pc=580 accept existing FR2 slice [28,31]
[repack] proto=202 pc=586 accept existing FR2 slice [28,31]
[repack] proto=202 pc=592 accept existing FR2 slice [28,31]
[repack] slice fail pc=596 interference-at=592 op=CALL reg=29 range=[28,29]
[repack] simple-local pick pc=595 op=KPRI def=28 range=[28,29]
[repack] simple-local pick pc=590 op=KPRI def=29 range=[28,29]
[repack] proto=202 pc=596 accept existing FR2 slice [28,29]
[repack] proto=202 pc=602 accept existing FR2 slice [28,31]
[repack] slice fail pc=606 interference-at=602 op=CALL reg=29 range=[28,29]
[repack] simple-local pick pc=605 op=KPRI def=28 range=[28,29]
[repack] simple-local pick pc=600 op=KPRI def=29 range=[28,29]
[repack] proto=202 pc=606 accept existing FR2 slice [28,29]
[repack] proto=202 pc=612 accept existing FR2 slice [28,31]
[repack] proto=202 pc=615 accept existing FR2 slice [28,28]
[repack] proto=202 pc=624 accept existing FR2 slice [30,33]
[repack] proto=202 pc=630 accept existing FR2 slice [30,33]
[repack] proto=202 pc=636 accept existing FR2 slice [30,33]
[repack] proto=202 pc=642 accept existing FR2 slice [30,33]
[repack] proto=202 pc=648 accept existing FR2 slice [30,33]
[repack] proto=202 pc=654 accept existing FR2 slice [30,33]
[repack] slice fail pc=658 interference-at=654 op=CALL reg=31 range=[30,31]
[repack] simple-local pick pc=657 op=KPRI def=30 range=[30,31]
[repack] simple-local pick pc=652 op=KPRI def=31 range=[30,31]
[repack] proto=202 pc=658 accept existing FR2 slice [30,31]
[repack] proto=202 pc=664 accept existing FR2 slice [30,33]
[repack] slice fail pc=668 interference-at=664 op=CALL reg=31 range=[30,31]
[repack] simple-local pick pc=667 op=KPRI def=30 range=[30,31]
[repack] simple-local pick pc=662 op=KPRI def=31 range=[30,31]
[repack] proto=202 pc=668 accept existing FR2 slice [30,31]
[repack] proto=202 pc=674 accept existing FR2 slice [30,33]
[repack] slice fail pc=678 interference-at=674 op=CALL reg=31 range=[30,31]
[repack] simple-local pick pc=677 op=KPRI def=30 range=[30,31]
[repack] simple-local pick pc=672 op=KPRI def=31 range=[30,31]
[repack] proto=202 pc=678 accept existing FR2 slice [30,31]
[repack] slice fail pc=682 interference-at=674 op=CALL reg=31 range=[30,31]
[repack] simple-local pick pc=681 op=KPRI def=30 range=[30,31]
[repack] simple-local pick pc=672 op=KPRI def=31 range=[30,31]
[repack] proto=202 pc=682 accept existing FR2 slice [30,31]
[repack] slice fail pc=686 interference-at=674 op=CALL reg=31 range=[30,31]
[repack] simple-local pick pc=685 op=KPRI def=30 range=[30,31]
[repack] simple-local pick pc=672 op=KPRI def=31 range=[30,31]
[repack] proto=202 pc=686 accept existing FR2 slice [30,31]
[repack] slice fail pc=690 interference-at=674 op=CALL reg=31 range=[30,31]
[repack] simple-local pick pc=689 op=KPRI def=30 range=[30,31]
[repack] simple-local pick pc=672 op=KPRI def=31 range=[30,31]
[repack] proto=202 pc=690 accept existing FR2 slice [30,31]
[repack] slice fail pc=694 interference-at=674 op=CALL reg=31 range=[30,31]
[repack] simple-local pick pc=693 op=KPRI def=30 range=[30,31]
[repack] simple-local pick pc=672 op=KPRI def=31 range=[30,31]
[repack] proto=202 pc=694 accept existing FR2 slice [30,31]
[repack] slice fail pc=698 interference-at=674 op=CALL reg=31 range=[30,31]
[repack] simple-local pick pc=697 op=KPRI def=30 range=[30,31]
[repack] simple-local pick pc=672 op=KPRI def=31 range=[30,31]
[repack] proto=202 pc=698 accept existing FR2 slice [30,31]
[repack] slice fail pc=702 interference-at=674 op=CALL reg=31 range=[30,31]
[repack] simple-local pick pc=701 op=KPRI def=30 range=[30,31]
[repack] simple-local pick pc=672 op=KPRI def=31 range=[30,31]
[repack] proto=202 pc=702 accept existing FR2 slice [30,31]
[repack] proto=202 pc=708 accept existing FR2 slice [30,33]
[repack] proto=202 pc=714 accept existing FR2 slice [30,33]
[repack] proto=202 pc=720 accept existing FR2 slice [30,33]
[repack] proto=202 pc=726 accept existing FR2 slice [30,33]
[repack] proto=202 pc=732 accept existing FR2 slice [30,33]
[repack] proto=202 pc=738 accept existing FR2 slice [30,33]
[repack] proto=202 pc=744 accept existing FR2 slice [30,33]
[repack] slice fail pc=748 interference-at=744 op=CALL reg=31 range=[30,31]
[repack] simple-local pick pc=747 op=KPRI def=30 range=[30,31]
[repack] simple-local pick pc=742 op=KPRI def=31 range=[30,31]
[repack] proto=202 pc=748 accept existing FR2 slice [30,31]
[repack] proto=202 pc=754 accept existing FR2 slice [30,33]
[repack] proto=202 pc=760 accept existing FR2 slice [30,33]
[repack] slice fail pc=764 interference-at=760 op=CALL reg=31 range=[30,31]
[repack] simple-local pick pc=763 op=KPRI def=30 range=[30,31]
[repack] simple-local pick pc=758 op=KPRI def=31 range=[30,31]
[repack] proto=202 pc=764 accept existing FR2 slice [30,31]
[repack] proto=202 pc=770 accept existing FR2 slice [30,33]
[repack] proto=202 pc=776 accept existing FR2 slice [30,33]
[repack] proto=202 pc=782 accept existing FR2 slice [30,33]
[repack] proto=202 pc=788 accept existing FR2 slice [30,33]
[repack] slice fail pc=792 interference-at=788 op=CALL reg=31 range=[30,31]
[repack] simple-local pick pc=791 op=KPRI def=30 range=[30,31]
[repack] simple-local pick pc=786 op=KPRI def=31 range=[30,31]
[repack] proto=202 pc=792 accept existing FR2 slice [30,31]
[repack] slice fail pc=796 interference-at=788 op=CALL reg=31 range=[30,31]
[repack] simple-local pick pc=795 op=KPRI def=30 range=[30,31]
[repack] simple-local pick pc=786 op=KPRI def=31 range=[30,31]
[repack] proto=202 pc=796 accept existing FR2 slice [30,31]
[repack] slice fail pc=800 interference-at=788 op=CALL reg=31 range=[30,31]
[repack] simple-local pick pc=799 op=KPRI def=30 range=[30,31]
[repack] simple-local pick pc=786 op=KPRI def=31 range=[30,31]
[repack] proto=202 pc=800 accept existing FR2 slice [30,31]
[repack] proto=202 pc=806 accept existing FR2 slice [30,33]
[repack] proto=202 pc=812 accept existing FR2 slice [30,33]
[repack] proto=202 pc=818 accept existing FR2 slice [30,33]
[repack] proto=202 pc=824 accept existing FR2 slice [30,33]
[repack] proto=202 pc=830 accept existing FR2 slice [30,33]
[repack] proto=202 pc=836 accept existing FR2 slice [30,33]
[repack] proto=202 pc=842 accept existing FR2 slice [30,33]
[repack] proto=202 pc=848 accept existing FR2 slice [30,33]
[repack] proto=202 pc=854 accept existing FR2 slice [30,33]
[repack] slice fail pc=858 interference-at=854 op=CALL reg=31 range=[30,31]
[repack] simple-local pick pc=857 op=KPRI def=30 range=[30,31]
[repack] simple-local pick pc=852 op=KPRI def=31 range=[30,31]
[repack] proto=202 pc=858 accept existing FR2 slice [30,31]
[repack] proto=202 pc=864 accept existing FR2 slice [30,33]
[repack] proto=202 pc=870 accept existing FR2 slice [30,33]
[repack] proto=202 pc=876 accept existing FR2 slice [30,33]
[repack] proto=202 pc=882 accept existing FR2 slice [30,33]
[repack] proto=202 pc=888 accept existing FR2 slice [30,33]
[repack] proto=202 pc=894 accept existing FR2 slice [30,33]
[repack] proto=202 pc=900 accept existing FR2 slice [30,33]
[repack] proto=202 pc=906 accept existing FR2 slice [30,33]
[repack] proto=202 pc=912 accept existing FR2 slice [30,33]
[repack] proto=202 pc=918 accept existing FR2 slice [30,33]
[repack] proto=202 pc=924 accept existing FR2 slice [30,33]
[repack] proto=202 pc=930 accept existing FR2 slice [30,33]
[repack] proto=202 pc=936 accept existing FR2 slice [30,33]
[repack] proto=202 pc=942 accept existing FR2 slice [30,33]
[repack] proto=202 pc=948 accept existing FR2 slice [30,33]
[repack] proto=202 pc=954 accept existing FR2 slice [30,33]
[repack] slice fail pc=958 interference-at=954 op=CALL reg=31 range=[30,31]
[repack] simple-local pick pc=957 op=KPRI def=30 range=[30,31]
[repack] simple-local pick pc=952 op=KPRI def=31 range=[30,31]
[repack] proto=202 pc=958 accept existing FR2 slice [30,31]
[repack] slice fail pc=962 interference-at=954 op=CALL reg=31 range=[30,31]
[repack] simple-local pick pc=961 op=KPRI def=30 range=[30,31]
[repack] simple-local pick pc=952 op=KPRI def=31 range=[30,31]
[repack] proto=202 pc=962 accept existing FR2 slice [30,31]
[repack] proto=202 pc=987 accept existing FR2 slice [30,33]
[repack] proto=202 pc=993 accept existing FR2 slice [30,33]
[repack] proto=202 pc=999 accept existing FR2 slice [30,33]
[repack] proto=202 pc=1005 accept existing FR2 slice [30,33]
[repack] proto=202 pc=1011 accept existing FR2 slice [30,33]
[repack] slice fail pc=1015 interference-at=1011 op=CALL reg=31 range=[30,31]
[repack] simple-local pick pc=1014 op=KPRI def=30 range=[30,31]
[repack] simple-local pick pc=1009 op=KPRI def=31 range=[30,31]
[repack] proto=202 pc=1015 accept existing FR2 slice [30,31]
[repack] proto=202 pc=1021 accept existing FR2 slice [30,33]
[repack] proto=202 pc=1027 accept existing FR2 slice [30,33]
[repack] proto=202 pc=1033 accept existing FR2 slice [30,33]
[repack] slice fail pc=1037 interference-at=1033 op=CALL reg=31 range=[30,31]
[repack] simple-local pick pc=1036 op=KPRI def=30 range=[30,31]
[repack] simple-local pick pc=1031 op=KPRI def=31 range=[30,31]
[repack] proto=202 pc=1037 accept existing FR2 slice [30,31]
[repack] proto=202 pc=1043 accept existing FR2 slice [30,33]
[repack] proto=202 pc=1046 accept existing FR2 slice [30,30]
[repack] proto=202 pc=1052 accept existing FR2 slice [31,34]
[repack] proto=202 pc=1058 accept existing FR2 slice [31,34]
[repack] proto=202 pc=1064 accept existing FR2 slice [31,34]
[repack] proto=202 pc=1070 accept existing FR2 slice [31,34]
[repack] proto=202 pc=1076 accept existing FR2 slice [31,34]
[repack] proto=202 pc=1082 accept existing FR2 slice [31,34]
[repack] proto=202 pc=1088 accept existing FR2 slice [31,34]
[repack] proto=202 pc=1094 accept existing FR2 slice [31,34]
[repack] proto=202 pc=1100 accept existing FR2 slice [31,34]
[repack] proto=202 pc=1106 accept existing FR2 slice [31,34]
[repack] proto=202 pc=1110 accept existing FR2 slice [32,32]
[repack] proto=202 pc=1115 accept existing FR2 slice [31,32]
[repack] proto=202 pc=1121 accept existing FR2 slice [31,34]
[repack] proto=202 pc=1127 accept existing FR2 slice [31,34]
[repack] proto=202 pc=1133 accept existing FR2 slice [31,34]
[repack] proto=202 pc=1139 accept existing FR2 slice [31,34]
[repack] proto=202 pc=1151 accept existing FR2 slice [31,35]
[repack] proto=202 pc=1163 accept existing FR2 slice [31,35]
[repack] proto=202 pc=1175 accept existing FR2 slice [31,35]
[repack] proto=202 pc=1187 accept existing FR2 slice [31,35]
[repack] slice fail pc=1191 interference-at=1187 op=CALL reg=32 range=[31,32]
[repack] simple-local pick pc=1190 op=KPRI def=31 range=[31,32]
[repack] simple-local pick pc=1185 op=MOV def=32 range=[31,32]
[repack] proto=202 pc=1191 accept existing FR2 slice [31,32]
[repack] proto=202 pc=1203 accept existing FR2 slice [31,35]
[repack] proto=202 pc=1215 accept existing FR2 slice [31,35]
[repack] proto=202 pc=1227 accept existing FR2 slice [31,35]
[repack] proto=202 pc=1239 accept existing FR2 slice [31,35]
[repack] proto=202 pc=1251 accept existing FR2 slice [31,35]
[repack] proto=202 pc=1263 accept existing FR2 slice [31,35]
[repack] proto=202 pc=1275 accept existing FR2 slice [31,35]
[repack] proto=202 pc=1287 accept existing FR2 slice [31,35]
[repack] proto=202 pc=1299 accept existing FR2 slice [31,35]
[repack] proto=202 pc=1311 accept existing FR2 slice [31,35]
[repack] proto=202 pc=1319 accept existing FR2 slice [31,33]
[repack] proto=202 pc=1331 accept existing FR2 slice [31,35]
[repack] proto=202 pc=1343 accept existing FR2 slice [31,35]
[repack] proto=202 pc=1348 copy-fallback keep legacy-overlap reason=call6-kstr-tdup-fnew-chain old=[30,32] new=[31,33] base=29 nargs=3 b=1
[repack] proto=202 pc=1348 copy-fallback reason=call6-kstr-tdup-fnew-chain insert_pc=1348 count=3 range=[30,32]->[31,33] deferred=0
[rebuild] proto=202 insert_pc=1348 old_proto_total=17020 new_proto_total=17032 old_payload=17017 new_payload=17029 debug_drop=3445
[repack] proto=202 pc=3 accept existing FR2 slice [2,2]
[repack] proto=202 pc=7 accept existing FR2 slice [3,3]
[repack] proto=202 pc=11 accept existing FR2 slice [4,4]
[repack] proto=202 pc=15 accept existing FR2 slice [5,5]
[repack] proto=202 pc=19 accept existing FR2 slice [6,6]
[repack] proto=202 pc=23 accept existing FR2 slice [7,7]
[repack] proto=202 pc=27 accept existing FR2 slice [8,8]
[repack] proto=202 pc=31 accept existing FR2 slice [9,9]
[repack] proto=202 pc=35 accept existing FR2 slice [10,10]
[repack] proto=202 pc=39 accept existing FR2 slice [11,11]
[repack] proto=202 pc=44 accept existing FR2 slice [13,13]
[repack] proto=202 pc=48 accept existing FR2 slice [14,14]
[repack] proto=202 pc=52 accept existing FR2 slice [15,15]
[repack] proto=202 pc=56 accept existing FR2 slice [16,16]
[repack] proto=202 pc=60 accept existing FR2 slice [17,17]
[repack] proto=202 pc=64 accept existing FR2 slice [18,18]
[repack] proto=202 pc=68 accept existing FR2 slice [19,19]
[repack] proto=202 pc=79 accept existing FR2 slice [20,20]
[repack] proto=202 pc=83 accept existing FR2 slice [20,20]
[repack] proto=202 pc=87 accept existing FR2 slice [20,20]
[repack] proto=202 pc=91 accept existing FR2 slice [20,21]
[repack] proto=202 pc=94 accept existing FR2 slice [20,20]
[repack] proto=202 pc=137 accept existing FR2 slice [21,21]
[repack] proto=202 pc=142 accept existing FR2 slice [21,22]
[repack] proto=202 pc=146 accept existing FR2 slice [21,22]
[repack] proto=202 pc=150 accept existing FR2 slice [21,22]
[repack] proto=202 pc=154 accept existing FR2 slice [21,22]
[repack] proto=202 pc=158 accept existing FR2 slice [21,22]
[repack] proto=202 pc=162 accept existing FR2 slice [21,22]
[repack] proto=202 pc=165 accept existing FR2 slice [21,21]
[repack] proto=202 pc=170 accept existing FR2 slice [26,27]
[repack] proto=202 pc=175 accept existing FR2 slice [21,21]
[repack] slice fail pc=180 target-at=177 range=[26,27]
[repack] simple-local pick pc=179 op=KPRI def=26 range=[26,27]
[repack] simple-local pick pc=169 op=KPRI def=27 range=[26,27]
[repack] proto=202 pc=180 accept existing FR2 slice [26,27]
[repack] slice fail pc=181 unresolved reg=23 range=[23,24]
[repack] readonly slice retry fail pc=181 read-at=180 op=CALL reg=24 range=[23,24]
[repack] simple-local pick pc=177 op=TGETS def=24 range=[23,24]
[repack] simple-local missing reg=23 range=[23,24]
[repack] slice fail pc=181 interference-at=180 op=CALL reg=24 range=[24,25]
[repack] simple-local pick pc=178 op=MOV def=25 range=[24,25]
[repack] simple-local pick pc=177 op=TGETS def=24 range=[24,25]
[repack] proto=202 pc=181 accept existing FR2 slice [24,25]
[repack] proto=202 pc=185 accept existing FR2 slice [21,21]
[repack] slice fail pc=190 target-at=187 range=[26,27]
[repack] simple-local pick pc=189 op=KPRI def=26 range=[26,27]
[repack] simple-local pick pc=169 op=KPRI def=27 range=[26,27]
[repack] proto=202 pc=190 accept existing FR2 slice [26,27]
[repack] proto=202 pc=197 accept existing FR2 slice [21,21]
[repack] proto=202 pc=212 accept existing FR2 slice [23,23]
[repack] proto=202 pc=235 accept existing FR2 slice [27,28]
[repack] proto=202 pc=241 accept existing FR2 slice [27,30]
[repack] proto=202 pc=247 accept existing FR2 slice [27,30]
[repack] proto=202 pc=253 accept existing FR2 slice [27,30]
[repack] proto=202 pc=259 accept existing FR2 slice [27,30]
[repack] proto=202 pc=265 accept existing FR2 slice [27,30]
[repack] proto=202 pc=271 accept existing FR2 slice [27,30]
[repack] proto=202 pc=277 accept existing FR2 slice [27,30]
[repack] proto=202 pc=283 accept existing FR2 slice [27,30]
[repack] proto=202 pc=289 accept existing FR2 slice [27,30]
[repack] proto=202 pc=295 accept existing FR2 slice [27,30]
[repack] proto=202 pc=301 accept existing FR2 slice [27,30]
[repack] proto=202 pc=307 accept existing FR2 slice [27,30]
[repack] proto=202 pc=313 accept existing FR2 slice [27,30]
[repack] proto=202 pc=319 accept existing FR2 slice [27,30]
[repack] proto=202 pc=325 accept existing FR2 slice [27,30]
[repack] proto=202 pc=331 accept existing FR2 slice [27,30]
[repack] proto=202 pc=337 accept existing FR2 slice [27,30]
[repack] proto=202 pc=343 accept existing FR2 slice [27,30]
[repack] proto=202 pc=349 accept existing FR2 slice [27,30]
[repack] proto=202 pc=355 accept existing FR2 slice [27,30]
[repack] proto=202 pc=361 accept existing FR2 slice [27,30]
[repack] proto=202 pc=367 accept existing FR2 slice [27,30]
[repack] proto=202 pc=373 accept existing FR2 slice [27,30]
[repack] proto=202 pc=379 accept existing FR2 slice [27,30]
[repack] proto=202 pc=385 accept existing FR2 slice [27,30]
[repack] proto=202 pc=391 accept existing FR2 slice [27,30]
[repack] proto=202 pc=397 accept existing FR2 slice [27,30]
[repack] proto=202 pc=403 accept existing FR2 slice [27,30]
[repack] proto=202 pc=409 accept existing FR2 slice [27,30]
[repack] proto=202 pc=415 accept existing FR2 slice [27,30]
[repack] proto=202 pc=421 accept existing FR2 slice [27,30]
[repack] proto=202 pc=427 accept existing FR2 slice [27,30]
[repack] proto=202 pc=433 accept existing FR2 slice [27,30]
[repack] proto=202 pc=439 accept existing FR2 slice [27,30]
[repack] proto=202 pc=445 accept existing FR2 slice [27,30]
[repack] proto=202 pc=448 accept existing FR2 slice [27,27]
[repack] proto=202 pc=455 accept existing FR2 slice [27,30]
[repack] proto=202 pc=458 accept existing FR2 slice [27,27]
[repack] proto=202 pc=465 accept existing FR2 slice [27,30]
[repack] proto=202 pc=471 accept existing FR2 slice [27,30]
[repack] proto=202 pc=477 accept existing FR2 slice [27,30]
[repack] proto=202 pc=483 accept existing FR2 slice [27,30]
[repack] proto=202 pc=489 accept existing FR2 slice [27,30]
[repack] proto=202 pc=495 accept existing FR2 slice [27,30]
[repack] proto=202 pc=501 accept existing FR2 slice [27,30]
[repack] proto=202 pc=507 accept existing FR2 slice [27,30]
[repack] proto=202 pc=513 accept existing FR2 slice [27,30]
[repack] proto=202 pc=519 accept existing FR2 slice [27,30]
[repack] proto=202 pc=525 accept existing FR2 slice [27,30]
[repack] proto=202 pc=531 accept existing FR2 slice [27,30]
[repack] proto=202 pc=537 accept existing FR2 slice [27,30]
[repack] proto=202 pc=543 accept existing FR2 slice [27,30]
[repack] proto=202 pc=550 accept existing FR2 slice [28,31]
[repack] proto=202 pc=556 accept existing FR2 slice [28,31]
[repack] proto=202 pc=562 accept existing FR2 slice [28,31]
[repack] proto=202 pc=568 accept existing FR2 slice [28,31]
[repack] proto=202 pc=574 accept existing FR2 slice [28,31]
[repack] proto=202 pc=580 accept existing FR2 slice [28,31]
[repack] proto=202 pc=586 accept existing FR2 slice [28,31]
[repack] proto=202 pc=592 accept existing FR2 slice [28,31]
[repack] slice fail pc=596 interference-at=592 op=CALL reg=29 range=[28,29]
[repack] simple-local pick pc=595 op=KPRI def=28 range=[28,29]
[repack] simple-local pick pc=590 op=KPRI def=29 range=[28,29]
[repack] proto=202 pc=596 accept existing FR2 slice [28,29]
[repack] proto=202 pc=602 accept existing FR2 slice [28,31]
[repack] slice fail pc=606 interference-at=602 op=CALL reg=29 range=[28,29]
[repack] simple-local pick pc=605 op=KPRI def=28 range=[28,29]
[repack] simple-local pick pc=600 op=KPRI def=29 range=[28,29]
[repack] proto=202 pc=606 accept existing FR2 slice [28,29]
[repack] proto=202 pc=612 accept existing FR2 slice [28,31]
[repack] proto=202 pc=615 accept existing FR2 slice [28,28]
[repack] proto=202 pc=624 accept existing FR2 slice [30,33]
[repack] proto=202 pc=630 accept existing FR2 slice [30,33]
[repack] proto=202 pc=636 accept existing FR2 slice [30,33]
[repack] proto=202 pc=642 accept existing FR2 slice [30,33]
[repack] proto=202 pc=648 accept existing FR2 slice [30,33]
[repack] proto=202 pc=654 accept existing FR2 slice [30,33]
[repack] slice fail pc=658 interference-at=654 op=CALL reg=31 range=[30,31]
[repack] simple-local pick pc=657 op=KPRI def=30 range=[30,31]
[repack] simple-local pick pc=652 op=KPRI def=31 range=[30,31]
[repack] proto=202 pc=658 accept existing FR2 slice [30,31]
[repack] proto=202 pc=664 accept existing FR2 slice [30,33]
[repack] slice fail pc=668 interference-at=664 op=CALL reg=31 range=[30,31]
[repack] simple-local pick pc=667 op=KPRI def=30 range=[30,31]
[repack] simple-local pick pc=662 op=KPRI def=31 range=[30,31]
[repack] proto=202 pc=668 accept existing FR2 slice [30,31]
[repack] proto=202 pc=674 accept existing FR2 slice [30,33]
[repack] slice fail pc=678 interference-at=674 op=CALL reg=31 range=[30,31]
[repack] simple-local pick pc=677 op=KPRI def=30 range=[30,31]
[repack] simple-local pick pc=672 op=KPRI def=31 range=[30,31]
[repack] proto=202 pc=678 accept existing FR2 slice [30,31]
[repack] slice fail pc=682 interference-at=674 op=CALL reg=31 range=[30,31]
[repack] simple-local pick pc=681 op=KPRI def=30 range=[30,31]
[repack] simple-local pick pc=672 op=KPRI def=31 range=[30,31]
[repack] proto=202 pc=682 accept existing FR2 slice [30,31]
[repack] slice fail pc=686 interference-at=674 op=CALL reg=31 range=[30,31]
[repack] simple-local pick pc=685 op=KPRI def=30 range=[30,31]
[repack] simple-local pick pc=672 op=KPRI def=31 range=[30,31]
[repack] proto=202 pc=686 accept existing FR2 slice [30,31]
[repack] slice fail pc=690 interference-at=674 op=CALL reg=31 range=[30,31]
[repack] simple-local pick pc=689 op=KPRI def=30 range=[30,31]
[repack] simple-local pick pc=672 op=KPRI def=31 range=[30,31]
[repack] proto=202 pc=690 accept existing FR2 slice [30,31]
[repack] slice fail pc=694 interference-at=674 op=CALL reg=31 range=[30,31]
[repack] simple-local pick pc=693 op=KPRI def=30 range=[30,31]
[repack] simple-local pick pc=672 op=KPRI def=31 range=[30,31]
[repack] proto=202 pc=694 accept existing FR2 slice [30,31]
[repack] slice fail pc=698 interference-at=674 op=CALL reg=31 range=[30,31]
[repack] simple-local pick pc=697 op=KPRI def=30 range=[30,31]
[repack] simple-local pick pc=672 op=KPRI def=31 range=[30,31]
[repack] proto=202 pc=698 accept existing FR2 slice [30,31]
[repack] slice fail pc=702 interference-at=674 op=CALL reg=31 range=[30,31]
[repack] simple-local pick pc=701 op=KPRI def=30 range=[30,31]
[repack] simple-local pick pc=672 op=KPRI def=31 range=[30,31]
[repack] proto=202 pc=702 accept existing FR2 slice [30,31]
[repack] proto=202 pc=708 accept existing FR2 slice [30,33]
[repack] proto=202 pc=714 accept existing FR2 slice [30,33]
[repack] proto=202 pc=720 accept existing FR2 slice [30,33]
[repack] proto=202 pc=726 accept existing FR2 slice [30,33]
[repack] proto=202 pc=732 accept existing FR2 slice [30,33]
[repack] proto=202 pc=738 accept existing FR2 slice [30,33]
[repack] proto=202 pc=744 accept existing FR2 slice [30,33]
[repack] slice fail pc=748 interference-at=744 op=CALL reg=31 range=[30,31]
[repack] simple-local pick pc=747 op=KPRI def=30 range=[30,31]
[repack] simple-local pick pc=742 op=KPRI def=31 range=[30,31]
[repack] proto=202 pc=748 accept existing FR2 slice [30,31]
[repack] proto=202 pc=754 accept existing FR2 slice [30,33]
[repack] proto=202 pc=760 accept existing FR2 slice [30,33]
[repack] slice fail pc=764 interference-at=760 op=CALL reg=31 range=[30,31]
[repack] simple-local pick pc=763 op=KPRI def=30 range=[30,31]
[repack] simple-local pick pc=758 op=KPRI def=31 range=[30,31]
[repack] proto=202 pc=764 accept existing FR2 slice [30,31]
[repack] proto=202 pc=770 accept existing FR2 slice [30,33]
[repack] proto=202 pc=776 accept existing FR2 slice [30,33]
[repack] proto=202 pc=782 accept existing FR2 slice [30,33]
[repack] proto=202 pc=788 accept existing FR2 slice [30,33]
[repack] slice fail pc=792 interference-at=788 op=CALL reg=31 range=[30,31]
[repack] simple-local pick pc=791 op=KPRI def=30 range=[30,31]
[repack] simple-local pick pc=786 op=KPRI def=31 range=[30,31]
[repack] proto=202 pc=792 accept existing FR2 slice [30,31]
[repack] slice fail pc=796 interference-at=788 op=CALL reg=31 range=[30,31]
[repack] simple-local pick pc=795 op=KPRI def=30 range=[30,31]
[repack] simple-local pick pc=786 op=KPRI def=31 range=[30,31]
[repack] proto=202 pc=796 accept existing FR2 slice [30,31]
[repack] slice fail pc=800 interference-at=788 op=CALL reg=31 range=[30,31]
[repack] simple-local pick pc=799 op=KPRI def=30 range=[30,31]
[repack] simple-local pick pc=786 op=KPRI def=31 range=[30,31]
[repack] proto=202 pc=800 accept existing FR2 slice [30,31]
[repack] proto=202 pc=806 accept existing FR2 slice [30,33]
[repack] proto=202 pc=812 accept existing FR2 slice [30,33]
[repack] proto=202 pc=818 accept existing FR2 slice [30,33]
[repack] proto=202 pc=824 accept existing FR2 slice [30,33]
[repack] proto=202 pc=830 accept existing FR2 slice [30,33]
[repack] proto=202 pc=836 accept existing FR2 slice [30,33]
[repack] proto=202 pc=842 accept existing FR2 slice [30,33]
[repack] proto=202 pc=848 accept existing FR2 slice [30,33]
[repack] proto=202 pc=854 accept existing FR2 slice [30,33]
[repack] slice fail pc=858 interference-at=854 op=CALL reg=31 range=[30,31]
[repack] simple-local pick pc=857 op=KPRI def=30 range=[30,31]
[repack] simple-local pick pc=852 op=KPRI def=31 range=[30,31]
[repack] proto=202 pc=858 accept existing FR2 slice [30,31]
[repack] proto=202 pc=864 accept existing FR2 slice [30,33]
[repack] proto=202 pc=870 accept existing FR2 slice [30,33]
[repack] proto=202 pc=876 accept existing FR2 slice [30,33]
[repack] proto=202 pc=882 accept existing FR2 slice [30,33]
[repack] proto=202 pc=888 accept existing FR2 slice [30,33]
[repack] proto=202 pc=894 accept existing FR2 slice [30,33]
[repack] proto=202 pc=900 accept existing FR2 slice [30,33]
[repack] proto=202 pc=906 accept existing FR2 slice [30,33]
[repack] proto=202 pc=912 accept existing FR2 slice [30,33]
[repack] proto=202 pc=918 accept existing FR2 slice [30,33]
[repack] proto=202 pc=924 accept existing FR2 slice [30,33]
[repack] proto=202 pc=930 accept existing FR2 slice [30,33]
[repack] proto=202 pc=936 accept existing FR2 slice [30,33]
[repack] proto=202 pc=942 accept existing FR2 slice [30,33]
[repack] proto=202 pc=948 accept existing FR2 slice [30,33]
[repack] proto=202 pc=954 accept existing FR2 slice [30,33]
[repack] slice fail pc=958 interference-at=954 op=CALL reg=31 range=[30,31]
[repack] simple-local pick pc=957 op=KPRI def=30 range=[30,31]
[repack] simple-local pick pc=952 op=KPRI def=31 range=[30,31]
[repack] proto=202 pc=958 accept existing FR2 slice [30,31]
[repack] slice fail pc=962 interference-at=954 op=CALL reg=31 range=[30,31]
[repack] simple-local pick pc=961 op=KPRI def=30 range=[30,31]
[repack] simple-local pick pc=952 op=KPRI def=31 range=[30,31]
[repack] proto=202 pc=962 accept existing FR2 slice [30,31]
[repack] proto=202 pc=987 accept existing FR2 slice [30,33]
[repack] proto=202 pc=993 accept existing FR2 slice [30,33]
[repack] proto=202 pc=999 accept existing FR2 slice [30,33]
[repack] proto=202 pc=1005 accept existing FR2 slice [30,33]
[repack] proto=202 pc=1011 accept existing FR2 slice [30,33]
[repack] slice fail pc=1015 interference-at=1011 op=CALL reg=31 range=[30,31]
[repack] simple-local pick pc=1014 op=KPRI def=30 range=[30,31]
[repack] simple-local pick pc=1009 op=KPRI def=31 range=[30,31]
[repack] proto=202 pc=1015 accept existing FR2 slice [30,31]
[repack] proto=202 pc=1021 accept existing FR2 slice [30,33]
[repack] proto=202 pc=1027 accept existing FR2 slice [30,33]
[repack] proto=202 pc=1033 accept existing FR2 slice [30,33]
[repack] slice fail pc=1037 interference-at=1033 op=CALL reg=31 range=[30,31]
[repack] simple-local pick pc=1036 op=KPRI def=30 range=[30,31]
[repack] simple-local pick pc=1031 op=KPRI def=31 range=[30,31]
[repack] proto=202 pc=1037 accept existing FR2 slice [30,31]
[repack] proto=202 pc=1043 accept existing FR2 slice [30,33]
[repack] proto=202 pc=1046 accept existing FR2 slice [30,30]
[repack] proto=202 pc=1052 accept existing FR2 slice [31,34]
[repack] proto=202 pc=1058 accept existing FR2 slice [31,34]
[repack] proto=202 pc=1064 accept existing FR2 slice [31,34]
[repack] proto=202 pc=1070 accept existing FR2 slice [31,34]
[repack] proto=202 pc=1076 accept existing FR2 slice [31,34]
[repack] proto=202 pc=1082 accept existing FR2 slice [31,34]
[repack] proto=202 pc=1088 accept existing FR2 slice [31,34]
[repack] proto=202 pc=1094 accept existing FR2 slice [31,34]
[repack] proto=202 pc=1100 accept existing FR2 slice [31,34]
[repack] proto=202 pc=1106 accept existing FR2 slice [31,34]
[repack] proto=202 pc=1110 accept existing FR2 slice [32,32]
[repack] proto=202 pc=1115 accept existing FR2 slice [31,32]
[repack] proto=202 pc=1121 accept existing FR2 slice [31,34]
[repack] proto=202 pc=1127 accept existing FR2 slice [31,34]
[repack] proto=202 pc=1133 accept existing FR2 slice [31,34]
[repack] proto=202 pc=1139 accept existing FR2 slice [31,34]
[repack] proto=202 pc=1151 accept existing FR2 slice [31,35]
[repack] proto=202 pc=1163 accept existing FR2 slice [31,35]
[repack] proto=202 pc=1175 accept existing FR2 slice [31,35]
[repack] proto=202 pc=1187 accept existing FR2 slice [31,35]
[repack] slice fail pc=1191 interference-at=1187 op=CALL reg=32 range=[31,32]
[repack] simple-local pick pc=1190 op=KPRI def=31 range=[31,32]
[repack] simple-local pick pc=1185 op=MOV def=32 range=[31,32]
[repack] proto=202 pc=1191 accept existing FR2 slice [31,32]
[repack] proto=202 pc=1203 accept existing FR2 slice [31,35]
[repack] proto=202 pc=1215 accept existing FR2 slice [31,35]
[repack] proto=202 pc=1227 accept existing FR2 slice [31,35]
[repack] proto=202 pc=1239 accept existing FR2 slice [31,35]
[repack] proto=202 pc=1251 accept existing FR2 slice [31,35]
[repack] proto=202 pc=1263 accept existing FR2 slice [31,35]
[repack] proto=202 pc=1275 accept existing FR2 slice [31,35]
[repack] proto=202 pc=1287 accept existing FR2 slice [31,35]
[repack] proto=202 pc=1299 accept existing FR2 slice [31,35]
[repack] proto=202 pc=1311 accept existing FR2 slice [31,35]
[repack] proto=202 pc=1319 accept existing FR2 slice [31,33]
[repack] proto=202 pc=1331 accept existing FR2 slice [31,35]
[repack] proto=202 pc=1343 accept existing FR2 slice [31,35]
[repack] proto=202 pc=1351 accept existing FR2 slice [31,33]
[repack] proto=202 pc=1356 copy-fallback keep legacy-overlap reason=call6-kstr-tdup-fnew-chain old=[30,32] new=[31,33] base=29 nargs=3 b=1
[repack] proto=202 pc=1356 copy-fallback reason=call6-kstr-tdup-fnew-chain insert_pc=1356 count=3 range=[30,32]->[31,33] deferred=0
[rebuild] proto=202 insert_pc=1356 old_proto_total=17032 new_proto_total=17044 old_payload=17029 new_payload=17041 debug_drop=3445
[repack] proto=202 pc=3 accept existing FR2 slice [2,2]
[repack] proto=202 pc=7 accept existing FR2 slice [3,3]
[repack] proto=202 pc=11 accept existing FR2 slice [4,4]
[repack] proto=202 pc=15 accept existing FR2 slice [5,5]
[repack] proto=202 pc=19 accept existing FR2 slice [6,6]
[repack] proto=202 pc=23 accept existing FR2 slice [7,7]
[repack] proto=202 pc=27 accept existing FR2 slice [8,8]
[repack] proto=202 pc=31 accept existing FR2 slice [9,9]
[repack] proto=202 pc=35 accept existing FR2 slice [10,10]
[repack] proto=202 pc=39 accept existing FR2 slice [11,11]
[repack] proto=202 pc=44 accept existing FR2 slice [13,13]
[repack] proto=202 pc=48 accept existing FR2 slice [14,14]
[repack] proto=202 pc=52 accept existing FR2 slice [15,15]
[repack] proto=202 pc=56 accept existing FR2 slice [16,16]
[repack] proto=202 pc=60 accept existing FR2 slice [17,17]
[repack] proto=202 pc=64 accept existing FR2 slice [18,18]
[repack] proto=202 pc=68 accept existing FR2 slice [19,19]
[repack] proto=202 pc=79 accept existing FR2 slice [20,20]
[repack] proto=202 pc=83 accept existing FR2 slice [20,20]
[repack] proto=202 pc=87 accept existing FR2 slice [20,20]
[repack] proto=202 pc=91 accept existing FR2 slice [20,21]
[repack] proto=202 pc=94 accept existing FR2 slice [20,20]
[repack] proto=202 pc=137 accept existing FR2 slice [21,21]
[repack] proto=202 pc=142 accept existing FR2 slice [21,22]
[repack] proto=202 pc=146 accept existing FR2 slice [21,22]
[repack] proto=202 pc=150 accept existing FR2 slice [21,22]
[repack] proto=202 pc=154 accept existing FR2 slice [21,22]
[repack] proto=202 pc=158 accept existing FR2 slice [21,22]
[repack] proto=202 pc=162 accept existing FR2 slice [21,22]
[repack] proto=202 pc=165 accept existing FR2 slice [21,21]
[repack] proto=202 pc=170 accept existing FR2 slice [26,27]
[repack] proto=202 pc=175 accept existing FR2 slice [21,21]
[repack] slice fail pc=180 target-at=177 range=[26,27]
[repack] simple-local pick pc=179 op=KPRI def=26 range=[26,27]
[repack] simple-local pick pc=169 op=KPRI def=27 range=[26,27]
[repack] proto=202 pc=180 accept existing FR2 slice [26,27]
[repack] slice fail pc=181 unresolved reg=23 range=[23,24]
[repack] readonly slice retry fail pc=181 read-at=180 op=CALL reg=24 range=[23,24]
[repack] simple-local pick pc=177 op=TGETS def=24 range=[23,24]
[repack] simple-local missing reg=23 range=[23,24]
[repack] slice fail pc=181 interference-at=180 op=CALL reg=24 range=[24,25]
[repack] simple-local pick pc=178 op=MOV def=25 range=[24,25]
[repack] simple-local pick pc=177 op=TGETS def=24 range=[24,25]
[repack] proto=202 pc=181 accept existing FR2 slice [24,25]
[repack] proto=202 pc=185 accept existing FR2 slice [21,21]
[repack] slice fail pc=190 target-at=187 range=[26,27]
[repack] simple-local pick pc=189 op=KPRI def=26 range=[26,27]
[repack] simple-local pick pc=169 op=KPRI def=27 range=[26,27]
[repack] proto=202 pc=190 accept existing FR2 slice [26,27]
[repack] proto=202 pc=197 accept existing FR2 slice [21,21]
[repack] proto=202 pc=212 accept existing FR2 slice [23,23]
[repack] proto=202 pc=235 accept existing FR2 slice [27,28]
[repack] proto=202 pc=241 accept existing FR2 slice [27,30]
[repack] proto=202 pc=247 accept existing FR2 slice [27,30]
[repack] proto=202 pc=253 accept existing FR2 slice [27,30]
[repack] proto=202 pc=259 accept existing FR2 slice [27,30]
[repack] proto=202 pc=265 accept existing FR2 slice [27,30]
[repack] proto=202 pc=271 accept existing FR2 slice [27,30]
[repack] proto=202 pc=277 accept existing FR2 slice [27,30]
[repack] proto=202 pc=283 accept existing FR2 slice [27,30]
[repack] proto=202 pc=289 accept existing FR2 slice [27,30]
[repack] proto=202 pc=295 accept existing FR2 slice [27,30]
[repack] proto=202 pc=301 accept existing FR2 slice [27,30]
[repack] proto=202 pc=307 accept existing FR2 slice [27,30]
[repack] proto=202 pc=313 accept existing FR2 slice [27,30]
[repack] proto=202 pc=319 accept existing FR2 slice [27,30]
[repack] proto=202 pc=325 accept existing FR2 slice [27,30]
[repack] proto=202 pc=331 accept existing FR2 slice [27,30]
[repack] proto=202 pc=337 accept existing FR2 slice [27,30]
[repack] proto=202 pc=343 accept existing FR2 slice [27,30]
[repack] proto=202 pc=349 accept existing FR2 slice [27,30]
[repack] proto=202 pc=355 accept existing FR2 slice [27,30]
[repack] proto=202 pc=361 accept existing FR2 slice [27,30]
[repack] proto=202 pc=367 accept existing FR2 slice [27,30]
[repack] proto=202 pc=373 accept existing FR2 slice [27,30]
[repack] proto=202 pc=379 accept existing FR2 slice [27,30]
[repack] proto=202 pc=385 accept existing FR2 slice [27,30]
[repack] proto=202 pc=391 accept existing FR2 slice [27,30]
[repack] proto=202 pc=397 accept existing FR2 slice [27,30]
[repack] proto=202 pc=403 accept existing FR2 slice [27,30]
[repack] proto=202 pc=409 accept existing FR2 slice [27,30]
[repack] proto=202 pc=415 accept existing FR2 slice [27,30]
[repack] proto=202 pc=421 accept existing FR2 slice [27,30]
[repack] proto=202 pc=427 accept existing FR2 slice [27,30]
[repack] proto=202 pc=433 accept existing FR2 slice [27,30]
[repack] proto=202 pc=439 accept existing FR2 slice [27,30]
[repack] proto=202 pc=445 accept existing FR2 slice [27,30]
[repack] proto=202 pc=448 accept existing FR2 slice [27,27]
[repack] proto=202 pc=455 accept existing FR2 slice [27,30]
[repack] proto=202 pc=458 accept existing FR2 slice [27,27]
[repack] proto=202 pc=465 accept existing FR2 slice [27,30]
[repack] proto=202 pc=471 accept existing FR2 slice [27,30]
[repack] proto=202 pc=477 accept existing FR2 slice [27,30]
[repack] proto=202 pc=483 accept existing FR2 slice [27,30]
[repack] proto=202 pc=489 accept existing FR2 slice [27,30]
[repack] proto=202 pc=495 accept existing FR2 slice [27,30]
[repack] proto=202 pc=501 accept existing FR2 slice [27,30]
[repack] proto=202 pc=507 accept existing FR2 slice [27,30]
[repack] proto=202 pc=513 accept existing FR2 slice [27,30]
[repack] proto=202 pc=519 accept existing FR2 slice [27,30]
[repack] proto=202 pc=525 accept existing FR2 slice [27,30]
[repack] proto=202 pc=531 accept existing FR2 slice [27,30]
[repack] proto=202 pc=537 accept existing FR2 slice [27,30]
[repack] proto=202 pc=543 accept existing FR2 slice [27,30]
[repack] proto=202 pc=550 accept existing FR2 slice [28,31]
[repack] proto=202 pc=556 accept existing FR2 slice [28,31]
[repack] proto=202 pc=562 accept existing FR2 slice [28,31]
[repack] proto=202 pc=568 accept existing FR2 slice [28,31]
[repack] proto=202 pc=574 accept existing FR2 slice [28,31]
[repack] proto=202 pc=580 accept existing FR2 slice [28,31]
[repack] proto=202 pc=586 accept existing FR2 slice [28,31]
[repack] proto=202 pc=592 accept existing FR2 slice [28,31]
[repack] slice fail pc=596 interference-at=592 op=CALL reg=29 range=[28,29]
[repack] simple-local pick pc=595 op=KPRI def=28 range=[28,29]
[repack] simple-local pick pc=590 op=KPRI def=29 range=[28,29]
[repack] proto=202 pc=596 accept existing FR2 slice [28,29]
[repack] proto=202 pc=602 accept existing FR2 slice [28,31]
[repack] slice fail pc=606 interference-at=602 op=CALL reg=29 range=[28,29]
[repack] simple-local pick pc=605 op=KPRI def=28 range=[28,29]
[repack] simple-local pick pc=600 op=KPRI def=29 range=[28,29]
[repack] proto=202 pc=606 accept existing FR2 slice [28,29]
[repack] proto=202 pc=612 accept existing FR2 slice [28,31]
[repack] proto=202 pc=615 accept existing FR2 slice [28,28]
[repack] proto=202 pc=624 accept existing FR2 slice [30,33]
[repack] proto=202 pc=630 accept existing FR2 slice [30,33]
[repack] proto=202 pc=636 accept existing FR2 slice [30,33]
[repack] proto=202 pc=642 accept existing FR2 slice [30,33]
[repack] proto=202 pc=648 accept existing FR2 slice [30,33]
[repack] proto=202 pc=654 accept existing FR2 slice [30,33]
[repack] slice fail pc=658 interference-at=654 op=CALL reg=31 range=[30,31]
[repack] simple-local pick pc=657 op=KPRI def=30 range=[30,31]
[repack] simple-local pick pc=652 op=KPRI def=31 range=[30,31]
[repack] proto=202 pc=658 accept existing FR2 slice [30,31]
[repack] proto=202 pc=664 accept existing FR2 slice [30,33]
[repack] slice fail pc=668 interference-at=664 op=CALL reg=31 range=[30,31]
[repack] simple-local pick pc=667 op=KPRI def=30 range=[30,31]
[repack] simple-local pick pc=662 op=KPRI def=31 range=[30,31]
[repack] proto=202 pc=668 accept existing FR2 slice [30,31]
[repack] proto=202 pc=674 accept existing FR2 slice [30,33]
[repack] slice fail pc=678 interference-at=674 op=CALL reg=31 range=[30,31]
[repack] simple-local pick pc=677 op=KPRI def=30 range=[30,31]
[repack] simple-local pick pc=672 op=KPRI def=31 range=[30,31]
[repack] proto=202 pc=678 accept existing FR2 slice [30,31]
[repack] slice fail pc=682 interference-at=674 op=CALL reg=31 range=[30,31]
[repack] simple-local pick pc=681 op=KPRI def=30 range=[30,31]
[repack] simple-local pick pc=672 op=KPRI def=31 range=[30,31]
[repack] proto=202 pc=682 accept existing FR2 slice [30,31]
[repack] slice fail pc=686 interference-at=674 op=CALL reg=31 range=[30,31]
[repack] simple-local pick pc=685 op=KPRI def=30 range=[30,31]
[repack] simple-local pick pc=672 op=KPRI def=31 range=[30,31]
[repack] proto=202 pc=686 accept existing FR2 slice [30,31]
[repack] slice fail pc=690 interference-at=674 op=CALL reg=31 range=[30,31]
[repack] simple-local pick pc=689 op=KPRI def=30 range=[30,31]
[repack] simple-local pick pc=672 op=KPRI def=31 range=[30,31]
[repack] proto=202 pc=690 accept existing FR2 slice [30,31]
[repack] slice fail pc=694 interference-at=674 op=CALL reg=31 range=[30,31]
[repack] simple-local pick pc=693 op=KPRI def=30 range=[30,31]
[repack] simple-local pick pc=672 op=KPRI def=31 range=[30,31]
[repack] proto=202 pc=694 accept existing FR2 slice [30,31]
[repack] slice fail pc=698 interference-at=674 op=CALL reg=31 range=[30,31]
[repack] simple-local pick pc=697 op=KPRI def=30 range=[30,31]
[repack] simple-local pick pc=672 op=KPRI def=31 range=[30,31]
[repack] proto=202 pc=698 accept existing FR2 slice [30,31]
[repack] slice fail pc=702 interference-at=674 op=CALL reg=31 range=[30,31]
[repack] simple-local pick pc=701 op=KPRI def=30 range=[30,31]
[repack] simple-local pick pc=672 op=KPRI def=31 range=[30,31]
[repack] proto=202 pc=702 accept existing FR2 slice [30,31]
[repack] proto=202 pc=708 accept existing FR2 slice [30,33]
[repack] proto=202 pc=714 accept existing FR2 slice [30,33]
[repack] proto=202 pc=720 accept existing FR2 slice [30,33]
[repack] proto=202 pc=726 accept existing FR2 slice [30,33]
[repack] proto=202 pc=732 accept existing FR2 slice [30,33]
[repack] proto=202 pc=738 accept existing FR2 slice [30,33]
[repack] proto=202 pc=744 accept existing FR2 slice [30,33]
[repack] slice fail pc=748 interference-at=744 op=CALL reg=31 range=[30,31]
[repack] simple-local pick pc=747 op=KPRI def=30 range=[30,31]
[repack] simple-local pick pc=742 op=KPRI def=31 range=[30,31]
[repack] proto=202 pc=748 accept existing FR2 slice [30,31]
[repack] proto=202 pc=754 accept existing FR2 slice [30,33]
[repack] proto=202 pc=760 accept existing FR2 slice [30,33]
[repack] slice fail pc=764 interference-at=760 op=CALL reg=31 range=[30,31]
[repack] simple-local pick pc=763 op=KPRI def=30 range=[30,31]
[repack] simple-local pick pc=758 op=KPRI def=31 range=[30,31]
[repack] proto=202 pc=764 accept existing FR2 slice [30,31]
[repack] proto=202 pc=770 accept existing FR2 slice [30,33]
[repack] proto=202 pc=776 accept existing FR2 slice [30,33]
[repack] proto=202 pc=782 accept existing FR2 slice [30,33]
[repack] proto=202 pc=788 accept existing FR2 slice [30,33]
[repack] slice fail pc=792 interference-at=788 op=CALL reg=31 range=[30,31]
[repack] simple-local pick pc=791 op=KPRI def=30 range=[30,31]
[repack] simple-local pick pc=786 op=KPRI def=31 range=[30,31]
[repack] proto=202 pc=792 accept existing FR2 slice [30,31]
[repack] slice fail pc=796 interference-at=788 op=CALL reg=31 range=[30,31]
[repack] simple-local pick pc=795 op=KPRI def=30 range=[30,31]
[repack] simple-local pick pc=786 op=KPRI def=31 range=[30,31]
[repack] proto=202 pc=796 accept existing FR2 slice [30,31]
[repack] slice fail pc=800 interference-at=788 op=CALL reg=31 range=[30,31]
[repack] simple-local pick pc=799 op=KPRI def=30 range=[30,31]
[repack] simple-local pick pc=786 op=KPRI def=31 range=[30,31]
[repack] proto=202 pc=800 accept existing FR2 slice [30,31]
[repack] proto=202 pc=806 accept existing FR2 slice [30,33]
[repack] proto=202 pc=812 accept existing FR2 slice [30,33]
[repack] proto=202 pc=818 accept existing FR2 slice [30,33]
[repack] proto=202 pc=824 accept existing FR2 slice [30,33]
[repack] proto=202 pc=830 accept existing FR2 slice [30,33]
[repack] proto=202 pc=836 accept existing FR2 slice [30,33]
[repack] proto=202 pc=842 accept existing FR2 slice [30,33]
[repack] proto=202 pc=848 accept existing FR2 slice [30,33]
[repack] proto=202 pc=854 accept existing FR2 slice [30,33]
[repack] slice fail pc=858 interference-at=854 op=CALL reg=31 range=[30,31]
[repack] simple-local pick pc=857 op=KPRI def=30 range=[30,31]
[repack] simple-local pick pc=852 op=KPRI def=31 range=[30,31]
[repack] proto=202 pc=858 accept existing FR2 slice [30,31]
[repack] proto=202 pc=864 accept existing FR2 slice [30,33]
[repack] proto=202 pc=870 accept existing FR2 slice [30,33]
[repack] proto=202 pc=876 accept existing FR2 slice [30,33]
[repack] proto=202 pc=882 accept existing FR2 slice [30,33]
[repack] proto=202 pc=888 accept existing FR2 slice [30,33]
[repack] proto=202 pc=894 accept existing FR2 slice [30,33]
[repack] proto=202 pc=900 accept existing FR2 slice [30,33]
[repack] proto=202 pc=906 accept existing FR2 slice [30,33]
[repack] proto=202 pc=912 accept existing FR2 slice [30,33]
[repack] proto=202 pc=918 accept existing FR2 slice [30,33]
[repack] proto=202 pc=924 accept existing FR2 slice [30,33]
[repack] proto=202 pc=930 accept existing FR2 slice [30,33]
[repack] proto=202 pc=936 accept existing FR2 slice [30,33]
[repack] proto=202 pc=942 accept existing FR2 slice [30,33]
[repack] proto=202 pc=948 accept existing FR2 slice [30,33]
[repack] proto=202 pc=954 accept existing FR2 slice [30,33]
[repack] slice fail pc=958 interference-at=954 op=CALL reg=31 range=[30,31]
[repack] simple-local pick pc=957 op=KPRI def=30 range=[30,31]
[repack] simple-local pick pc=952 op=KPRI def=31 range=[30,31]
[repack] proto=202 pc=958 accept existing FR2 slice [30,31]
[repack] slice fail pc=962 interference-at=954 op=CALL reg=31 range=[30,31]
[repack] simple-local pick pc=961 op=KPRI def=30 range=[30,31]
[repack] simple-local pick pc=952 op=KPRI def=31 range=[30,31]
[repack] proto=202 pc=962 accept existing FR2 slice [30,31]
[repack] proto=202 pc=987 accept existing FR2 slice [30,33]
[repack] proto=202 pc=993 accept existing FR2 slice [30,33]
[repack] proto=202 pc=999 accept existing FR2 slice [30,33]
[repack] proto=202 pc=1005 accept existing FR2 slice [30,33]
[repack] proto=202 pc=1011 accept existing FR2 slice [30,33]
[repack] slice fail pc=1015 interference-at=1011 op=CALL reg=31 range=[30,31]
[repack] simple-local pick pc=1014 op=KPRI def=30 range=[30,31]
[repack] simple-local pick pc=1009 op=KPRI def=31 range=[30,31]
[repack] proto=202 pc=1015 accept existing FR2 slice [30,31]
[repack] proto=202 pc=1021 accept existing FR2 slice [30,33]
[repack] proto=202 pc=1027 accept existing FR2 slice [30,33]
[repack] proto=202 pc=1033 accept existing FR2 slice [30,33]
[repack] slice fail pc=1037 interference-at=1033 op=CALL reg=31 range=[30,31]
[repack] simple-local pick pc=1036 op=KPRI def=30 range=[30,31]
[repack] simple-local pick pc=1031 op=KPRI def=31 range=[30,31]
[repack] proto=202 pc=1037 accept existing FR2 slice [30,31]
[repack] proto=202 pc=1043 accept existing FR2 slice [30,33]
[repack] proto=202 pc=1046 accept existing FR2 slice [30,30]
[repack] proto=202 pc=1052 accept existing FR2 slice [31,34]
[repack] proto=202 pc=1058 accept existing FR2 slice [31,34]
[repack] proto=202 pc=1064 accept existing FR2 slice [31,34]
[repack] proto=202 pc=1070 accept existing FR2 slice [31,34]
[repack] proto=202 pc=1076 accept existing FR2 slice [31,34]
[repack] proto=202 pc=1082 accept existing FR2 slice [31,34]
[repack] proto=202 pc=1088 accept existing FR2 slice [31,34]
[repack] proto=202 pc=1094 accept existing FR2 slice [31,34]
[repack] proto=202 pc=1100 accept existing FR2 slice [31,34]
[repack] proto=202 pc=1106 accept existing FR2 slice [31,34]
[repack] proto=202 pc=1110 accept existing FR2 slice [32,32]
[repack] proto=202 pc=1115 accept existing FR2 slice [31,32]
[repack] proto=202 pc=1121 accept existing FR2 slice [31,34]
[repack] proto=202 pc=1127 accept existing FR2 slice [31,34]
[repack] proto=202 pc=1133 accept existing FR2 slice [31,34]
[repack] proto=202 pc=1139 accept existing FR2 slice [31,34]
[repack] proto=202 pc=1151 accept existing FR2 slice [31,35]
[repack] proto=202 pc=1163 accept existing FR2 slice [31,35]
[repack] proto=202 pc=1175 accept existing FR2 slice [31,35]
[repack] proto=202 pc=1187 accept existing FR2 slice [31,35]
[repack] slice fail pc=1191 interference-at=1187 op=CALL reg=32 range=[31,32]
[repack] simple-local pick pc=1190 op=KPRI def=31 range=[31,32]
[repack] simple-local pick pc=1185 op=MOV def=32 range=[31,32]
[repack] proto=202 pc=1191 accept existing FR2 slice [31,32]
[repack] proto=202 pc=1203 accept existing FR2 slice [31,35]
[repack] proto=202 pc=1215 accept existing FR2 slice [31,35]
[repack] proto=202 pc=1227 accept existing FR2 slice [31,35]
[repack] proto=202 pc=1239 accept existing FR2 slice [31,35]
[repack] proto=202 pc=1251 accept existing FR2 slice [31,35]
[repack] proto=202 pc=1263 accept existing FR2 slice [31,35]
[repack] proto=202 pc=1275 accept existing FR2 slice [31,35]
[repack] proto=202 pc=1287 accept existing FR2 slice [31,35]
[repack] proto=202 pc=1299 accept existing FR2 slice [31,35]
[repack] proto=202 pc=1311 accept existing FR2 slice [31,35]
[repack] proto=202 pc=1319 accept existing FR2 slice [31,33]
[repack] proto=202 pc=1331 accept existing FR2 slice [31,35]
[repack] proto=202 pc=1343 accept existing FR2 slice [31,35]
[repack] proto=202 pc=1351 accept existing FR2 slice [31,33]
[repack] proto=202 pc=1359 accept existing FR2 slice [31,33]
[repack] proto=202 pc=1364 copy-fallback keep legacy-overlap reason=call6-kstr-tdup-fnew-chain old=[30,32] new=[31,33] base=29 nargs=3 b=1
[repack] proto=202 pc=1364 copy-fallback reason=call6-kstr-tdup-fnew-chain insert_pc=1364 count=3 range=[30,32]->[31,33] deferred=0
[rebuild] proto=202 insert_pc=1364 old_proto_total=17044 new_proto_total=17056 old_payload=17041 new_payload=17053 debug_drop=3445
[repack] proto=202 pc=3 accept existing FR2 slice [2,2]
[repack] proto=202 pc=7 accept existing FR2 slice [3,3]
[repack] proto=202 pc=11 accept existing FR2 slice [4,4]
[repack] proto=202 pc=15 accept existing FR2 slice [5,5]
[repack] proto=202 pc=19 accept existing FR2 slice [6,6]
[repack] proto=202 pc=23 accept existing FR2 slice [7,7]
[repack] proto=202 pc=27 accept existing FR2 slice [8,8]
[repack] proto=202 pc=31 accept existing FR2 slice [9,9]
[repack] proto=202 pc=35 accept existing FR2 slice [10,10]
[repack] proto=202 pc=39 accept existing FR2 slice [11,11]
[repack] proto=202 pc=44 accept existing FR2 slice [13,13]
[repack] proto=202 pc=48 accept existing FR2 slice [14,14]
[repack] proto=202 pc=52 accept existing FR2 slice [15,15]
[repack] proto=202 pc=56 accept existing FR2 slice [16,16]
[repack] proto=202 pc=60 accept existing FR2 slice [17,17]
[repack] proto=202 pc=64 accept existing FR2 slice [18,18]
[repack] proto=202 pc=68 accept existing FR2 slice [19,19]
[repack] proto=202 pc=79 accept existing FR2 slice [20,20]
[repack] proto=202 pc=83 accept existing FR2 slice [20,20]
[repack] proto=202 pc=87 accept existing FR2 slice [20,20]
[repack] proto=202 pc=91 accept existing FR2 slice [20,21]
[repack] proto=202 pc=94 accept existing FR2 slice [20,20]
[repack] proto=202 pc=137 accept existing FR2 slice [21,21]
[repack] proto=202 pc=142 accept existing FR2 slice [21,22]
[repack] proto=202 pc=146 accept existing FR2 slice [21,22]
[repack] proto=202 pc=150 accept existing FR2 slice [21,22]
[repack] proto=202 pc=154 accept existing FR2 slice [21,22]
[repack] proto=202 pc=158 accept existing FR2 slice [21,22]
[repack] proto=202 pc=162 accept existing FR2 slice [21,22]
[repack] proto=202 pc=165 accept existing FR2 slice [21,21]
[repack] proto=202 pc=170 accept existing FR2 slice [26,27]
[repack] proto=202 pc=175 accept existing FR2 slice [21,21]
[repack] slice fail pc=180 target-at=177 range=[26,27]
[repack] simple-local pick pc=179 op=KPRI def=26 range=[26,27]
[repack] simple-local pick pc=169 op=KPRI def=27 range=[26,27]
[repack] proto=202 pc=180 accept existing FR2 slice [26,27]
[repack] slice fail pc=181 unresolved reg=23 range=[23,24]
[repack] readonly slice retry fail pc=181 read-at=180 op=CALL reg=24 range=[23,24]
[repack] simple-local pick pc=177 op=TGETS def=24 range=[23,24]
[repack] simple-local missing reg=23 range=[23,24]
[repack] slice fail pc=181 interference-at=180 op=CALL reg=24 range=[24,25]
[repack] simple-local pick pc=178 op=MOV def=25 range=[24,25]
[repack] simple-local pick pc=177 op=TGETS def=24 range=[24,25]
[repack] proto=202 pc=181 accept existing FR2 slice [24,25]
[repack] proto=202 pc=185 accept existing FR2 slice [21,21]
[repack] slice fail pc=190 target-at=187 range=[26,27]
[repack] simple-local pick pc=189 op=KPRI def=26 range=[26,27]
[repack] simple-local pick pc=169 op=KPRI def=27 range=[26,27]
[repack] proto=202 pc=190 accept existing FR2 slice [26,27]
[repack] proto=202 pc=197 accept existing FR2 slice [21,21]
[repack] proto=202 pc=212 accept existing FR2 slice [23,23]
[repack] proto=202 pc=235 accept existing FR2 slice [27,28]
[repack] proto=202 pc=241 accept existing FR2 slice [27,30]
[repack] proto=202 pc=247 accept existing FR2 slice [27,30]
[repack] proto=202 pc=253 accept existing FR2 slice [27,30]
[repack] proto=202 pc=259 accept existing FR2 slice [27,30]
[repack] proto=202 pc=265 accept existing FR2 slice [27,30]
[repack] proto=202 pc=271 accept existing FR2 slice [27,30]
[repack] proto=202 pc=277 accept existing FR2 slice [27,30]
[repack] proto=202 pc=283 accept existing FR2 slice [27,30]
[repack] proto=202 pc=289 accept existing FR2 slice [27,30]
[repack] proto=202 pc=295 accept existing FR2 slice [27,30]
[repack] proto=202 pc=301 accept existing FR2 slice [27,30]
[repack] proto=202 pc=307 accept existing FR2 slice [27,30]
[repack] proto=202 pc=313 accept existing FR2 slice [27,30]
[repack] proto=202 pc=319 accept existing FR2 slice [27,30]
[repack] proto=202 pc=325 accept existing FR2 slice [27,30]
[repack] proto=202 pc=331 accept existing FR2 slice [27,30]
[repack] proto=202 pc=337 accept existing FR2 slice [27,30]
[repack] proto=202 pc=343 accept existing FR2 slice [27,30]
[repack] proto=202 pc=349 accept existing FR2 slice [27,30]
[repack] proto=202 pc=355 accept existing FR2 slice [27,30]
[repack] proto=202 pc=361 accept existing FR2 slice [27,30]
[repack] proto=202 pc=367 accept existing FR2 slice [27,30]
[repack] proto=202 pc=373 accept existing FR2 slice [27,30]
[repack] proto=202 pc=379 accept existing FR2 slice [27,30]
[repack] proto=202 pc=385 accept existing FR2 slice [27,30]
[repack] proto=202 pc=391 accept existing FR2 slice [27,30]
[repack] proto=202 pc=397 accept existing FR2 slice [27,30]
[repack] proto=202 pc=403 accept existing FR2 slice [27,30]
[repack] proto=202 pc=409 accept existing FR2 slice [27,30]
[repack] proto=202 pc=415 accept existing FR2 slice [27,30]
[repack] proto=202 pc=421 accept existing FR2 slice [27,30]
[repack] proto=202 pc=427 accept existing FR2 slice [27,30]
[repack] proto=202 pc=433 accept existing FR2 slice [27,30]
[repack] proto=202 pc=439 accept existing FR2 slice [27,30]
[repack] proto=202 pc=445 accept existing FR2 slice [27,30]
[repack] proto=202 pc=448 accept existing FR2 slice [27,27]
[repack] proto=202 pc=455 accept existing FR2 slice [27,30]
[repack] proto=202 pc=458 accept existing FR2 slice [27,27]
[repack] proto=202 pc=465 accept existing FR2 slice [27,30]
[repack] proto=202 pc=471 accept existing FR2 slice [27,30]
[repack] proto=202 pc=477 accept existing FR2 slice [27,30]
[repack] proto=202 pc=483 accept existing FR2 slice [27,30]
[repack] proto=202 pc=489 accept existing FR2 slice [27,30]
[repack] proto=202 pc=495 accept existing FR2 slice [27,30]
[repack] proto=202 pc=501 accept existing FR2 slice [27,30]
[repack] proto=202 pc=507 accept existing FR2 slice [27,30]
[repack] proto=202 pc=513 accept existing FR2 slice [27,30]
[repack] proto=202 pc=519 accept existing FR2 slice [27,30]
[repack] proto=202 pc=525 accept existing FR2 slice [27,30]
[repack] proto=202 pc=531 accept existing FR2 slice [27,30]
[repack] proto=202 pc=537 accept existing FR2 slice [27,30]
[repack] proto=202 pc=543 accept existing FR2 slice [27,30]
[repack] proto=202 pc=550 accept existing FR2 slice [28,31]
[repack] proto=202 pc=556 accept existing FR2 slice [28,31]
[repack] proto=202 pc=562 accept existing FR2 slice [28,31]
[repack] proto=202 pc=568 accept existing FR2 slice [28,31]
[repack] proto=202 pc=574 accept existing FR2 slice [28,31]
[repack] proto=202 pc=580 accept existing FR2 slice [28,31]
[repack] proto=202 pc=586 accept existing FR2 slice [28,31]
[repack] proto=202 pc=592 accept existing FR2 slice [28,31]
[repack] slice fail pc=596 interference-at=592 op=CALL reg=29 range=[28,29]
[repack] simple-local pick pc=595 op=KPRI def=28 range=[28,29]
[repack] simple-local pick pc=590 op=KPRI def=29 range=[28,29]
[repack] proto=202 pc=596 accept existing FR2 slice [28,29]
[repack] proto=202 pc=602 accept existing FR2 slice [28,31]
[repack] slice fail pc=606 interference-at=602 op=CALL reg=29 range=[28,29]
[repack] simple-local pick pc=605 op=KPRI def=28 range=[28,29]
[repack] simple-local pick pc=600 op=KPRI def=29 range=[28,29]
[repack] proto=202 pc=606 accept existing FR2 slice [28,29]
[repack] proto=202 pc=612 accept existing FR2 slice [28,31]
[repack] proto=202 pc=615 accept existing FR2 slice [28,28]
[repack] proto=202 pc=624 accept existing FR2 slice [30,33]
[repack] proto=202 pc=630 accept existing FR2 slice [30,33]
[repack] proto=202 pc=636 accept existing FR2 slice [30,33]
[repack] proto=202 pc=642 accept existing FR2 slice [30,33]
[repack] proto=202 pc=648 accept existing FR2 slice [30,33]
[repack] proto=202 pc=654 accept existing FR2 slice [30,33]
[repack] slice fail pc=658 interference-at=654 op=CALL reg=31 range=[30,31]
[repack] simple-local pick pc=657 op=KPRI def=30 range=[30,31]
[repack] simple-local pick pc=652 op=KPRI def=31 range=[30,31]
[repack] proto=202 pc=658 accept existing FR2 slice [30,31]
[repack] proto=202 pc=664 accept existing FR2 slice [30,33]
[repack] slice fail pc=668 interference-at=664 op=CALL reg=31 range=[30,31]
[repack] simple-local pick pc=667 op=KPRI def=30 range=[30,31]
[repack] simple-local pick pc=662 op=KPRI def=31 range=[30,31]
[repack] proto=202 pc=668 accept existing FR2 slice [30,31]
[repack] proto=202 pc=674 accept existing FR2 slice [30,33]
[repack] slice fail pc=678 interference-at=674 op=CALL reg=31 range=[30,31]
[repack] simple-local pick pc=677 op=KPRI def=30 range=[30,31]
[repack] simple-local pick pc=672 op=KPRI def=31 range=[30,31]
[repack] proto=202 pc=678 accept existing FR2 slice [30,31]
[repack] slice fail pc=682 interference-at=674 op=CALL reg=31 range=[30,31]
[repack] simple-local pick pc=681 op=KPRI def=30 range=[30,31]
[repack] simple-local pick pc=672 op=KPRI def=31 range=[30,31]
[repack] proto=202 pc=682 accept existing FR2 slice [30,31]
[repack] slice fail pc=686 interference-at=674 op=CALL reg=31 range=[30,31]
[repack] simple-local pick pc=685 op=KPRI def=30 range=[30,31]
[repack] simple-local pick pc=672 op=KPRI def=31 range=[30,31]
[repack] proto=202 pc=686 accept existing FR2 slice [30,31]
[repack] slice fail pc=690 interference-at=674 op=CALL reg=31 range=[30,31]
[repack] simple-local pick pc=689 op=KPRI def=30 range=[30,31]
[repack] simple-local pick pc=672 op=KPRI def=31 range=[30,31]
[repack] proto=202 pc=690 accept existing FR2 slice [30,31]
[repack] slice fail pc=694 interference-at=674 op=CALL reg=31 range=[30,31]
[repack] simple-local pick pc=693 op=KPRI def=30 range=[30,31]
[repack] simple-local pick pc=672 op=KPRI def=31 range=[30,31]
[repack] proto=202 pc=694 accept existing FR2 slice [30,31]
[repack] slice fail pc=698 interference-at=674 op=CALL reg=31 range=[30,31]
[repack] simple-local pick pc=697 op=KPRI def=30 range=[30,31]
[repack] simple-local pick pc=672 op=KPRI def=31 range=[30,31]
[repack] proto=202 pc=698 accept existing FR2 slice [30,31]
[repack] slice fail pc=702 interference-at=674 op=CALL reg=31 range=[30,31]
[repack] simple-local pick pc=701 op=KPRI def=30 range=[30,31]
[repack] simple-local pick pc=672 op=KPRI def=31 range=[30,31]
[repack] proto=202 pc=702 accept existing FR2 slice [30,31]
[repack] proto=202 pc=708 accept existing FR2 slice [30,33]
[repack] proto=202 pc=714 accept existing FR2 slice [30,33]
[repack] proto=202 pc=720 accept existing FR2 slice [30,33]
[repack] proto=202 pc=726 accept existing FR2 slice [30,33]
[repack] proto=202 pc=732 accept existing FR2 slice [30,33]
[repack] proto=202 pc=738 accept existing FR2 slice [30,33]
[repack] proto=202 pc=744 accept existing FR2 slice [30,33]
[repack] slice fail pc=748 interference-at=744 op=CALL reg=31 range=[30,31]
[repack] simple-local pick pc=747 op=KPRI def=30 range=[30,31]
[repack] simple-local pick pc=742 op=KPRI def=31 range=[30,31]
[repack] proto=202 pc=748 accept existing FR2 slice [30,31]
[repack] proto=202 pc=754 accept existing FR2 slice [30,33]
[repack] proto=202 pc=760 accept existing FR2 slice [30,33]
[repack] slice fail pc=764 interference-at=760 op=CALL reg=31 range=[30,31]
[repack] simple-local pick pc=763 op=KPRI def=30 range=[30,31]
[repack] simple-local pick pc=758 op=KPRI def=31 range=[30,31]
[repack] proto=202 pc=764 accept existing FR2 slice [30,31]
[repack] proto=202 pc=770 accept existing FR2 slice [30,33]
[repack] proto=202 pc=776 accept existing FR2 slice [30,33]
[repack] proto=202 pc=782 accept existing FR2 slice [30,33]
[repack] proto=202 pc=788 accept existing FR2 slice [30,33]
[repack] slice fail pc=792 interference-at=788 op=CALL reg=31 range=[30,31]
[repack] simple-local pick pc=791 op=KPRI def=30 range=[30,31]
[repack] simple-local pick pc=786 op=KPRI def=31 range=[30,31]
[repack] proto=202 pc=792 accept existing FR2 slice [30,31]
[repack] slice fail pc=796 interference-at=788 op=CALL reg=31 range=[30,31]
[repack] simple-local pick pc=795 op=KPRI def=30 range=[30,31]
[repack] simple-local pick pc=786 op=KPRI def=31 range=[30,31]
[repack] proto=202 pc=796 accept existing FR2 slice [30,31]
[repack] slice fail pc=800 interference-at=788 op=CALL reg=31 range=[30,31]
[repack] simple-local pick pc=799 op=KPRI def=30 range=[30,31]
[repack] simple-local pick pc=786 op=KPRI def=31 range=[30,31]
[repack] proto=202 pc=800 accept existing FR2 slice [30,31]
[repack] proto=202 pc=806 accept existing FR2 slice [30,33]
[repack] proto=202 pc=812 accept existing FR2 slice [30,33]
[repack] proto=202 pc=818 accept existing FR2 slice [30,33]
[repack] proto=202 pc=824 accept existing FR2 slice [30,33]
[repack] proto=202 pc=830 accept existing FR2 slice [30,33]
[repack] proto=202 pc=836 accept existing FR2 slice [30,33]
[repack] proto=202 pc=842 accept existing FR2 slice [30,33]
[repack] proto=202 pc=848 accept existing FR2 slice [30,33]
[repack] proto=202 pc=854 accept existing FR2 slice [30,33]
[repack] slice fail pc=858 interference-at=854 op=CALL reg=31 range=[30,31]
[repack] simple-local pick pc=857 op=KPRI def=30 range=[30,31]
[repack] simple-local pick pc=852 op=KPRI def=31 range=[30,31]
[repack] proto=202 pc=858 accept existing FR2 slice [30,31]
[repack] proto=202 pc=864 accept existing FR2 slice [30,33]
[repack] proto=202 pc=870 accept existing FR2 slice [30,33]
[repack] proto=202 pc=876 accept existing FR2 slice [30,33]
[repack] proto=202 pc=882 accept existing FR2 slice [30,33]
[repack] proto=202 pc=888 accept existing FR2 slice [30,33]
[repack] proto=202 pc=894 accept existing FR2 slice [30,33]
[repack] proto=202 pc=900 accept existing FR2 slice [30,33]
[repack] proto=202 pc=906 accept existing FR2 slice [30,33]
[repack] proto=202 pc=912 accept existing FR2 slice [30,33]
[repack] proto=202 pc=918 accept existing FR2 slice [30,33]
[repack] proto=202 pc=924 accept existing FR2 slice [30,33]
[repack] proto=202 pc=930 accept existing FR2 slice [30,33]
[repack] proto=202 pc=936 accept existing FR2 slice [30,33]
[repack] proto=202 pc=942 accept existing FR2 slice [30,33]
[repack] proto=202 pc=948 accept existing FR2 slice [30,33]
[repack] proto=202 pc=954 accept existing FR2 slice [30,33]
[repack] slice fail pc=958 interference-at=954 op=CALL reg=31 range=[30,31]
[repack] simple-local pick pc=957 op=KPRI def=30 range=[30,31]
[repack] simple-local pick pc=952 op=KPRI def=31 range=[30,31]
[repack] proto=202 pc=958 accept existing FR2 slice [30,31]
[repack] slice fail pc=962 interference-at=954 op=CALL reg=31 range=[30,31]
[repack] simple-local pick pc=961 op=KPRI def=30 range=[30,31]
[repack] simple-local pick pc=952 op=KPRI def=31 range=[30,31]
[repack] proto=202 pc=962 accept existing FR2 slice [30,31]
[repack] proto=202 pc=987 accept existing FR2 slice [30,33]
[repack] proto=202 pc=993 accept existing FR2 slice [30,33]
[repack] proto=202 pc=999 accept existing FR2 slice [30,33]
[repack] proto=202 pc=1005 accept existing FR2 slice [30,33]
[repack] proto=202 pc=1011 accept existing FR2 slice [30,33]
[repack] slice fail pc=1015 interference-at=1011 op=CALL reg=31 range=[30,31]
[repack] simple-local pick pc=1014 op=KPRI def=30 range=[30,31]
[repack] simple-local pick pc=1009 op=KPRI def=31 range=[30,31]
[repack] proto=202 pc=1015 accept existing FR2 slice [30,31]
[repack] proto=202 pc=1021 accept existing FR2 slice [30,33]
[repack] proto=202 pc=1027 accept existing FR2 slice [30,33]
[repack] proto=202 pc=1033 accept existing FR2 slice [30,33]
[repack] slice fail pc=1037 interference-at=1033 op=CALL reg=31 range=[30,31]
[repack] simple-local pick pc=1036 op=KPRI def=30 range=[30,31]
[repack] simple-local pick pc=1031 op=KPRI def=31 range=[30,31]
[repack] proto=202 pc=1037 accept existing FR2 slice [30,31]
[repack] proto=202 pc=1043 accept existing FR2 slice [30,33]
[repack] proto=202 pc=1046 accept existing FR2 slice [30,30]
[repack] proto=202 pc=1052 accept existing FR2 slice [31,34]
[repack] proto=202 pc=1058 accept existing FR2 slice [31,34]
[repack] proto=202 pc=1064 accept existing FR2 slice [31,34]
[repack] proto=202 pc=1070 accept existing FR2 slice [31,34]
[repack] proto=202 pc=1076 accept existing FR2 slice [31,34]
[repack] proto=202 pc=1082 accept existing FR2 slice [31,34]
[repack] proto=202 pc=1088 accept existing FR2 slice [31,34]
[repack] proto=202 pc=1094 accept existing FR2 slice [31,34]
[repack] proto=202 pc=1100 accept existing FR2 slice [31,34]
[repack] proto=202 pc=1106 accept existing FR2 slice [31,34]
[repack] proto=202 pc=1110 accept existing FR2 slice [32,32]
[repack] proto=202 pc=1115 accept existing FR2 slice [31,32]
[repack] proto=202 pc=1121 accept existing FR2 slice [31,34]
[repack] proto=202 pc=1127 accept existing FR2 slice [31,34]
[repack] proto=202 pc=1133 accept existing FR2 slice [31,34]
[repack] proto=202 pc=1139 accept existing FR2 slice [31,34]
[repack] proto=202 pc=1151 accept existing FR2 slice [31,35]
[repack] proto=202 pc=1163 accept existing FR2 slice [31,35]
[repack] proto=202 pc=1175 accept existing FR2 slice [31,35]
[repack] proto=202 pc=1187 accept existing FR2 slice [31,35]
[repack] slice fail pc=1191 interference-at=1187 op=CALL reg=32 range=[31,32]
[repack] simple-local pick pc=1190 op=KPRI def=31 range=[31,32]
[repack] simple-local pick pc=1185 op=MOV def=32 range=[31,32]
[repack] proto=202 pc=1191 accept existing FR2 slice [31,32]
[repack] proto=202 pc=1203 accept existing FR2 slice [31,35]
[repack] proto=202 pc=1215 accept existing FR2 slice [31,35]
[repack] proto=202 pc=1227 accept existing FR2 slice [31,35]
[repack] proto=202 pc=1239 accept existing FR2 slice [31,35]
[repack] proto=202 pc=1251 accept existing FR2 slice [31,35]
[repack] proto=202 pc=1263 accept existing FR2 slice [31,35]
[repack] proto=202 pc=1275 accept existing FR2 slice [31,35]
[repack] proto=202 pc=1287 accept existing FR2 slice [31,35]
[repack] proto=202 pc=1299 accept existing FR2 slice [31,35]
[repack] proto=202 pc=1311 accept existing FR2 slice [31,35]
[repack] proto=202 pc=1319 accept existing FR2 slice [31,33]
[repack] proto=202 pc=1331 accept existing FR2 slice [31,35]
[repack] proto=202 pc=1343 accept existing FR2 slice [31,35]
[repack] proto=202 pc=1351 accept existing FR2 slice [31,33]
[repack] proto=202 pc=1359 accept existing FR2 slice [31,33]
[repack] proto=202 pc=1367 accept existing FR2 slice [31,33]
[repack] proto=202 pc=1377 copy-fallback keep legacy-overlap reason=call6-kstr-tdup-fnew-chain old=[30,32] new=[31,33] base=29 nargs=3 b=1
[repack] proto=202 pc=1377 copy-fallback reason=call6-kstr-tdup-fnew-chain insert_pc=1377 count=3 range=[30,32]->[31,33] deferred=0
[rebuild] proto=202 insert_pc=1377 old_proto_total=17056 new_proto_total=17068 old_payload=17053 new_payload=17065 debug_drop=3445
[repack] proto=202 pc=3 accept existing FR2 slice [2,2]
[repack] proto=202 pc=7 accept existing FR2 slice [3,3]
[repack] proto=202 pc=11 accept existing FR2 slice [4,4]
[repack] proto=202 pc=15 accept existing FR2 slice [5,5]
[repack] proto=202 pc=19 accept existing FR2 slice [6,6]
[repack] proto=202 pc=23 accept existing FR2 slice [7,7]
[repack] proto=202 pc=27 accept existing FR2 slice [8,8]
[repack] proto=202 pc=31 accept existing FR2 slice [9,9]
[repack] proto=202 pc=35 accept existing FR2 slice [10,10]
[repack] proto=202 pc=39 accept existing FR2 slice [11,11]
[repack] proto=202 pc=44 accept existing FR2 slice [13,13]
[repack] proto=202 pc=48 accept existing FR2 slice [14,14]
[repack] proto=202 pc=52 accept existing FR2 slice [15,15]
[repack] proto=202 pc=56 accept existing FR2 slice [16,16]
[repack] proto=202 pc=60 accept existing FR2 slice [17,17]
[repack] proto=202 pc=64 accept existing FR2 slice [18,18]
[repack] proto=202 pc=68 accept existing FR2 slice [19,19]
[repack] proto=202 pc=79 accept existing FR2 slice [20,20]
[repack] proto=202 pc=83 accept existing FR2 slice [20,20]
[repack] proto=202 pc=87 accept existing FR2 slice [20,20]
[repack] proto=202 pc=91 accept existing FR2 slice [20,21]
[repack] proto=202 pc=94 accept existing FR2 slice [20,20]
[repack] proto=202 pc=137 accept existing FR2 slice [21,21]
[repack] proto=202 pc=142 accept existing FR2 slice [21,22]
[repack] proto=202 pc=146 accept existing FR2 slice [21,22]
[repack] proto=202 pc=150 accept existing FR2 slice [21,22]
[repack] proto=202 pc=154 accept existing FR2 slice [21,22]
[repack] proto=202 pc=158 accept existing FR2 slice [21,22]
[repack] proto=202 pc=162 accept existing FR2 slice [21,22]
[repack] proto=202 pc=165 accept existing FR2 slice [21,21]
[repack] proto=202 pc=170 accept existing FR2 slice [26,27]
[repack] proto=202 pc=175 accept existing FR2 slice [21,21]
[repack] slice fail pc=180 target-at=177 range=[26,27]
[repack] simple-local pick pc=179 op=KPRI def=26 range=[26,27]
[repack] simple-local pick pc=169 op=KPRI def=27 range=[26,27]
[repack] proto=202 pc=180 accept existing FR2 slice [26,27]
[repack] slice fail pc=181 unresolved reg=23 range=[23,24]
[repack] readonly slice retry fail pc=181 read-at=180 op=CALL reg=24 range=[23,24]
[repack] simple-local pick pc=177 op=TGETS def=24 range=[23,24]
[repack] simple-local missing reg=23 range=[23,24]
[repack] slice fail pc=181 interference-at=180 op=CALL reg=24 range=[24,25]
[repack] simple-local pick pc=178 op=MOV def=25 range=[24,25]
[repack] simple-local pick pc=177 op=TGETS def=24 range=[24,25]
[repack] proto=202 pc=181 accept existing FR2 slice [24,25]
[repack] proto=202 pc=185 accept existing FR2 slice [21,21]
[repack] slice fail pc=190 target-at=187 range=[26,27]
[repack] simple-local pick pc=189 op=KPRI def=26 range=[26,27]
[repack] simple-local pick pc=169 op=KPRI def=27 range=[26,27]
[repack] proto=202 pc=190 accept existing FR2 slice [26,27]
[repack] proto=202 pc=197 accept existing FR2 slice [21,21]
[repack] proto=202 pc=212 accept existing FR2 slice [23,23]
[repack] proto=202 pc=235 accept existing FR2 slice [27,28]
[repack] proto=202 pc=241 accept existing FR2 slice [27,30]
[repack] proto=202 pc=247 accept existing FR2 slice [27,30]
[repack] proto=202 pc=253 accept existing FR2 slice [27,30]
[repack] proto=202 pc=259 accept existing FR2 slice [27,30]
[repack] proto=202 pc=265 accept existing FR2 slice [27,30]
[repack] proto=202 pc=271 accept existing FR2 slice [27,30]
[repack] proto=202 pc=277 accept existing FR2 slice [27,30]
[repack] proto=202 pc=283 accept existing FR2 slice [27,30]
[repack] proto=202 pc=289 accept existing FR2 slice [27,30]
[repack] proto=202 pc=295 accept existing FR2 slice [27,30]
[repack] proto=202 pc=301 accept existing FR2 slice [27,30]
[repack] proto=202 pc=307 accept existing FR2 slice [27,30]
[repack] proto=202 pc=313 accept existing FR2 slice [27,30]
[repack] proto=202 pc=319 accept existing FR2 slice [27,30]
[repack] proto=202 pc=325 accept existing FR2 slice [27,30]
[repack] proto=202 pc=331 accept existing FR2 slice [27,30]
[repack] proto=202 pc=337 accept existing FR2 slice [27,30]
[repack] proto=202 pc=343 accept existing FR2 slice [27,30]
[repack] proto=202 pc=349 accept existing FR2 slice [27,30]
[repack] proto=202 pc=355 accept existing FR2 slice [27,30]
[repack] proto=202 pc=361 accept existing FR2 slice [27,30]
[repack] proto=202 pc=367 accept existing FR2 slice [27,30]
[repack] proto=202 pc=373 accept existing FR2 slice [27,30]
[repack] proto=202 pc=379 accept existing FR2 slice [27,30]
[repack] proto=202 pc=385 accept existing FR2 slice [27,30]
[repack] proto=202 pc=391 accept existing FR2 slice [27,30]
[repack] proto=202 pc=397 accept existing FR2 slice [27,30]
[repack] proto=202 pc=403 accept existing FR2 slice [27,30]
[repack] proto=202 pc=409 accept existing FR2 slice [27,30]
[repack] proto=202 pc=415 accept existing FR2 slice [27,30]
[repack] proto=202 pc=421 accept existing FR2 slice [27,30]
[repack] proto=202 pc=427 accept existing FR2 slice [27,30]
[repack] proto=202 pc=433 accept existing FR2 slice [27,30]
[repack] proto=202 pc=439 accept existing FR2 slice [27,30]
[repack] proto=202 pc=445 accept existing FR2 slice [27,30]
[repack] proto=202 pc=448 accept existing FR2 slice [27,27]
[repack] proto=202 pc=455 accept existing FR2 slice [27,30]
[repack] proto=202 pc=458 accept existing FR2 slice [27,27]
[repack] proto=202 pc=465 accept existing FR2 slice [27,30]
[repack] proto=202 pc=471 accept existing FR2 slice [27,30]
[repack] proto=202 pc=477 accept existing FR2 slice [27,30]
[repack] proto=202 pc=483 accept existing FR2 slice [27,30]
[repack] proto=202 pc=489 accept existing FR2 slice [27,30]
[repack] proto=202 pc=495 accept existing FR2 slice [27,30]
[repack] proto=202 pc=501 accept existing FR2 slice [27,30]
[repack] proto=202 pc=507 accept existing FR2 slice [27,30]
[repack] proto=202 pc=513 accept existing FR2 slice [27,30]
[repack] proto=202 pc=519 accept existing FR2 slice [27,30]
[repack] proto=202 pc=525 accept existing FR2 slice [27,30]
[repack] proto=202 pc=531 accept existing FR2 slice [27,30]
[repack] proto=202 pc=537 accept existing FR2 slice [27,30]
[repack] proto=202 pc=543 accept existing FR2 slice [27,30]
[repack] proto=202 pc=550 accept existing FR2 slice [28,31]
[repack] proto=202 pc=556 accept existing FR2 slice [28,31]
[repack] proto=202 pc=562 accept existing FR2 slice [28,31]
[repack] proto=202 pc=568 accept existing FR2 slice [28,31]
[repack] proto=202 pc=574 accept existing FR2 slice [28,31]
[repack] proto=202 pc=580 accept existing FR2 slice [28,31]
[repack] proto=202 pc=586 accept existing FR2 slice [28,31]
[repack] proto=202 pc=592 accept existing FR2 slice [28,31]
[repack] slice fail pc=596 interference-at=592 op=CALL reg=29 range=[28,29]
[repack] simple-local pick pc=595 op=KPRI def=28 range=[28,29]
[repack] simple-local pick pc=590 op=KPRI def=29 range=[28,29]
[repack] proto=202 pc=596 accept existing FR2 slice [28,29]
[repack] proto=202 pc=602 accept existing FR2 slice [28,31]
[repack] slice fail pc=606 interference-at=602 op=CALL reg=29 range=[28,29]
[repack] simple-local pick pc=605 op=KPRI def=28 range=[28,29]
[repack] simple-local pick pc=600 op=KPRI def=29 range=[28,29]
[repack] proto=202 pc=606 accept existing FR2 slice [28,29]
[repack] proto=202 pc=612 accept existing FR2 slice [28,31]
[repack] proto=202 pc=615 accept existing FR2 slice [28,28]
[repack] proto=202 pc=624 accept existing FR2 slice [30,33]
[repack] proto=202 pc=630 accept existing FR2 slice [30,33]
[repack] proto=202 pc=636 accept existing FR2 slice [30,33]
[repack] proto=202 pc=642 accept existing FR2 slice [30,33]
[repack] proto=202 pc=648 accept existing FR2 slice [30,33]
[repack] proto=202 pc=654 accept existing FR2 slice [30,33]
[repack] slice fail pc=658 interference-at=654 op=CALL reg=31 range=[30,31]
[repack] simple-local pick pc=657 op=KPRI def=30 range=[30,31]
[repack] simple-local pick pc=652 op=KPRI def=31 range=[30,31]
[repack] proto=202 pc=658 accept existing FR2 slice [30,31]
[repack] proto=202 pc=664 accept existing FR2 slice [30,33]
[repack] slice fail pc=668 interference-at=664 op=CALL reg=31 range=[30,31]
[repack] simple-local pick pc=667 op=KPRI def=30 range=[30,31]
[repack] simple-local pick pc=662 op=KPRI def=31 range=[30,31]
[repack] proto=202 pc=668 accept existing FR2 slice [30,31]
[repack] proto=202 pc=674 accept existing FR2 slice [30,33]
[repack] slice fail pc=678 interference-at=674 op=CALL reg=31 range=[30,31]
[repack] simple-local pick pc=677 op=KPRI def=30 range=[30,31]
[repack] simple-local pick pc=672 op=KPRI def=31 range=[30,31]
[repack] proto=202 pc=678 accept existing FR2 slice [30,31]
[repack] slice fail pc=682 interference-at=674 op=CALL reg=31 range=[30,31]
[repack] simple-local pick pc=681 op=KPRI def=30 range=[30,31]
[repack] simple-local pick pc=672 op=KPRI def=31 range=[30,31]
[repack] proto=202 pc=682 accept existing FR2 slice [30,31]
[repack] slice fail pc=686 interference-at=674 op=CALL reg=31 range=[30,31]
[repack] simple-local pick pc=685 op=KPRI def=30 range=[30,31]
[repack] simple-local pick pc=672 op=KPRI def=31 range=[30,31]
[repack] proto=202 pc=686 accept existing FR2 slice [30,31]
[repack] slice fail pc=690 interference-at=674 op=CALL reg=31 range=[30,31]
[repack] simple-local pick pc=689 op=KPRI def=30 range=[30,31]
[repack] simple-local pick pc=672 op=KPRI def=31 range=[30,31]
[repack] proto=202 pc=690 accept existing FR2 slice [30,31]
[repack] slice fail pc=694 interference-at=674 op=CALL reg=31 range=[30,31]
[repack] simple-local pick pc=693 op=KPRI def=30 range=[30,31]
[repack] simple-local pick pc=672 op=KPRI def=31 range=[30,31]
[repack] proto=202 pc=694 accept existing FR2 slice [30,31]
[repack] slice fail pc=698 interference-at=674 op=CALL reg=31 range=[30,31]
[repack] simple-local pick pc=697 op=KPRI def=30 range=[30,31]
[repack] simple-local pick pc=672 op=KPRI def=31 range=[30,31]
[repack] proto=202 pc=698 accept existing FR2 slice [30,31]
[repack] slice fail pc=702 interference-at=674 op=CALL reg=31 range=[30,31]
[repack] simple-local pick pc=701 op=KPRI def=30 range=[30,31]
[repack] simple-local pick pc=672 op=KPRI def=31 range=[30,31]
[repack] proto=202 pc=702 accept existing FR2 slice [30,31]
[repack] proto=202 pc=708 accept existing FR2 slice [30,33]
[repack] proto=202 pc=714 accept existing FR2 slice [30,33]
[repack] proto=202 pc=720 accept existing FR2 slice [30,33]
[repack] proto=202 pc=726 accept existing FR2 slice [30,33]
[repack] proto=202 pc=732 accept existing FR2 slice [30,33]
[repack] proto=202 pc=738 accept existing FR2 slice [30,33]
[repack] proto=202 pc=744 accept existing FR2 slice [30,33]
[repack] slice fail pc=748 interference-at=744 op=CALL reg=31 range=[30,31]
[repack] simple-local pick pc=747 op=KPRI def=30 range=[30,31]
[repack] simple-local pick pc=742 op=KPRI def=31 range=[30,31]
[repack] proto=202 pc=748 accept existing FR2 slice [30,31]
[repack] proto=202 pc=754 accept existing FR2 slice [30,33]
[repack] proto=202 pc=760 accept existing FR2 slice [30,33]
[repack] slice fail pc=764 interference-at=760 op=CALL reg=31 range=[30,31]
[repack] simple-local pick pc=763 op=KPRI def=30 range=[30,31]
[repack] simple-local pick pc=758 op=KPRI def=31 range=[30,31]
[repack] proto=202 pc=764 accept existing FR2 slice [30,31]
[repack] proto=202 pc=770 accept existing FR2 slice [30,33]
[repack] proto=202 pc=776 accept existing FR2 slice [30,33]
[repack] proto=202 pc=782 accept existing FR2 slice [30,33]
[repack] proto=202 pc=788 accept existing FR2 slice [30,33]
[repack] slice fail pc=792 interference-at=788 op=CALL reg=31 range=[30,31]
[repack] simple-local pick pc=791 op=KPRI def=30 range=[30,31]
[repack] simple-local pick pc=786 op=KPRI def=31 range=[30,31]
[repack] proto=202 pc=792 accept existing FR2 slice [30,31]
[repack] slice fail pc=796 interference-at=788 op=CALL reg=31 range=[30,31]
[repack] simple-local pick pc=795 op=KPRI def=30 range=[30,31]
[repack] simple-local pick pc=786 op=KPRI def=31 range=[30,31]
[repack] proto=202 pc=796 accept existing FR2 slice [30,31]
[repack] slice fail pc=800 interference-at=788 op=CALL reg=31 range=[30,31]
[repack] simple-local pick pc=799 op=KPRI def=30 range=[30,31]
[repack] simple-local pick pc=786 op=KPRI def=31 range=[30,31]
[repack] proto=202 pc=800 accept existing FR2 slice [30,31]
[repack] proto=202 pc=806 accept existing FR2 slice [30,33]
[repack] proto=202 pc=812 accept existing FR2 slice [30,33]
[repack] proto=202 pc=818 accept existing FR2 slice [30,33]
[repack] proto=202 pc=824 accept existing FR2 slice [30,33]
[repack] proto=202 pc=830 accept existing FR2 slice [30,33]
[repack] proto=202 pc=836 accept existing FR2 slice [30,33]
[repack] proto=202 pc=842 accept existing FR2 slice [30,33]
[repack] proto=202 pc=848 accept existing FR2 slice [30,33]
[repack] proto=202 pc=854 accept existing FR2 slice [30,33]
[repack] slice fail pc=858 interference-at=854 op=CALL reg=31 range=[30,31]
[repack] simple-local pick pc=857 op=KPRI def=30 range=[30,31]
[repack] simple-local pick pc=852 op=KPRI def=31 range=[30,31]
[repack] proto=202 pc=858 accept existing FR2 slice [30,31]
[repack] proto=202 pc=864 accept existing FR2 slice [30,33]
[repack] proto=202 pc=870 accept existing FR2 slice [30,33]
[repack] proto=202 pc=876 accept existing FR2 slice [30,33]
[repack] proto=202 pc=882 accept existing FR2 slice [30,33]
[repack] proto=202 pc=888 accept existing FR2 slice [30,33]
[repack] proto=202 pc=894 accept existing FR2 slice [30,33]
[repack] proto=202 pc=900 accept existing FR2 slice [30,33]
[repack] proto=202 pc=906 accept existing FR2 slice [30,33]
[repack] proto=202 pc=912 accept existing FR2 slice [30,33]
[repack] proto=202 pc=918 accept existing FR2 slice [30,33]
[repack] proto=202 pc=924 accept existing FR2 slice [30,33]
[repack] proto=202 pc=930 accept existing FR2 slice [30,33]
[repack] proto=202 pc=936 accept existing FR2 slice [30,33]
[repack] proto=202 pc=942 accept existing FR2 slice [30,33]
[repack] proto=202 pc=948 accept existing FR2 slice [30,33]
[repack] proto=202 pc=954 accept existing FR2 slice [30,33]
[repack] slice fail pc=958 interference-at=954 op=CALL reg=31 range=[30,31]
[repack] simple-local pick pc=957 op=KPRI def=30 range=[30,31]
[repack] simple-local pick pc=952 op=KPRI def=31 range=[30,31]
[repack] proto=202 pc=958 accept existing FR2 slice [30,31]
[repack] slice fail pc=962 interference-at=954 op=CALL reg=31 range=[30,31]
[repack] simple-local pick pc=961 op=KPRI def=30 range=[30,31]
[repack] simple-local pick pc=952 op=KPRI def=31 range=[30,31]
[repack] proto=202 pc=962 accept existing FR2 slice [30,31]
[repack] proto=202 pc=987 accept existing FR2 slice [30,33]
[repack] proto=202 pc=993 accept existing FR2 slice [30,33]
[repack] proto=202 pc=999 accept existing FR2 slice [30,33]
[repack] proto=202 pc=1005 accept existing FR2 slice [30,33]
[repack] proto=202 pc=1011 accept existing FR2 slice [30,33]
[repack] slice fail pc=1015 interference-at=1011 op=CALL reg=31 range=[30,31]
[repack] simple-local pick pc=1014 op=KPRI def=30 range=[30,31]
[repack] simple-local pick pc=1009 op=KPRI def=31 range=[30,31]
[repack] proto=202 pc=1015 accept existing FR2 slice [30,31]
[repack] proto=202 pc=1021 accept existing FR2 slice [30,33]
[repack] proto=202 pc=1027 accept existing FR2 slice [30,33]
[repack] proto=202 pc=1033 accept existing FR2 slice [30,33]
[repack] slice fail pc=1037 interference-at=1033 op=CALL reg=31 range=[30,31]
[repack] simple-local pick pc=1036 op=KPRI def=30 range=[30,31]
[repack] simple-local pick pc=1031 op=KPRI def=31 range=[30,31]
[repack] proto=202 pc=1037 accept existing FR2 slice [30,31]
[repack] proto=202 pc=1043 accept existing FR2 slice [30,33]
[repack] proto=202 pc=1046 accept existing FR2 slice [30,30]
[repack] proto=202 pc=1052 accept existing FR2 slice [31,34]
[repack] proto=202 pc=1058 accept existing FR2 slice [31,34]
[repack] proto=202 pc=1064 accept existing FR2 slice [31,34]
[repack] proto=202 pc=1070 accept existing FR2 slice [31,34]
[repack] proto=202 pc=1076 accept existing FR2 slice [31,34]
[repack] proto=202 pc=1082 accept existing FR2 slice [31,34]
[repack] proto=202 pc=1088 accept existing FR2 slice [31,34]
[repack] proto=202 pc=1094 accept existing FR2 slice [31,34]
[repack] proto=202 pc=1100 accept existing FR2 slice [31,34]
[repack] proto=202 pc=1106 accept existing FR2 slice [31,34]
[repack] proto=202 pc=1110 accept existing FR2 slice [32,32]
[repack] proto=202 pc=1115 accept existing FR2 slice [31,32]
[repack] proto=202 pc=1121 accept existing FR2 slice [31,34]
[repack] proto=202 pc=1127 accept existing FR2 slice [31,34]
[repack] proto=202 pc=1133 accept existing FR2 slice [31,34]
[repack] proto=202 pc=1139 accept existing FR2 slice [31,34]
[repack] proto=202 pc=1151 accept existing FR2 slice [31,35]
[repack] proto=202 pc=1163 accept existing FR2 slice [31,35]
[repack] proto=202 pc=1175 accept existing FR2 slice [31,35]
[repack] proto=202 pc=1187 accept existing FR2 slice [31,35]
[repack] slice fail pc=1191 interference-at=1187 op=CALL reg=32 range=[31,32]
[repack] simple-local pick pc=1190 op=KPRI def=31 range=[31,32]
[repack] simple-local pick pc=1185 op=MOV def=32 range=[31,32]
[repack] proto=202 pc=1191 accept existing FR2 slice [31,32]
[repack] proto=202 pc=1203 accept existing FR2 slice [31,35]
[repack] proto=202 pc=1215 accept existing FR2 slice [31,35]
[repack] proto=202 pc=1227 accept existing FR2 slice [31,35]
[repack] proto=202 pc=1239 accept existing FR2 slice [31,35]
[repack] proto=202 pc=1251 accept existing FR2 slice [31,35]
[repack] proto=202 pc=1263 accept existing FR2 slice [31,35]
[repack] proto=202 pc=1275 accept existing FR2 slice [31,35]
[repack] proto=202 pc=1287 accept existing FR2 slice [31,35]
[repack] proto=202 pc=1299 accept existing FR2 slice [31,35]
[repack] proto=202 pc=1311 accept existing FR2 slice [31,35]
[repack] proto=202 pc=1319 accept existing FR2 slice [31,33]
[repack] proto=202 pc=1331 accept existing FR2 slice [31,35]
[repack] proto=202 pc=1343 accept existing FR2 slice [31,35]
[repack] proto=202 pc=1351 accept existing FR2 slice [31,33]
[repack] proto=202 pc=1359 accept existing FR2 slice [31,33]
[repack] proto=202 pc=1367 accept existing FR2 slice [31,33]
[repack] proto=202 pc=1371 accept existing FR2 slice [32,32]
[repack] proto=202 pc=1380 accept existing FR2 slice [31,33]
[repack] slice fail pc=1389 interference-at=1380 op=CALL reg=32 range=[31,32]
[repack] simple-local pick pc=1388 op=KPRI def=31 range=[31,32]
[repack] simple-local pick pc=1378 op=MOV def=32 range=[31,32]
[repack] proto=202 pc=1389 accept existing FR2 slice [31,32]
[repack] slice fail pc=1393 interference-at=1380 op=CALL reg=32 range=[31,32]
[repack] simple-local pick pc=1392 op=KPRI def=31 range=[31,32]
[repack] simple-local pick pc=1378 op=MOV def=32 range=[31,32]
[repack] proto=202 pc=1393 accept existing FR2 slice [31,32]
[repack] slice fail pc=1397 interference-at=1380 op=CALL reg=32 range=[31,32]
[repack] simple-local pick pc=1396 op=KPRI def=31 range=[31,32]
[repack] simple-local pick pc=1378 op=MOV def=32 range=[31,32]
[repack] proto=202 pc=1397 accept existing FR2 slice [31,32]
[repack] slice fail pc=1401 interference-at=1380 op=CALL reg=32 range=[31,32]
[repack] simple-local pick pc=1400 op=KPRI def=31 range=[31,32]
[repack] simple-local pick pc=1378 op=MOV def=32 range=[31,32]
[repack] proto=202 pc=1401 accept existing FR2 slice [31,32]
[repack] slice fail pc=1405 interference-at=1380 op=CALL reg=32 range=[31,32]
[repack] simple-local pick pc=1404 op=KPRI def=31 range=[31,32]
[repack] simple-local pick pc=1378 op=MOV def=32 range=[31,32]
[repack] proto=202 pc=1405 accept existing FR2 slice [31,32]
[repack] slice fail pc=1409 interference-at=1380 op=CALL reg=32 range=[31,32]
[repack] simple-local pick pc=1408 op=KPRI def=31 range=[31,32]
[repack] simple-local pick pc=1378 op=MOV def=32 range=[31,32]
[repack] proto=202 pc=1409 accept existing FR2 slice [31,32]
[repack] slice fail pc=1413 interference-at=1380 op=CALL reg=32 range=[31,32]
[repack] simple-local pick pc=1412 op=KPRI def=31 range=[31,32]
[repack] simple-local pick pc=1378 op=MOV def=32 range=[31,32]
[repack] proto=202 pc=1413 accept existing FR2 slice [31,32]
[repack] slice fail pc=1417 interference-at=1380 op=CALL reg=32 range=[31,32]
[repack] simple-local pick pc=1416 op=KPRI def=31 range=[31,32]
[repack] simple-local pick pc=1378 op=MOV def=32 range=[31,32]
[repack] proto=202 pc=1417 accept existing FR2 slice [31,32]
[repack] slice fail pc=1421 interference-at=1380 op=CALL reg=32 range=[31,32]
[repack] simple-local pick pc=1420 op=KPRI def=31 range=[31,32]
[repack] simple-local pick pc=1378 op=MOV def=32 range=[31,32]
[repack] proto=202 pc=1421 accept existing FR2 slice [31,32]
[repack] slice fail pc=1425 interference-at=1380 op=CALL reg=32 range=[31,32]
[repack] simple-local pick pc=1424 op=KPRI def=31 range=[31,32]
[repack] simple-local pick pc=1378 op=MOV def=32 range=[31,32]
[repack] proto=202 pc=1425 accept existing FR2 slice [31,32]
[repack] slice fail pc=1429 interference-at=1380 op=CALL reg=32 range=[31,32]
[repack] simple-local pick pc=1428 op=KPRI def=31 range=[31,32]
[repack] simple-local pick pc=1378 op=MOV def=32 range=[31,32]
[repack] proto=202 pc=1429 accept existing FR2 slice [31,32]
[repack] slice fail pc=1433 interference-at=1380 op=CALL reg=32 range=[31,32]
[repack] simple-local pick pc=1432 op=KPRI def=31 range=[31,32]
[repack] simple-local pick pc=1378 op=MOV def=32 range=[31,32]
[repack] proto=202 pc=1433 accept existing FR2 slice [31,32]
[repack] slice fail pc=1437 interference-at=1380 op=CALL reg=32 range=[31,32]
[repack] simple-local pick pc=1436 op=KPRI def=31 range=[31,32]
[repack] simple-local pick pc=1378 op=MOV def=32 range=[31,32]
[repack] proto=202 pc=1437 accept existing FR2 slice [31,32]
[repack] slice fail pc=1445 interference-at=1343 op=CALL reg=34 range=[31,34]
[repack] simple-local pick pc=1444 op=FNEW def=33 range=[31,34]
[repack] simple-local pick pc=1443 op=KPRI def=32 range=[31,34]
[repack] simple-local pick pc=1442 op=KSTR def=31 range=[31,34]
[repack] simple-local pick pc=1339 op=MOV def=34 range=[31,34]
[repack] proto=202 pc=1445 accept existing FR2 slice [31,34]
[repack] slice fail pc=1451 interference-at=1343 op=CALL reg=34 range=[31,34]
[repack] simple-local pick pc=1450 op=FNEW def=33 range=[31,34]
[repack] simple-local pick pc=1449 op=KPRI def=32 range=[31,34]
[repack] simple-local pick pc=1448 op=KSTR def=31 range=[31,34]
[repack] simple-local pick pc=1339 op=MOV def=34 range=[31,34]
[repack] proto=202 pc=1451 accept existing FR2 slice [31,34]
[repack] slice fail pc=1457 interference-at=1343 op=CALL reg=34 range=[31,34]
[repack] simple-local pick pc=1456 op=FNEW def=33 range=[31,34]
[repack] simple-local pick pc=1455 op=KPRI def=32 range=[31,34]
[repack] simple-local pick pc=1454 op=KSTR def=31 range=[31,34]
[repack] simple-local pick pc=1339 op=MOV def=34 range=[31,34]
[repack] proto=202 pc=1457 accept existing FR2 slice [31,34]
[repack] slice fail pc=1463 interference-at=1343 op=CALL reg=34 range=[31,34]
[repack] simple-local pick pc=1462 op=FNEW def=33 range=[31,34]
[repack] simple-local pick pc=1461 op=KPRI def=32 range=[31,34]
[repack] simple-local pick pc=1460 op=KSTR def=31 range=[31,34]
[repack] simple-local pick pc=1339 op=MOV def=34 range=[31,34]
[repack] proto=202 pc=1463 accept existing FR2 slice [31,34]
[repack] slice fail pc=1469 interference-at=1343 op=CALL reg=34 range=[31,34]
[repack] simple-local pick pc=1468 op=FNEW def=33 range=[31,34]
[repack] simple-local pick pc=1467 op=KPRI def=32 range=[31,34]
[repack] simple-local pick pc=1466 op=KSTR def=31 range=[31,34]
[repack] simple-local pick pc=1339 op=MOV def=34 range=[31,34]
[repack] proto=202 pc=1469 accept existing FR2 slice [31,34]
[repack] slice fail pc=1475 interference-at=1343 op=CALL reg=34 range=[31,34]
[repack] simple-local pick pc=1474 op=FNEW def=33 range=[31,34]
[repack] simple-local pick pc=1473 op=KPRI def=32 range=[31,34]
[repack] simple-local pick pc=1472 op=KSTR def=31 range=[31,34]
[repack] simple-local pick pc=1339 op=MOV def=34 range=[31,34]
[repack] proto=202 pc=1475 accept existing FR2 slice [31,34]
[repack] slice fail pc=1481 interference-at=1343 op=CALL reg=34 range=[31,34]
[repack] simple-local pick pc=1480 op=FNEW def=33 range=[31,34]
[repack] simple-local pick pc=1479 op=KPRI def=32 range=[31,34]
[repack] simple-local pick pc=1478 op=KSTR def=31 range=[31,34]
[repack] simple-local pick pc=1339 op=MOV def=34 range=[31,34]
[repack] proto=202 pc=1481 accept existing FR2 slice [31,34]
[repack] slice fail pc=1487 interference-at=1343 op=CALL reg=34 range=[31,34]
[repack] simple-local pick pc=1486 op=FNEW def=33 range=[31,34]
[repack] simple-local pick pc=1485 op=KPRI def=32 range=[31,34]
[repack] simple-local pick pc=1484 op=KSTR def=31 range=[31,34]
[repack] simple-local pick pc=1339 op=MOV def=34 range=[31,34]
[repack] proto=202 pc=1487 accept existing FR2 slice [31,34]
[repack] slice fail pc=1493 interference-at=1343 op=CALL reg=34 range=[31,34]
[repack] simple-local pick pc=1492 op=FNEW def=33 range=[31,34]
[repack] simple-local pick pc=1491 op=KPRI def=32 range=[31,34]
[repack] simple-local pick pc=1490 op=KSTR def=31 range=[31,34]
[repack] simple-local pick pc=1339 op=MOV def=34 range=[31,34]
[repack] proto=202 pc=1493 accept existing FR2 slice [31,34]
[repack] slice fail pc=1497 interference-at=1493 op=CALL reg=32 range=[31,32]
[repack] simple-local pick pc=1496 op=KPRI def=31 range=[31,32]
[repack] simple-local pick pc=1491 op=KPRI def=32 range=[31,32]
[repack] proto=202 pc=1497 accept existing FR2 slice [31,32]
[repack] slice fail pc=1503 interference-at=1343 op=CALL reg=34 range=[31,34]
[repack] simple-local pick pc=1502 op=FNEW def=33 range=[31,34]
[repack] simple-local pick pc=1501 op=KPRI def=32 range=[31,34]
[repack] simple-local pick pc=1500 op=KSTR def=31 range=[31,34]
[repack] simple-local pick pc=1339 op=MOV def=34 range=[31,34]
[repack] proto=202 pc=1503 accept existing FR2 slice [31,34]
[repack] slice fail pc=1507 interference-at=1503 op=CALL reg=32 range=[31,32]
[repack] simple-local pick pc=1506 op=KPRI def=31 range=[31,32]
[repack] simple-local pick pc=1501 op=KPRI def=32 range=[31,32]
[repack] proto=202 pc=1507 accept existing FR2 slice [31,32]
[repack] slice fail pc=1513 interference-at=1343 op=CALL reg=34 range=[31,34]
[repack] simple-local pick pc=1512 op=FNEW def=33 range=[31,34]
[repack] simple-local pick pc=1511 op=KPRI def=32 range=[31,34]
[repack] simple-local pick pc=1510 op=KSTR def=31 range=[31,34]
[repack] simple-local pick pc=1339 op=MOV def=34 range=[31,34]
[repack] proto=202 pc=1513 accept existing FR2 slice [31,34]
[repack] slice fail pc=1519 interference-at=1343 op=CALL reg=34 range=[31,34]
[repack] simple-local pick pc=1518 op=FNEW def=33 range=[31,34]
[repack] simple-local pick pc=1517 op=KPRI def=32 range=[31,34]
[repack] simple-local pick pc=1516 op=KSTR def=31 range=[31,34]
[repack] simple-local pick pc=1339 op=MOV def=34 range=[31,34]
[repack] proto=202 pc=1519 accept existing FR2 slice [31,34]
[repack] slice fail pc=1525 interference-at=1343 op=CALL reg=34 range=[31,34]
[repack] simple-local pick pc=1524 op=FNEW def=33 range=[31,34]
[repack] simple-local pick pc=1523 op=KPRI def=32 range=[31,34]
[repack] simple-local pick pc=1522 op=KSTR def=31 range=[31,34]
[repack] simple-local pick pc=1339 op=MOV def=34 range=[31,34]
[repack] proto=202 pc=1525 accept existing FR2 slice [31,34]
[repack] slice fail pc=1533 interference-at=1343 op=CALL reg=34 range=[31,34]
[repack] simple-local pick pc=1532 op=FNEW def=33 range=[31,34]
[repack] simple-local pick pc=1531 op=KPRI def=32 range=[31,34]
[repack] simple-local pick pc=1530 op=KSTR def=31 range=[31,34]
[repack] simple-local pick pc=1339 op=MOV def=34 range=[31,34]
[repack] proto=202 pc=1533 accept existing FR2 slice [31,34]
[repack] slice fail pc=1539 interference-at=1343 op=CALL reg=34 range=[31,34]
[repack] simple-local pick pc=1538 op=FNEW def=33 range=[31,34]
[repack] simple-local pick pc=1537 op=KPRI def=32 range=[31,34]
[repack] simple-local pick pc=1536 op=KSTR def=31 range=[31,34]
[repack] simple-local pick pc=1339 op=MOV def=34 range=[31,34]
[repack] proto=202 pc=1539 accept existing FR2 slice [31,34]
[repack] slice fail pc=1545 interference-at=1343 op=CALL reg=34 range=[31,34]
[repack] simple-local pick pc=1544 op=FNEW def=33 range=[31,34]
[repack] simple-local pick pc=1543 op=KPRI def=32 range=[31,34]
[repack] simple-local pick pc=1542 op=KSTR def=31 range=[31,34]
[repack] simple-local pick pc=1339 op=MOV def=34 range=[31,34]
[repack] proto=202 pc=1545 accept existing FR2 slice [31,34]
[repack] slice fail pc=1551 interference-at=1343 op=CALL reg=34 range=[31,34]
[repack] simple-local pick pc=1550 op=FNEW def=33 range=[31,34]
[repack] simple-local pick pc=1549 op=KPRI def=32 range=[31,34]
[repack] simple-local pick pc=1548 op=KSTR def=31 range=[31,34]
[repack] simple-local pick pc=1339 op=MOV def=34 range=[31,34]
[repack] proto=202 pc=1551 accept existing FR2 slice [31,34]
[repack] slice fail pc=1557 interference-at=1343 op=CALL reg=34 range=[31,34]
[repack] simple-local pick pc=1556 op=FNEW def=33 range=[31,34]
[repack] simple-local pick pc=1555 op=KPRI def=32 range=[31,34]
[repack] simple-local pick pc=1554 op=KSTR def=31 range=[31,34]
[repack] simple-local pick pc=1339 op=MOV def=34 range=[31,34]
[repack] proto=202 pc=1557 accept existing FR2 slice [31,34]
[repack] slice fail pc=1563 interference-at=1343 op=CALL reg=34 range=[31,34]
[repack] simple-local pick pc=1562 op=FNEW def=33 range=[31,34]
[repack] simple-local pick pc=1561 op=KPRI def=32 range=[31,34]
[repack] simple-local pick pc=1560 op=KSTR def=31 range=[31,34]
[repack] simple-local pick pc=1339 op=MOV def=34 range=[31,34]
[repack] proto=202 pc=1563 accept existing FR2 slice [31,34]
[repack] slice fail pc=1569 interference-at=1343 op=CALL reg=34 range=[31,34]
[repack] simple-local pick pc=1568 op=FNEW def=33 range=[31,34]
[repack] simple-local pick pc=1567 op=KPRI def=32 range=[31,34]
[repack] simple-local pick pc=1566 op=KSTR def=31 range=[31,34]
[repack] simple-local pick pc=1339 op=MOV def=34 range=[31,34]
[repack] proto=202 pc=1569 accept existing FR2 slice [31,34]
[repack] slice fail pc=1575 interference-at=1343 op=CALL reg=34 range=[31,34]
[repack] simple-local pick pc=1574 op=FNEW def=33 range=[31,34]
[repack] simple-local pick pc=1573 op=KPRI def=32 range=[31,34]
[repack] simple-local pick pc=1572 op=KSTR def=31 range=[31,34]
[repack] simple-local pick pc=1339 op=MOV def=34 range=[31,34]
[repack] proto=202 pc=1575 accept existing FR2 slice [31,34]
[repack] proto=202 pc=1058 apply proto202 direct C5 registration fix KSTR/KPRI/FNEW A30..A33 -> A31..A34
[repack] proto=202 pc=1064 apply proto202 direct C5 registration fix KSTR/KPRI/FNEW A30..A33 -> A31..A34
[repack] proto=202 pc=1070 apply proto202 direct C5 registration fix KSTR/KPRI/FNEW A30..A33 -> A31..A34
[repack] proto=202 pc=1076 apply proto202 direct C5 registration fix KSTR/KPRI/FNEW A30..A33 -> A31..A34
[repack] proto=202 pc=1082 apply proto202 direct C5 registration fix KSTR/KPRI/FNEW A30..A33 -> A31..A34
[repack] proto=202 pc=1088 apply proto202 direct C5 registration fix KSTR/KPRI/FNEW A30..A33 -> A31..A34
[repack] proto=202 pc=1094 apply proto202 direct C5 registration fix KSTR/KPRI/FNEW A30..A33 -> A31..A34
[repack] proto=202 pc=1100 apply proto202 direct C5 registration fix KSTR/KPRI/FNEW A30..A33 -> A31..A34
[repack] proto=202 pc=1106 apply proto202 direct C5 registration fix KSTR/KPRI/FNEW A30..A33 -> A31..A34
[repack] proto=202 pc=1121 apply proto202 direct C5 registration fix KSTR/KPRI/FNEW A30..A33 -> A31..A34
[repack] proto=202 pc=1127 apply proto202 direct C5 registration fix KSTR/KPRI/FNEW A30..A33 -> A31..A34
[repack] proto=202 pc=1133 apply proto202 direct C5 registration fix KSTR/KPRI/FNEW A30..A33 -> A31..A34
[repack] proto=202 pc=1139 apply proto202 direct C5 registration fix KSTR/KPRI/FNEW A30..A33 -> A31..A34
[repack] proto=202 pc=1445 apply proto202 direct C5 registration fix KSTR/KPRI/FNEW A30..A33 -> A31..A34
[repack] proto=202 pc=1451 apply proto202 direct C5 registration fix KSTR/KPRI/FNEW A30..A33 -> A31..A34
[repack] proto=202 pc=1457 apply proto202 direct C5 registration fix KSTR/KPRI/FNEW A30..A33 -> A31..A34
[repack] proto=202 pc=1463 apply proto202 direct C5 registration fix KSTR/KPRI/FNEW A30..A33 -> A31..A34
[repack] proto=202 pc=1469 apply proto202 direct C5 registration fix KSTR/KPRI/FNEW A30..A33 -> A31..A34
[repack] proto=202 pc=1475 apply proto202 direct C5 registration fix KSTR/KPRI/FNEW A30..A33 -> A31..A34
[repack] proto=202 pc=1481 apply proto202 direct C5 registration fix KSTR/KPRI/FNEW A30..A33 -> A31..A34
[repack] proto=202 pc=1487 apply proto202 direct C5 registration fix KSTR/KPRI/FNEW A30..A33 -> A31..A34
[repack] proto=202 pc=1493 apply proto202 direct C5 registration fix KSTR/KPRI/FNEW A30..A33 -> A31..A34
[repack] proto=202 pc=1503 apply proto202 direct C5 registration fix KSTR/KPRI/FNEW A30..A33 -> A31..A34
[repack] proto=202 pc=1513 apply proto202 direct C5 registration fix KSTR/KPRI/FNEW A30..A33 -> A31..A34
[repack] proto=202 pc=1519 apply proto202 direct C5 registration fix KSTR/KPRI/FNEW A30..A33 -> A31..A34
[repack] proto=202 pc=1525 apply proto202 direct C5 registration fix KSTR/KPRI/FNEW A30..A33 -> A31..A34
[repack] proto=202 pc=1533 apply proto202 direct C5 registration fix KSTR/KPRI/FNEW A30..A33 -> A31..A34
[repack] proto=202 pc=1539 apply proto202 direct C5 registration fix KSTR/KPRI/FNEW A30..A33 -> A31..A34
[repack] proto=202 pc=1545 apply proto202 direct C5 registration fix KSTR/KPRI/FNEW A30..A33 -> A31..A34
[repack] proto=202 pc=1551 apply proto202 direct C5 registration fix KSTR/KPRI/FNEW A30..A33 -> A31..A34
[repack] proto=202 pc=1557 apply proto202 direct C5 registration fix KSTR/KPRI/FNEW A30..A33 -> A31..A34
[repack] proto=202 pc=1563 apply proto202 direct C5 registration fix KSTR/KPRI/FNEW A30..A33 -> A31..A34
[repack] proto=202 pc=1569 apply proto202 direct C5 registration fix KSTR/KPRI/FNEW A30..A33 -> A31..A34
[repack] proto=202 pc=1575 apply proto202 direct C5 registration fix KSTR/KPRI/FNEW A30..A33 -> A31..A34
converted /mnt/d/Games/work/jygame_renew/gamedata/modcache/SSWS_HG/lua/luajit/battle.lua -> /mnt/d/Games/work/tolua_runtime/tmp/hosttool_rebuild_probe/battle.lua.fr2.bin (145041 -> 146085 bytes, target_fr2=1)
