[repack] proto=0 pc=25 reject existing FR2 slice: first-arg seed old=7(pc=23,TGETS) new=8(pc=24,KSHORT)
[repack] slice fail pc=34 interference-at=25 op=CALL reg=6 range=[6,6]
[repack] readonly slice retry fail pc=34 write-at=25 op=CALL reg=6 range=[6,6]
[repack] simple-local pick pc=33 op=DIVVN def=6 range=[6,6]
[repack] proto=0 pc=52 reject existing FR2 slice: new-first writer matches old-second old=8(pc=45,MOV) old2=9(pc=49,CAT) new=9(pc=49,CAT)
[repack] proto=0 pc=65 skip FR2 arg shift for CALL(C=3,B=1) cat-tail old=[8,9]
[repack] proto=0 pc=70 reject existing FR2 slice: stale new-first old=8(pc=68,MOV) new=9(pc=64,CAT)
[repack] proto=0 pc=80 reject existing FR2 slice: first-arg seed old=7(pc=78,TGETS) new=8(pc=79,KSHORT)
[repack] slice fail pc=89 interference-at=80 op=CALL reg=6 range=[6,6]
[repack] readonly slice retry fail pc=89 write-at=80 op=CALL reg=6 range=[6,6]
[repack] simple-local pick pc=88 op=DIVVN def=6 range=[6,6]
[repack] proto=0 pc=100 reject existing FR2 slice: new-first writer matches old-second old=7(pc=93,MOV) old2=8(pc=97,CAT) new=8(pc=97,CAT)
[repack] proto=0 pc=111 skip FR2 arg shift for CALL(C=3,B=1) cat-tail old=[7,8]
[repack] proto=0 pc=138 reject existing FR2 slice: new-first writer matches old-second old=7(pc=131,MOV) old2=8(pc=135,CAT) new=8(pc=135,CAT)
[repack] proto=0 pc=149 skip FR2 arg shift for CALL(C=3,B=1) cat-tail old=[7,8]
[repack] proto=0 pc=152 reject existing FR2 slice: stale new-first old=7(pc=150,MOV) new=8(pc=148,CAT)
[repack] proto=0 pc=173 reject existing FR2 slice: new-first writer matches old-second old=7(pc=166,MOV) old2=8(pc=170,CAT) new=8(pc=170,CAT)
[repack] proto=0 pc=184 skip FR2 arg shift for CALL(C=3,B=1) cat-tail old=[7,8]
[repack] proto=0 pc=187 reject existing FR2 slice: stale new-first old=7(pc=185,MOV) new=8(pc=183,CAT)
[repack] proto=0 pc=227 skip FR2 arg shift for CALL(C=3,B=1) cat-tail old=[8,9]
[repack] slice fail pc=240 target-at=229 range=[9,10]
[repack] simple-local pick pc=239 op=KSHORT def=9 range=[9,10]
[repack] simple-local pick pc=220 op=TGETS def=10 range=[9,10]
[repack] proto=0 pc=240 accept existing FR2 slice [9,10]
[repack] proto=0 pc=242 call-selfdef helper enter consumer=CALL producer=CALL self=MULVV producer_b=2 consumer_span=2 producer_c=3
[repack] proto=0 pc=242 call-method-basecopy helper enter consumer=CALL producer=MULVV producer_b=6 consumer_span=2 producer_c=7
[repack] proto=0 pc=242 call-intermediate-producer target-touch reject blocker_pc=82 op=UGET reg=7 producer_pc=80
[repack] proto=0 pc=242 call-chain helper enter consumer=CALL producer=MULVV producer_b=6 consumer_span=2 producer_c=7
[repack] proto=0 pc=242 copy-fallback reason=target-touch-fail insert_pc=242 count=1 range=[6,6]->[7,7] deferred=0
[rebuild] proto=0 insert_pc=242 old_proto_total=8671 new_proto_total=8675 old_payload=8669 new_payload=8673 debug_drop=2536
[repack] proto=0 pc=5 accept existing FR2 slice [6,6]
[repack] proto=0 pc=25 accept existing FR2 slice [8,9]
[repack] slice fail pc=34 interference-at=32 op=MULVV reg=7 range=[7,7]
[repack] simple-local pick pc=33 op=DIVVN def=7 range=[7,7]
[repack] proto=0 pc=34 accept existing FR2 slice [7,7]
[repack] proto=0 pc=40 accept existing FR2 slice [8,8]
[repack] proto=0 pc=52 accept existing FR2 slice [9,11]
[repack] proto=0 pc=65 skip FR2 arg shift for CALL(C=3,B=1) cat-tail old=[8,9]
[repack] proto=0 pc=70 accept existing FR2 slice [9,9]
[repack] proto=0 pc=80 reject existing FR2 slice: new-first writer matches old-second old=7(pc=69,TGETS) old2=8(pc=78,TGETS) new=8(pc=78,TGETS)
[repack] slice fail pc=80 target-at=72 range=[7,8]
[repack] readonly slice retry fail pc=80 target-at=72 range=[7,8]
[repack] simple-local pick pc=78 op=TGETS def=8 range=[7,8]
[repack] simple-local pick pc=69 op=TGETS def=7 range=[7,8]
[repack] proto=0 pc=80 reject existing FR2 slice: new-first writer matches old-second old=7(pc=69,TGETS) old2=8(pc=78,TGETS) new=8(pc=78,TGETS)
[repack] proto=0 pc=80 call-selfdef helper enter consumer=CALL producer=TGETS self=KSHORT producer_b=8 consumer_span=3 producer_c=13
[repack] proto=0 pc=80 call-method-basecopy helper enter consumer=CALL producer=KSHORT producer_b=1 consumer_span=3 producer_c=144
[repack] proto=0 pc=80 call-chain helper enter consumer=CALL producer=KSHORT producer_b=1 consumer_span=3 producer_c=144
[repack] proto=0 pc=80 copy-fallback keep legacy-overlap reason=target-touch-fail old=[7,8] new=[8,9] base=6 nargs=2 b=2
[repack] proto=0 pc=80 copy-fallback reason=target-touch-fail insert_pc=80 count=2 range=[7,8]->[8,9] deferred=0
[rebuild] proto=0 insert_pc=80 old_proto_total=8675 new_proto_total=8683 old_payload=8673 new_payload=8681 debug_drop=2536
[repack] proto=0 pc=5 accept existing FR2 slice [6,6]
[repack] proto=0 pc=25 accept existing FR2 slice [8,9]
[repack] slice fail pc=34 interference-at=32 op=MULVV reg=7 range=[7,7]
[repack] simple-local pick pc=33 op=DIVVN def=7 range=[7,7]
[repack] proto=0 pc=34 accept existing FR2 slice [7,7]
[repack] proto=0 pc=40 accept existing FR2 slice [8,8]
[repack] proto=0 pc=52 accept existing FR2 slice [9,11]
[repack] proto=0 pc=65 skip FR2 arg shift for CALL(C=3,B=1) cat-tail old=[8,9]
[repack] proto=0 pc=70 accept existing FR2 slice [9,9]
[repack] proto=0 pc=82 skip FR2 arg shift for pre-shifted CALL(C=3) old=[7,8]
[repack] slice fail pc=91 interference-at=89 op=MULVV reg=7 range=[7,7]
[repack] simple-local pick pc=90 op=DIVVN def=7 range=[7,7]
[repack] proto=0 pc=91 accept existing FR2 slice [7,7]
[repack] proto=0 pc=102 accept existing FR2 slice [8,10]
[repack] proto=0 pc=113 skip FR2 arg shift for CALL(C=3,B=1) cat-tail old=[7,8]
[repack] proto=0 pc=129 accept existing FR2 slice [7,7]
[repack] proto=0 pc=140 accept existing FR2 slice [8,10]
[repack] proto=0 pc=151 skip FR2 arg shift for CALL(C=3,B=1) cat-tail old=[7,8]
[repack] proto=0 pc=154 accept existing FR2 slice [8,8]
[repack] proto=0 pc=164 accept existing FR2 slice [7,7]
[repack] proto=0 pc=175 accept existing FR2 slice [8,10]
[repack] proto=0 pc=186 skip FR2 arg shift for CALL(C=3,B=1) cat-tail old=[7,8]
[repack] proto=0 pc=189 accept existing FR2 slice [8,8]
[repack] proto=0 pc=229 skip FR2 arg shift for CALL(C=3,B=1) cat-tail old=[8,9]
[repack] slice fail pc=242 target-at=231 range=[9,10]
[repack] simple-local pick pc=241 op=KSHORT def=9 range=[9,10]
[repack] simple-local pick pc=222 op=TGETS def=10 range=[9,10]
[repack] proto=0 pc=242 accept existing FR2 slice [9,10]
[repack] proto=0 pc=245 accept existing FR2 slice [7,7]
[repack] proto=0 pc=256 reject existing FR2 slice: new-first writer matches old-second old=7(pc=249,MOV) old2=8(pc=253,CAT) new=8(pc=253,CAT)
[repack] proto=0 pc=266 skip FR2 arg shift for CALL(C=3,B=1) cat-tail old=[7,8]
[repack] slice fail pc=292 target-at=268 range=[10,11]
[repack] simple-local pick pc=291 op=SUBVV def=10 range=[10,11]
[repack] simple-local pick pc=264 op=KSTR def=11 range=[10,11]
[repack] proto=0 pc=292 accept existing FR2 slice [10,11]
[repack] proto=0 pc=301 reject existing FR2 slice: new-first writer matches old-second old=9(pc=294,MOV) old2=10(pc=298,CAT) new=10(pc=298,CAT)
[repack] proto=0 pc=312 skip FR2 arg shift for CALL(C=3,B=1) cat-tail old=[9,10]
[repack] proto=0 pc=358 reject existing FR2 slice: new-first writer matches old-second old=7(pc=351,MOV) old2=8(pc=355,CAT) new=8(pc=355,CAT)
[repack] proto=0 pc=361 reject existing FR2 slice: stale new-first old=7(pc=359,MOV) new=8(pc=351,MOV)
[repack] proto=0 pc=388 reject existing FR2 slice: new-first writer matches old-second old=7(pc=381,MOV) old2=8(pc=385,CAT) new=8(pc=385,CAT)
[repack] proto=0 pc=399 skip FR2 arg shift for CALL(C=3,B=1) cat-tail old=[7,8]
[repack] proto=0 pc=411 call-selfdef helper enter consumer=CALL producer=MULNV self=ADDVV producer_b=2 consumer_span=2 producer_c=16
[repack] proto=0 pc=411 call-method-basecopy helper enter consumer=CALL producer=ADDVV producer_b=6 consumer_span=2 producer_c=7
[repack] proto=0 pc=411 call-intermediate-producer target-touch reject blocker_pc=282 op=UGET reg=7 producer_pc=280
[repack] proto=0 pc=411 call-chain helper enter consumer=CALL producer=ADDVV producer_b=6 consumer_span=2 producer_c=7
[repack] proto=0 pc=411 copy-fallback reason=target-touch-fail insert_pc=411 count=1 range=[6,6]->[7,7] deferred=0
[rebuild] proto=0 insert_pc=411 old_proto_total=8683 new_proto_total=8687 old_payload=8681 new_payload=8685 debug_drop=2536
[repack] proto=0 pc=5 accept existing FR2 slice [6,6]
[repack] proto=0 pc=25 accept existing FR2 slice [8,9]
[repack] slice fail pc=34 interference-at=32 op=MULVV reg=7 range=[7,7]
[repack] simple-local pick pc=33 op=DIVVN def=7 range=[7,7]
[repack] proto=0 pc=34 accept existing FR2 slice [7,7]
[repack] proto=0 pc=40 accept existing FR2 slice [8,8]
[repack] proto=0 pc=52 accept existing FR2 slice [9,11]
[repack] proto=0 pc=65 skip FR2 arg shift for CALL(C=3,B=1) cat-tail old=[8,9]
[repack] proto=0 pc=70 accept existing FR2 slice [9,9]
[repack] proto=0 pc=82 skip FR2 arg shift for pre-shifted CALL(C=3) old=[7,8]
[repack] slice fail pc=91 interference-at=89 op=MULVV reg=7 range=[7,7]
[repack] simple-local pick pc=90 op=DIVVN def=7 range=[7,7]
[repack] proto=0 pc=91 accept existing FR2 slice [7,7]
[repack] proto=0 pc=102 accept existing FR2 slice [8,10]
[repack] proto=0 pc=113 skip FR2 arg shift for CALL(C=3,B=1) cat-tail old=[7,8]
[repack] proto=0 pc=129 accept existing FR2 slice [7,7]
[repack] proto=0 pc=140 accept existing FR2 slice [8,10]
[repack] proto=0 pc=151 skip FR2 arg shift for CALL(C=3,B=1) cat-tail old=[7,8]
[repack] proto=0 pc=154 accept existing FR2 slice [8,8]
[repack] proto=0 pc=164 accept existing FR2 slice [7,7]
[repack] proto=0 pc=175 accept existing FR2 slice [8,10]
[repack] proto=0 pc=186 skip FR2 arg shift for CALL(C=3,B=1) cat-tail old=[7,8]
[repack] proto=0 pc=189 accept existing FR2 slice [8,8]
[repack] proto=0 pc=229 skip FR2 arg shift for CALL(C=3,B=1) cat-tail old=[8,9]
[repack] slice fail pc=242 target-at=231 range=[9,10]
[repack] simple-local pick pc=241 op=KSHORT def=9 range=[9,10]
[repack] simple-local pick pc=222 op=TGETS def=10 range=[9,10]
[repack] proto=0 pc=242 accept existing FR2 slice [9,10]
[repack] proto=0 pc=245 accept existing FR2 slice [7,7]
[repack] proto=0 pc=256 accept existing FR2 slice [8,10]
[repack] proto=0 pc=266 skip FR2 arg shift for CALL(C=3,B=1) cat-tail old=[7,8]
[repack] proto=0 pc=280 accept existing FR2 slice [8,8]
[repack] slice fail pc=292 target-at=268 range=[10,11]
[repack] simple-local pick pc=291 op=SUBVV def=10 range=[10,11]
[repack] simple-local pick pc=264 op=KSTR def=11 range=[10,11]
[repack] proto=0 pc=292 accept existing FR2 slice [10,11]
[repack] proto=0 pc=301 accept existing FR2 slice [10,12]
[repack] proto=0 pc=312 skip FR2 arg shift for CALL(C=3,B=1) cat-tail old=[9,10]
[repack] proto=0 pc=340 accept existing FR2 slice [7,7]
[repack] proto=0 pc=358 accept existing FR2 slice [8,10]
[repack] proto=0 pc=361 accept existing FR2 slice [8,8]
[repack] proto=0 pc=388 accept existing FR2 slice [8,10]
[repack] proto=0 pc=399 skip FR2 arg shift for CALL(C=3,B=1) cat-tail old=[7,8]
[repack] proto=0 pc=412 accept existing FR2 slice [7,7]
[repack] proto=0 pc=454 reject existing FR2 slice: new-first writer matches old-second old=7(pc=447,MOV) old2=8(pc=451,CAT) new=8(pc=451,CAT)
[repack] proto=0 pc=457 reject existing FR2 slice: stale new-first old=7(pc=455,MOV) new=8(pc=447,MOV)
[repack] proto=0 pc=468 skip FR2 arg shift for CALL(C=3,B=1) cat-tail old=[7,8]
[repack] slice fail pc=480 target-at=469 range=[9,10]
[repack] simple-local pick pc=479 op=KSHORT def=9 range=[9,10]
[repack] simple-local pick pc=464 op=KSTR def=10 range=[9,10]
[repack] proto=0 pc=480 accept existing FR2 slice [9,10]
[repack] proto=0 pc=482 call-selfdef helper enter consumer=CALL producer=CALL self=MULVV producer_b=2 consumer_span=2 producer_c=3
[repack] proto=0 pc=482 call-method-basecopy helper enter consumer=CALL producer=MULVV producer_b=6 consumer_span=2 producer_c=7
[repack] proto=0 pc=482 call-intermediate-producer reject target entry at pc=437 producer_pc=435
[repack] proto=0 pc=482 call-chain helper enter consumer=CALL producer=MULVV producer_b=6 consumer_span=2 producer_c=7
[repack] proto=0 pc=482 copy-fallback reason=target-touch-fail insert_pc=482 count=1 range=[6,6]->[7,7] deferred=0
[rebuild] proto=0 insert_pc=482 old_proto_total=8687 new_proto_total=8691 old_payload=8685 new_payload=8689 debug_drop=2536
[repack] proto=0 pc=5 accept existing FR2 slice [6,6]
[repack] proto=0 pc=25 accept existing FR2 slice [8,9]
[repack] slice fail pc=34 interference-at=32 op=MULVV reg=7 range=[7,7]
[repack] simple-local pick pc=33 op=DIVVN def=7 range=[7,7]
[repack] proto=0 pc=34 accept existing FR2 slice [7,7]
[repack] proto=0 pc=40 accept existing FR2 slice [8,8]
[repack] proto=0 pc=52 accept existing FR2 slice [9,11]
[repack] proto=0 pc=65 skip FR2 arg shift for CALL(C=3,B=1) cat-tail old=[8,9]
[repack] proto=0 pc=70 accept existing FR2 slice [9,9]
[repack] proto=0 pc=82 skip FR2 arg shift for pre-shifted CALL(C=3) old=[7,8]
[repack] slice fail pc=91 interference-at=89 op=MULVV reg=7 range=[7,7]
[repack] simple-local pick pc=90 op=DIVVN def=7 range=[7,7]
[repack] proto=0 pc=91 accept existing FR2 slice [7,7]
[repack] proto=0 pc=102 accept existing FR2 slice [8,10]
[repack] proto=0 pc=113 skip FR2 arg shift for CALL(C=3,B=1) cat-tail old=[7,8]
[repack] proto=0 pc=129 accept existing FR2 slice [7,7]
[repack] proto=0 pc=140 accept existing FR2 slice [8,10]
[repack] proto=0 pc=151 skip FR2 arg shift for CALL(C=3,B=1) cat-tail old=[7,8]
[repack] proto=0 pc=154 accept existing FR2 slice [8,8]
[repack] proto=0 pc=164 accept existing FR2 slice [7,7]
[repack] proto=0 pc=175 accept existing FR2 slice [8,10]
[repack] proto=0 pc=186 skip FR2 arg shift for CALL(C=3,B=1) cat-tail old=[7,8]
[repack] proto=0 pc=189 accept existing FR2 slice [8,8]
[repack] proto=0 pc=229 skip FR2 arg shift for CALL(C=3,B=1) cat-tail old=[8,9]
[repack] slice fail pc=242 target-at=231 range=[9,10]
[repack] simple-local pick pc=241 op=KSHORT def=9 range=[9,10]
[repack] simple-local pick pc=222 op=TGETS def=10 range=[9,10]
[repack] proto=0 pc=242 accept existing FR2 slice [9,10]
[repack] proto=0 pc=245 accept existing FR2 slice [7,7]
[repack] proto=0 pc=256 accept existing FR2 slice [8,10]
[repack] proto=0 pc=266 skip FR2 arg shift for CALL(C=3,B=1) cat-tail old=[7,8]
[repack] proto=0 pc=280 accept existing FR2 slice [8,8]
[repack] slice fail pc=292 target-at=268 range=[10,11]
[repack] simple-local pick pc=291 op=SUBVV def=10 range=[10,11]
[repack] simple-local pick pc=264 op=KSTR def=11 range=[10,11]
[repack] proto=0 pc=292 accept existing FR2 slice [10,11]
[repack] proto=0 pc=301 accept existing FR2 slice [10,12]
[repack] proto=0 pc=312 skip FR2 arg shift for CALL(C=3,B=1) cat-tail old=[9,10]
[repack] proto=0 pc=340 accept existing FR2 slice [7,7]
[repack] proto=0 pc=358 accept existing FR2 slice [8,10]
[repack] proto=0 pc=361 accept existing FR2 slice [8,8]
[repack] proto=0 pc=388 accept existing FR2 slice [8,10]
[repack] proto=0 pc=399 skip FR2 arg shift for CALL(C=3,B=1) cat-tail old=[7,8]
[repack] proto=0 pc=412 accept existing FR2 slice [7,7]
[repack] proto=0 pc=423 accept existing FR2 slice [8,8]
[repack] proto=0 pc=435 accept existing FR2 slice [8,8]
[repack] proto=0 pc=454 accept existing FR2 slice [8,10]
[repack] proto=0 pc=457 accept existing FR2 slice [8,8]
[repack] proto=0 pc=468 skip FR2 arg shift for CALL(C=3,B=1) cat-tail old=[7,8]
[repack] slice fail pc=480 target-at=469 range=[9,10]
[repack] simple-local pick pc=479 op=KSHORT def=9 range=[9,10]
[repack] simple-local pick pc=464 op=KSTR def=10 range=[9,10]
[repack] proto=0 pc=480 accept existing FR2 slice [9,10]
[repack] proto=0 pc=483 accept existing FR2 slice [7,7]
[repack] proto=0 pc=525 reject existing FR2 slice: new-first writer matches old-second old=7(pc=518,MOV) old2=8(pc=522,CAT) new=8(pc=522,CAT)
[repack] proto=0 pc=536 skip FR2 arg shift for CALL(C=3,B=1) cat-tail old=[7,8]
[repack] slice fail pc=549 target-at=538 range=[9,10]
[repack] simple-local pick pc=548 op=KSHORT def=9 range=[9,10]
[repack] simple-local pick pc=532 op=KSTR def=10 range=[9,10]
[repack] proto=0 pc=549 accept existing FR2 slice [9,10]
[repack] proto=0 pc=551 call-selfdef helper enter consumer=CALL producer=CALL self=MULVV producer_b=2 consumer_span=2 producer_c=3
[repack] proto=0 pc=551 call-method-basecopy helper enter consumer=CALL producer=MULVV producer_b=6 consumer_span=2 producer_c=7
[repack] proto=0 pc=551 call-intermediate-producer reject target entry at pc=508 producer_pc=506
[repack] proto=0 pc=551 call-chain helper enter consumer=CALL producer=MULVV producer_b=6 consumer_span=2 producer_c=7
[repack] proto=0 pc=551 copy-fallback reason=target-touch-fail insert_pc=551 count=1 range=[6,6]->[7,7] deferred=0
[rebuild] proto=0 insert_pc=551 old_proto_total=8691 new_proto_total=8695 old_payload=8689 new_payload=8693 debug_drop=2536
[repack] proto=0 pc=5 accept existing FR2 slice [6,6]
[repack] proto=0 pc=25 accept existing FR2 slice [8,9]
[repack] slice fail pc=34 interference-at=32 op=MULVV reg=7 range=[7,7]
[repack] simple-local pick pc=33 op=DIVVN def=7 range=[7,7]
[repack] proto=0 pc=34 accept existing FR2 slice [7,7]
[repack] proto=0 pc=40 accept existing FR2 slice [8,8]
[repack] proto=0 pc=52 accept existing FR2 slice [9,11]
[repack] proto=0 pc=65 skip FR2 arg shift for CALL(C=3,B=1) cat-tail old=[8,9]
[repack] proto=0 pc=70 accept existing FR2 slice [9,9]
[repack] proto=0 pc=82 skip FR2 arg shift for pre-shifted CALL(C=3) old=[7,8]
[repack] slice fail pc=91 interference-at=89 op=MULVV reg=7 range=[7,7]
[repack] simple-local pick pc=90 op=DIVVN def=7 range=[7,7]
[repack] proto=0 pc=91 accept existing FR2 slice [7,7]
[repack] proto=0 pc=102 accept existing FR2 slice [8,10]
[repack] proto=0 pc=113 skip FR2 arg shift for CALL(C=3,B=1) cat-tail old=[7,8]
[repack] proto=0 pc=129 accept existing FR2 slice [7,7]
[repack] proto=0 pc=140 accept existing FR2 slice [8,10]
[repack] proto=0 pc=151 skip FR2 arg shift for CALL(C=3,B=1) cat-tail old=[7,8]
[repack] proto=0 pc=154 accept existing FR2 slice [8,8]
[repack] proto=0 pc=164 accept existing FR2 slice [7,7]
[repack] proto=0 pc=175 accept existing FR2 slice [8,10]
[repack] proto=0 pc=186 skip FR2 arg shift for CALL(C=3,B=1) cat-tail old=[7,8]
[repack] proto=0 pc=189 accept existing FR2 slice [8,8]
[repack] proto=0 pc=229 skip FR2 arg shift for CALL(C=3,B=1) cat-tail old=[8,9]
[repack] slice fail pc=242 target-at=231 range=[9,10]
[repack] simple-local pick pc=241 op=KSHORT def=9 range=[9,10]
[repack] simple-local pick pc=222 op=TGETS def=10 range=[9,10]
[repack] proto=0 pc=242 accept existing FR2 slice [9,10]
[repack] proto=0 pc=245 accept existing FR2 slice [7,7]
[repack] proto=0 pc=256 accept existing FR2 slice [8,10]
[repack] proto=0 pc=266 skip FR2 arg shift for CALL(C=3,B=1) cat-tail old=[7,8]
[repack] proto=0 pc=280 accept existing FR2 slice [8,8]
[repack] slice fail pc=292 target-at=268 range=[10,11]
[repack] simple-local pick pc=291 op=SUBVV def=10 range=[10,11]
[repack] simple-local pick pc=264 op=KSTR def=11 range=[10,11]
[repack] proto=0 pc=292 accept existing FR2 slice [10,11]
[repack] proto=0 pc=301 accept existing FR2 slice [10,12]
[repack] proto=0 pc=312 skip FR2 arg shift for CALL(C=3,B=1) cat-tail old=[9,10]
[repack] proto=0 pc=340 accept existing FR2 slice [7,7]
[repack] proto=0 pc=358 accept existing FR2 slice [8,10]
[repack] proto=0 pc=361 accept existing FR2 slice [8,8]
[repack] proto=0 pc=388 accept existing FR2 slice [8,10]
[repack] proto=0 pc=399 skip FR2 arg shift for CALL(C=3,B=1) cat-tail old=[7,8]
[repack] proto=0 pc=412 accept existing FR2 slice [7,7]
[repack] proto=0 pc=423 accept existing FR2 slice [8,8]
[repack] proto=0 pc=435 accept existing FR2 slice [8,8]
[repack] proto=0 pc=454 accept existing FR2 slice [8,10]
[repack] proto=0 pc=457 accept existing FR2 slice [8,8]
[repack] proto=0 pc=468 skip FR2 arg shift for CALL(C=3,B=1) cat-tail old=[7,8]
[repack] slice fail pc=480 target-at=469 range=[9,10]
[repack] simple-local pick pc=479 op=KSHORT def=9 range=[9,10]
[repack] simple-local pick pc=464 op=KSTR def=10 range=[9,10]
[repack] proto=0 pc=480 accept existing FR2 slice [9,10]
[repack] proto=0 pc=483 accept existing FR2 slice [7,7]
[repack] proto=0 pc=494 accept existing FR2 slice [8,8]
[repack] proto=0 pc=506 accept existing FR2 slice [8,8]
[repack] proto=0 pc=525 accept existing FR2 slice [8,10]
[repack] proto=0 pc=536 skip FR2 arg shift for CALL(C=3,B=1) cat-tail old=[7,8]
[repack] slice fail pc=549 target-at=538 range=[9,10]
[repack] simple-local pick pc=548 op=KSHORT def=9 range=[9,10]
[repack] simple-local pick pc=532 op=KSTR def=10 range=[9,10]
[repack] proto=0 pc=549 accept existing FR2 slice [9,10]
[repack] proto=0 pc=552 accept existing FR2 slice [7,7]
[repack] proto=0 pc=594 reject existing FR2 slice: new-first writer matches old-second old=7(pc=587,MOV) old2=8(pc=591,CAT) new=8(pc=591,CAT)
[repack] proto=0 pc=605 skip FR2 arg shift for CALL(C=3,B=1) cat-tail old=[7,8]
[repack] slice fail pc=618 target-at=607 range=[9,10]
[repack] simple-local pick pc=617 op=KSHORT def=9 range=[9,10]
[repack] simple-local pick pc=601 op=KSTR def=10 range=[9,10]
[repack] proto=0 pc=618 accept existing FR2 slice [9,10]
[repack] proto=0 pc=620 call-selfdef helper enter consumer=CALL producer=CALL self=MULVV producer_b=2 consumer_span=2 producer_c=3
[repack] proto=0 pc=620 call-method-basecopy helper enter consumer=CALL producer=MULVV producer_b=6 consumer_span=2 producer_c=7
[repack] proto=0 pc=620 call-intermediate-producer reject target entry at pc=577 producer_pc=575
[repack] proto=0 pc=620 call-chain helper enter consumer=CALL producer=MULVV producer_b=6 consumer_span=2 producer_c=7
[repack] proto=0 pc=620 copy-fallback reason=target-touch-fail insert_pc=620 count=1 range=[6,6]->[7,7] deferred=0
[rebuild] proto=0 insert_pc=620 old_proto_total=8695 new_proto_total=8699 old_payload=8693 new_payload=8697 debug_drop=2536
[repack] proto=0 pc=5 accept existing FR2 slice [6,6]
[repack] proto=0 pc=25 accept existing FR2 slice [8,9]
[repack] slice fail pc=34 interference-at=32 op=MULVV reg=7 range=[7,7]
[repack] simple-local pick pc=33 op=DIVVN def=7 range=[7,7]
[repack] proto=0 pc=34 accept existing FR2 slice [7,7]
[repack] proto=0 pc=40 accept existing FR2 slice [8,8]
[repack] proto=0 pc=52 accept existing FR2 slice [9,11]
[repack] proto=0 pc=65 skip FR2 arg shift for CALL(C=3,B=1) cat-tail old=[8,9]
[repack] proto=0 pc=70 accept existing FR2 slice [9,9]
[repack] proto=0 pc=82 skip FR2 arg shift for pre-shifted CALL(C=3) old=[7,8]
[repack] slice fail pc=91 interference-at=89 op=MULVV reg=7 range=[7,7]
[repack] simple-local pick pc=90 op=DIVVN def=7 range=[7,7]
[repack] proto=0 pc=91 accept existing FR2 slice [7,7]
[repack] proto=0 pc=102 accept existing FR2 slice [8,10]
[repack] proto=0 pc=113 skip FR2 arg shift for CALL(C=3,B=1) cat-tail old=[7,8]
[repack] proto=0 pc=129 accept existing FR2 slice [7,7]
[repack] proto=0 pc=140 accept existing FR2 slice [8,10]
[repack] proto=0 pc=151 skip FR2 arg shift for CALL(C=3,B=1) cat-tail old=[7,8]
[repack] proto=0 pc=154 accept existing FR2 slice [8,8]
[repack] proto=0 pc=164 accept existing FR2 slice [7,7]
[repack] proto=0 pc=175 accept existing FR2 slice [8,10]
[repack] proto=0 pc=186 skip FR2 arg shift for CALL(C=3,B=1) cat-tail old=[7,8]
[repack] proto=0 pc=189 accept existing FR2 slice [8,8]
[repack] proto=0 pc=229 skip FR2 arg shift for CALL(C=3,B=1) cat-tail old=[8,9]
[repack] slice fail pc=242 target-at=231 range=[9,10]
[repack] simple-local pick pc=241 op=KSHORT def=9 range=[9,10]
[repack] simple-local pick pc=222 op=TGETS def=10 range=[9,10]
[repack] proto=0 pc=242 accept existing FR2 slice [9,10]
[repack] proto=0 pc=245 accept existing FR2 slice [7,7]
[repack] proto=0 pc=256 accept existing FR2 slice [8,10]
[repack] proto=0 pc=266 skip FR2 arg shift for CALL(C=3,B=1) cat-tail old=[7,8]
[repack] proto=0 pc=280 accept existing FR2 slice [8,8]
[repack] slice fail pc=292 target-at=268 range=[10,11]
[repack] simple-local pick pc=291 op=SUBVV def=10 range=[10,11]
[repack] simple-local pick pc=264 op=KSTR def=11 range=[10,11]
[repack] proto=0 pc=292 accept existing FR2 slice [10,11]
[repack] proto=0 pc=301 accept existing FR2 slice [10,12]
[repack] proto=0 pc=312 skip FR2 arg shift for CALL(C=3,B=1) cat-tail old=[9,10]
[repack] proto=0 pc=340 accept existing FR2 slice [7,7]
[repack] proto=0 pc=358 accept existing FR2 slice [8,10]
[repack] proto=0 pc=361 accept existing FR2 slice [8,8]
[repack] proto=0 pc=388 accept existing FR2 slice [8,10]
[repack] proto=0 pc=399 skip FR2 arg shift for CALL(C=3,B=1) cat-tail old=[7,8]
[repack] proto=0 pc=412 accept existing FR2 slice [7,7]
[repack] proto=0 pc=423 accept existing FR2 slice [8,8]
[repack] proto=0 pc=435 accept existing FR2 slice [8,8]
[repack] proto=0 pc=454 accept existing FR2 slice [8,10]
[repack] proto=0 pc=457 accept existing FR2 slice [8,8]
[repack] proto=0 pc=468 skip FR2 arg shift for CALL(C=3,B=1) cat-tail old=[7,8]
[repack] slice fail pc=480 target-at=469 range=[9,10]
[repack] simple-local pick pc=479 op=KSHORT def=9 range=[9,10]
[repack] simple-local pick pc=464 op=KSTR def=10 range=[9,10]
[repack] proto=0 pc=480 accept existing FR2 slice [9,10]
[repack] proto=0 pc=483 accept existing FR2 slice [7,7]
[repack] proto=0 pc=494 accept existing FR2 slice [8,8]
[repack] proto=0 pc=506 accept existing FR2 slice [8,8]
[repack] proto=0 pc=525 accept existing FR2 slice [8,10]
[repack] proto=0 pc=536 skip FR2 arg shift for CALL(C=3,B=1) cat-tail old=[7,8]
[repack] slice fail pc=549 target-at=538 range=[9,10]
[repack] simple-local pick pc=548 op=KSHORT def=9 range=[9,10]
[repack] simple-local pick pc=532 op=KSTR def=10 range=[9,10]
[repack] proto=0 pc=549 accept existing FR2 slice [9,10]
[repack] proto=0 pc=552 accept existing FR2 slice [7,7]
[repack] proto=0 pc=563 accept existing FR2 slice [8,8]
[repack] proto=0 pc=575 accept existing FR2 slice [8,8]
[repack] proto=0 pc=594 accept existing FR2 slice [8,10]
[repack] proto=0 pc=605 skip FR2 arg shift for CALL(C=3,B=1) cat-tail old=[7,8]
[repack] slice fail pc=618 target-at=607 range=[9,10]
[repack] simple-local pick pc=617 op=KSHORT def=9 range=[9,10]
[repack] simple-local pick pc=601 op=KSTR def=10 range=[9,10]
[repack] proto=0 pc=618 accept existing FR2 slice [9,10]
[repack] proto=0 pc=621 accept existing FR2 slice [7,7]
[repack] proto=0 pc=663 reject existing FR2 slice: new-first writer matches old-second old=7(pc=656,MOV) old2=8(pc=660,CAT) new=8(pc=660,CAT)
[repack] proto=0 pc=674 skip FR2 arg shift for CALL(C=3,B=1) cat-tail old=[7,8]
[repack] slice fail pc=692 target-at=676 range=[10,11]
[repack] simple-local pick pc=691 op=KSHORT def=10 range=[10,11]
[repack] simple-local pick pc=671 op=MOV def=11 range=[10,11]
[repack] proto=0 pc=692 accept existing FR2 slice [10,11]
[repack] proto=0 pc=695 call-selfdef helper enter consumer=CALL producer=MULVV self=ADDVV producer_b=7 consumer_span=2 producer_c=8
[repack] proto=0 pc=695 call-method-basecopy helper enter consumer=CALL producer=ADDVV producer_b=6 consumer_span=2 producer_c=7
[repack] proto=0 pc=695 call-intermediate-producer reject target entry at pc=646 producer_pc=644
[repack] proto=0 pc=695 call-chain helper enter consumer=CALL producer=ADDVV producer_b=6 consumer_span=2 producer_c=7
[repack] proto=0 pc=695 copy-fallback reason=target-touch-fail insert_pc=695 count=1 range=[6,6]->[7,7] deferred=0
[rebuild] proto=0 insert_pc=695 old_proto_total=8699 new_proto_total=8703 old_payload=8697 new_payload=8701 debug_drop=2536
[repack] proto=0 pc=5 accept existing FR2 slice [6,6]
[repack] proto=0 pc=25 accept existing FR2 slice [8,9]
[repack] slice fail pc=34 interference-at=32 op=MULVV reg=7 range=[7,7]
[repack] simple-local pick pc=33 op=DIVVN def=7 range=[7,7]
[repack] proto=0 pc=34 accept existing FR2 slice [7,7]
[repack] proto=0 pc=40 accept existing FR2 slice [8,8]
[repack] proto=0 pc=52 accept existing FR2 slice [9,11]
[repack] proto=0 pc=65 skip FR2 arg shift for CALL(C=3,B=1) cat-tail old=[8,9]
[repack] proto=0 pc=70 accept existing FR2 slice [9,9]
[repack] proto=0 pc=82 skip FR2 arg shift for pre-shifted CALL(C=3) old=[7,8]
[repack] slice fail pc=91 interference-at=89 op=MULVV reg=7 range=[7,7]
[repack] simple-local pick pc=90 op=DIVVN def=7 range=[7,7]
[repack] proto=0 pc=91 accept existing FR2 slice [7,7]
[repack] proto=0 pc=102 accept existing FR2 slice [8,10]
[repack] proto=0 pc=113 skip FR2 arg shift for CALL(C=3,B=1) cat-tail old=[7,8]
[repack] proto=0 pc=129 accept existing FR2 slice [7,7]
[repack] proto=0 pc=140 accept existing FR2 slice [8,10]
[repack] proto=0 pc=151 skip FR2 arg shift for CALL(C=3,B=1) cat-tail old=[7,8]
[repack] proto=0 pc=154 accept existing FR2 slice [8,8]
[repack] proto=0 pc=164 accept existing FR2 slice [7,7]
[repack] proto=0 pc=175 accept existing FR2 slice [8,10]
[repack] proto=0 pc=186 skip FR2 arg shift for CALL(C=3,B=1) cat-tail old=[7,8]
[repack] proto=0 pc=189 accept existing FR2 slice [8,8]
[repack] proto=0 pc=229 skip FR2 arg shift for CALL(C=3,B=1) cat-tail old=[8,9]
[repack] slice fail pc=242 target-at=231 range=[9,10]
[repack] simple-local pick pc=241 op=KSHORT def=9 range=[9,10]
[repack] simple-local pick pc=222 op=TGETS def=10 range=[9,10]
[repack] proto=0 pc=242 accept existing FR2 slice [9,10]
[repack] proto=0 pc=245 accept existing FR2 slice [7,7]
[repack] proto=0 pc=256 accept existing FR2 slice [8,10]
[repack] proto=0 pc=266 skip FR2 arg shift for CALL(C=3,B=1) cat-tail old=[7,8]
[repack] proto=0 pc=280 accept existing FR2 slice [8,8]
[repack] slice fail pc=292 target-at=268 range=[10,11]
[repack] simple-local pick pc=291 op=SUBVV def=10 range=[10,11]
[repack] simple-local pick pc=264 op=KSTR def=11 range=[10,11]
[repack] proto=0 pc=292 accept existing FR2 slice [10,11]
[repack] proto=0 pc=301 accept existing FR2 slice [10,12]
[repack] proto=0 pc=312 skip FR2 arg shift for CALL(C=3,B=1) cat-tail old=[9,10]
[repack] proto=0 pc=340 accept existing FR2 slice [7,7]
[repack] proto=0 pc=358 accept existing FR2 slice [8,10]
[repack] proto=0 pc=361 accept existing FR2 slice [8,8]
[repack] proto=0 pc=388 accept existing FR2 slice [8,10]
[repack] proto=0 pc=399 skip FR2 arg shift for CALL(C=3,B=1) cat-tail old=[7,8]
[repack] proto=0 pc=412 accept existing FR2 slice [7,7]
[repack] proto=0 pc=423 accept existing FR2 slice [8,8]
[repack] proto=0 pc=435 accept existing FR2 slice [8,8]
[repack] proto=0 pc=454 accept existing FR2 slice [8,10]
[repack] proto=0 pc=457 accept existing FR2 slice [8,8]
[repack] proto=0 pc=468 skip FR2 arg shift for CALL(C=3,B=1) cat-tail old=[7,8]
[repack] slice fail pc=480 target-at=469 range=[9,10]
[repack] simple-local pick pc=479 op=KSHORT def=9 range=[9,10]
[repack] simple-local pick pc=464 op=KSTR def=10 range=[9,10]
[repack] proto=0 pc=480 accept existing FR2 slice [9,10]
[repack] proto=0 pc=483 accept existing FR2 slice [7,7]
[repack] proto=0 pc=494 accept existing FR2 slice [8,8]
[repack] proto=0 pc=506 accept existing FR2 slice [8,8]
[repack] proto=0 pc=525 accept existing FR2 slice [8,10]
[repack] proto=0 pc=536 skip FR2 arg shift for CALL(C=3,B=1) cat-tail old=[7,8]
[repack] slice fail pc=549 target-at=538 range=[9,10]
[repack] simple-local pick pc=548 op=KSHORT def=9 range=[9,10]
[repack] simple-local pick pc=532 op=KSTR def=10 range=[9,10]
[repack] proto=0 pc=549 accept existing FR2 slice [9,10]
[repack] proto=0 pc=552 accept existing FR2 slice [7,7]
[repack] proto=0 pc=563 accept existing FR2 slice [8,8]
[repack] proto=0 pc=575 accept existing FR2 slice [8,8]
[repack] proto=0 pc=594 accept existing FR2 slice [8,10]
[repack] proto=0 pc=605 skip FR2 arg shift for CALL(C=3,B=1) cat-tail old=[7,8]
[repack] slice fail pc=618 target-at=607 range=[9,10]
[repack] simple-local pick pc=617 op=KSHORT def=9 range=[9,10]
[repack] simple-local pick pc=601 op=KSTR def=10 range=[9,10]
[repack] proto=0 pc=618 accept existing FR2 slice [9,10]
[repack] proto=0 pc=621 accept existing FR2 slice [7,7]
[repack] proto=0 pc=632 accept existing FR2 slice [8,8]
[repack] proto=0 pc=644 accept existing FR2 slice [8,8]
[repack] proto=0 pc=663 accept existing FR2 slice [8,10]
[repack] proto=0 pc=674 skip FR2 arg shift for CALL(C=3,B=1) cat-tail old=[7,8]
[repack] slice fail pc=692 target-at=676 range=[10,11]
[repack] simple-local pick pc=691 op=KSHORT def=10 range=[10,11]
[repack] simple-local pick pc=671 op=MOV def=11 range=[10,11]
[repack] proto=0 pc=692 accept existing FR2 slice [10,11]
[repack] proto=0 pc=696 accept existing FR2 slice [7,7]
[repack] proto=0 pc=738 reject existing FR2 slice: new-first writer matches old-second old=7(pc=731,MOV) old2=8(pc=735,CAT) new=8(pc=735,CAT)
[repack] proto=0 pc=749 skip FR2 arg shift for CALL(C=3,B=1) cat-tail old=[7,8]
[repack] slice fail pc=767 target-at=751 range=[10,11]
[repack] simple-local pick pc=766 op=KSHORT def=10 range=[10,11]
[repack] simple-local pick pc=746 op=MOV def=11 range=[10,11]
[repack] proto=0 pc=767 accept existing FR2 slice [10,11]
[repack] proto=0 pc=770 call-selfdef helper enter consumer=CALL producer=MULVV self=ADDVV producer_b=7 consumer_span=2 producer_c=8
[repack] proto=0 pc=770 call-method-basecopy helper enter consumer=CALL producer=ADDVV producer_b=6 consumer_span=2 producer_c=7
[repack] proto=0 pc=770 call-intermediate-producer reject target entry at pc=721 producer_pc=719
[repack] proto=0 pc=770 call-chain helper enter consumer=CALL producer=ADDVV producer_b=6 consumer_span=2 producer_c=7
[repack] proto=0 pc=770 copy-fallback reason=target-touch-fail insert_pc=770 count=1 range=[6,6]->[7,7] deferred=0
[rebuild] proto=0 insert_pc=770 old_proto_total=8703 new_proto_total=8707 old_payload=8701 new_payload=8705 debug_drop=2536
[repack] proto=0 pc=5 accept existing FR2 slice [6,6]
[repack] proto=0 pc=25 accept existing FR2 slice [8,9]
[repack] slice fail pc=34 interference-at=32 op=MULVV reg=7 range=[7,7]
[repack] simple-local pick pc=33 op=DIVVN def=7 range=[7,7]
[repack] proto=0 pc=34 accept existing FR2 slice [7,7]
[repack] proto=0 pc=40 accept existing FR2 slice [8,8]
[repack] proto=0 pc=52 accept existing FR2 slice [9,11]
[repack] proto=0 pc=65 skip FR2 arg shift for CALL(C=3,B=1) cat-tail old=[8,9]
[repack] proto=0 pc=70 accept existing FR2 slice [9,9]
[repack] proto=0 pc=82 skip FR2 arg shift for pre-shifted CALL(C=3) old=[7,8]
[repack] slice fail pc=91 interference-at=89 op=MULVV reg=7 range=[7,7]
[repack] simple-local pick pc=90 op=DIVVN def=7 range=[7,7]
[repack] proto=0 pc=91 accept existing FR2 slice [7,7]
[repack] proto=0 pc=102 accept existing FR2 slice [8,10]
[repack] proto=0 pc=113 skip FR2 arg shift for CALL(C=3,B=1) cat-tail old=[7,8]
[repack] proto=0 pc=129 accept existing FR2 slice [7,7]
[repack] proto=0 pc=140 accept existing FR2 slice [8,10]
[repack] proto=0 pc=151 skip FR2 arg shift for CALL(C=3,B=1) cat-tail old=[7,8]
[repack] proto=0 pc=154 accept existing FR2 slice [8,8]
[repack] proto=0 pc=164 accept existing FR2 slice [7,7]
[repack] proto=0 pc=175 accept existing FR2 slice [8,10]
[repack] proto=0 pc=186 skip FR2 arg shift for CALL(C=3,B=1) cat-tail old=[7,8]
[repack] proto=0 pc=189 accept existing FR2 slice [8,8]
[repack] proto=0 pc=229 skip FR2 arg shift for CALL(C=3,B=1) cat-tail old=[8,9]
[repack] slice fail pc=242 target-at=231 range=[9,10]
[repack] simple-local pick pc=241 op=KSHORT def=9 range=[9,10]
[repack] simple-local pick pc=222 op=TGETS def=10 range=[9,10]
[repack] proto=0 pc=242 accept existing FR2 slice [9,10]
[repack] proto=0 pc=245 accept existing FR2 slice [7,7]
[repack] proto=0 pc=256 accept existing FR2 slice [8,10]
[repack] proto=0 pc=266 skip FR2 arg shift for CALL(C=3,B=1) cat-tail old=[7,8]
[repack] proto=0 pc=280 accept existing FR2 slice [8,8]
[repack] slice fail pc=292 target-at=268 range=[10,11]
[repack] simple-local pick pc=291 op=SUBVV def=10 range=[10,11]
[repack] simple-local pick pc=264 op=KSTR def=11 range=[10,11]
[repack] proto=0 pc=292 accept existing FR2 slice [10,11]
[repack] proto=0 pc=301 accept existing FR2 slice [10,12]
[repack] proto=0 pc=312 skip FR2 arg shift for CALL(C=3,B=1) cat-tail old=[9,10]
[repack] proto=0 pc=340 accept existing FR2 slice [7,7]
[repack] proto=0 pc=358 accept existing FR2 slice [8,10]
[repack] proto=0 pc=361 accept existing FR2 slice [8,8]
[repack] proto=0 pc=388 accept existing FR2 slice [8,10]
[repack] proto=0 pc=399 skip FR2 arg shift for CALL(C=3,B=1) cat-tail old=[7,8]
[repack] proto=0 pc=412 accept existing FR2 slice [7,7]
[repack] proto=0 pc=423 accept existing FR2 slice [8,8]
[repack] proto=0 pc=435 accept existing FR2 slice [8,8]
[repack] proto=0 pc=454 accept existing FR2 slice [8,10]
[repack] proto=0 pc=457 accept existing FR2 slice [8,8]
[repack] proto=0 pc=468 skip FR2 arg shift for CALL(C=3,B=1) cat-tail old=[7,8]
[repack] slice fail pc=480 target-at=469 range=[9,10]
[repack] simple-local pick pc=479 op=KSHORT def=9 range=[9,10]
[repack] simple-local pick pc=464 op=KSTR def=10 range=[9,10]
[repack] proto=0 pc=480 accept existing FR2 slice [9,10]
[repack] proto=0 pc=483 accept existing FR2 slice [7,7]
[repack] proto=0 pc=494 accept existing FR2 slice [8,8]
[repack] proto=0 pc=506 accept existing FR2 slice [8,8]
[repack] proto=0 pc=525 accept existing FR2 slice [8,10]
[repack] proto=0 pc=536 skip FR2 arg shift for CALL(C=3,B=1) cat-tail old=[7,8]
[repack] slice fail pc=549 target-at=538 range=[9,10]
[repack] simple-local pick pc=548 op=KSHORT def=9 range=[9,10]
[repack] simple-local pick pc=532 op=KSTR def=10 range=[9,10]
[repack] proto=0 pc=549 accept existing FR2 slice [9,10]
[repack] proto=0 pc=552 accept existing FR2 slice [7,7]
[repack] proto=0 pc=563 accept existing FR2 slice [8,8]
[repack] proto=0 pc=575 accept existing FR2 slice [8,8]
[repack] proto=0 pc=594 accept existing FR2 slice [8,10]
[repack] proto=0 pc=605 skip FR2 arg shift for CALL(C=3,B=1) cat-tail old=[7,8]
[repack] slice fail pc=618 target-at=607 range=[9,10]
[repack] simple-local pick pc=617 op=KSHORT def=9 range=[9,10]
[repack] simple-local pick pc=601 op=KSTR def=10 range=[9,10]
[repack] proto=0 pc=618 accept existing FR2 slice [9,10]
[repack] proto=0 pc=621 accept existing FR2 slice [7,7]
[repack] proto=0 pc=632 accept existing FR2 slice [8,8]
[repack] proto=0 pc=644 accept existing FR2 slice [8,8]
[repack] proto=0 pc=663 accept existing FR2 slice [8,10]
[repack] proto=0 pc=674 skip FR2 arg shift for CALL(C=3,B=1) cat-tail old=[7,8]
[repack] slice fail pc=692 target-at=676 range=[10,11]
[repack] simple-local pick pc=691 op=KSHORT def=10 range=[10,11]
[repack] simple-local pick pc=671 op=MOV def=11 range=[10,11]
[repack] proto=0 pc=692 accept existing FR2 slice [10,11]
[repack] proto=0 pc=696 accept existing FR2 slice [7,7]
[repack] proto=0 pc=707 accept existing FR2 slice [8,8]
[repack] proto=0 pc=719 accept existing FR2 slice [8,8]
[repack] proto=0 pc=738 accept existing FR2 slice [8,10]
[repack] proto=0 pc=749 skip FR2 arg shift for CALL(C=3,B=1) cat-tail old=[7,8]
[repack] slice fail pc=767 target-at=751 range=[10,11]
[repack] simple-local pick pc=766 op=KSHORT def=10 range=[10,11]
[repack] simple-local pick pc=746 op=MOV def=11 range=[10,11]
[repack] proto=0 pc=767 accept existing FR2 slice [10,11]
[repack] proto=0 pc=771 accept existing FR2 slice [7,7]
[repack] proto=0 pc=813 reject existing FR2 slice: new-first writer matches old-second old=7(pc=806,MOV) old2=8(pc=810,CAT) new=8(pc=810,CAT)
[repack] proto=0 pc=824 skip FR2 arg shift for CALL(C=3,B=1) cat-tail old=[7,8]
[repack] proto=0 pc=848 call-selfdef helper enter consumer=CALL producer=SUBVV self=MULVN producer_b=10 consumer_span=2 producer_c=11
[repack] proto=0 pc=848 call-method-basecopy helper enter consumer=CALL producer=MULVN producer_b=10 consumer_span=2 producer_c=19
[repack] proto=0 pc=848 call-chain helper enter consumer=CALL producer=MULVN producer_b=10 consumer_span=2 producer_c=19
[repack] proto=0 pc=848 copy-fallback reason=target-touch-fail insert_pc=848 count=1 range=[10,10]->[11,11] deferred=0
[rebuild] proto=0 insert_pc=848 old_proto_total=8707 new_proto_total=8711 old_payload=8705 new_payload=8709 debug_drop=2536
[repack] proto=0 pc=5 accept existing FR2 slice [6,6]
[repack] proto=0 pc=25 accept existing FR2 slice [8,9]
[repack] slice fail pc=34 interference-at=32 op=MULVV reg=7 range=[7,7]
[repack] simple-local pick pc=33 op=DIVVN def=7 range=[7,7]
[repack] proto=0 pc=34 accept existing FR2 slice [7,7]
[repack] proto=0 pc=40 accept existing FR2 slice [8,8]
[repack] proto=0 pc=52 accept existing FR2 slice [9,11]
[repack] proto=0 pc=65 skip FR2 arg shift for CALL(C=3,B=1) cat-tail old=[8,9]
[repack] proto=0 pc=70 accept existing FR2 slice [9,9]
[repack] proto=0 pc=82 skip FR2 arg shift for pre-shifted CALL(C=3) old=[7,8]
[repack] slice fail pc=91 interference-at=89 op=MULVV reg=7 range=[7,7]
[repack] simple-local pick pc=90 op=DIVVN def=7 range=[7,7]
[repack] proto=0 pc=91 accept existing FR2 slice [7,7]
[repack] proto=0 pc=102 accept existing FR2 slice [8,10]
[repack] proto=0 pc=113 skip FR2 arg shift for CALL(C=3,B=1) cat-tail old=[7,8]
[repack] proto=0 pc=129 accept existing FR2 slice [7,7]
[repack] proto=0 pc=140 accept existing FR2 slice [8,10]
[repack] proto=0 pc=151 skip FR2 arg shift for CALL(C=3,B=1) cat-tail old=[7,8]
[repack] proto=0 pc=154 accept existing FR2 slice [8,8]
[repack] proto=0 pc=164 accept existing FR2 slice [7,7]
[repack] proto=0 pc=175 accept existing FR2 slice [8,10]
[repack] proto=0 pc=186 skip FR2 arg shift for CALL(C=3,B=1) cat-tail old=[7,8]
[repack] proto=0 pc=189 accept existing FR2 slice [8,8]
[repack] proto=0 pc=229 skip FR2 arg shift for CALL(C=3,B=1) cat-tail old=[8,9]
[repack] slice fail pc=242 target-at=231 range=[9,10]
[repack] simple-local pick pc=241 op=KSHORT def=9 range=[9,10]
[repack] simple-local pick pc=222 op=TGETS def=10 range=[9,10]
[repack] proto=0 pc=242 accept existing FR2 slice [9,10]
[repack] proto=0 pc=245 accept existing FR2 slice [7,7]
[repack] proto=0 pc=256 accept existing FR2 slice [8,10]
[repack] proto=0 pc=266 skip FR2 arg shift for CALL(C=3,B=1) cat-tail old=[7,8]
[repack] proto=0 pc=280 accept existing FR2 slice [8,8]
[repack] slice fail pc=292 target-at=268 range=[10,11]
[repack] simple-local pick pc=291 op=SUBVV def=10 range=[10,11]
[repack] simple-local pick pc=264 op=KSTR def=11 range=[10,11]
[repack] proto=0 pc=292 accept existing FR2 slice [10,11]
[repack] proto=0 pc=301 accept existing FR2 slice [10,12]
[repack] proto=0 pc=312 skip FR2 arg shift for CALL(C=3,B=1) cat-tail old=[9,10]
[repack] proto=0 pc=340 accept existing FR2 slice [7,7]
[repack] proto=0 pc=358 accept existing FR2 slice [8,10]
[repack] proto=0 pc=361 accept existing FR2 slice [8,8]
[repack] proto=0 pc=388 accept existing FR2 slice [8,10]
[repack] proto=0 pc=399 skip FR2 arg shift for CALL(C=3,B=1) cat-tail old=[7,8]
[repack] proto=0 pc=412 accept existing FR2 slice [7,7]
[repack] proto=0 pc=423 accept existing FR2 slice [8,8]
[repack] proto=0 pc=435 accept existing FR2 slice [8,8]
[repack] proto=0 pc=454 accept existing FR2 slice [8,10]
[repack] proto=0 pc=457 accept existing FR2 slice [8,8]
[repack] proto=0 pc=468 skip FR2 arg shift for CALL(C=3,B=1) cat-tail old=[7,8]
[repack] slice fail pc=480 target-at=469 range=[9,10]
[repack] simple-local pick pc=479 op=KSHORT def=9 range=[9,10]
[repack] simple-local pick pc=464 op=KSTR def=10 range=[9,10]
[repack] proto=0 pc=480 accept existing FR2 slice [9,10]
[repack] proto=0 pc=483 accept existing FR2 slice [7,7]
[repack] proto=0 pc=494 accept existing FR2 slice [8,8]
[repack] proto=0 pc=506 accept existing FR2 slice [8,8]
[repack] proto=0 pc=525 accept existing FR2 slice [8,10]
[repack] proto=0 pc=536 skip FR2 arg shift for CALL(C=3,B=1) cat-tail old=[7,8]
[repack] slice fail pc=549 target-at=538 range=[9,10]
[repack] simple-local pick pc=548 op=KSHORT def=9 range=[9,10]
[repack] simple-local pick pc=532 op=KSTR def=10 range=[9,10]
[repack] proto=0 pc=549 accept existing FR2 slice [9,10]
[repack] proto=0 pc=552 accept existing FR2 slice [7,7]
[repack] proto=0 pc=563 accept existing FR2 slice [8,8]
[repack] proto=0 pc=575 accept existing FR2 slice [8,8]
[repack] proto=0 pc=594 accept existing FR2 slice [8,10]
[repack] proto=0 pc=605 skip FR2 arg shift for CALL(C=3,B=1) cat-tail old=[7,8]
[repack] slice fail pc=618 target-at=607 range=[9,10]
[repack] simple-local pick pc=617 op=KSHORT def=9 range=[9,10]
[repack] simple-local pick pc=601 op=KSTR def=10 range=[9,10]
[repack] proto=0 pc=618 accept existing FR2 slice [9,10]
[repack] proto=0 pc=621 accept existing FR2 slice [7,7]
[repack] proto=0 pc=632 accept existing FR2 slice [8,8]
[repack] proto=0 pc=644 accept existing FR2 slice [8,8]
[repack] proto=0 pc=663 accept existing FR2 slice [8,10]
[repack] proto=0 pc=674 skip FR2 arg shift for CALL(C=3,B=1) cat-tail old=[7,8]
[repack] slice fail pc=692 target-at=676 range=[10,11]
[repack] simple-local pick pc=691 op=KSHORT def=10 range=[10,11]
[repack] simple-local pick pc=671 op=MOV def=11 range=[10,11]
[repack] proto=0 pc=692 accept existing FR2 slice [10,11]
[repack] proto=0 pc=696 accept existing FR2 slice [7,7]
[repack] proto=0 pc=707 accept existing FR2 slice [8,8]
[repack] proto=0 pc=719 accept existing FR2 slice [8,8]
[repack] proto=0 pc=738 accept existing FR2 slice [8,10]
[repack] proto=0 pc=749 skip FR2 arg shift for CALL(C=3,B=1) cat-tail old=[7,8]
[repack] slice fail pc=767 target-at=751 range=[10,11]
[repack] simple-local pick pc=766 op=KSHORT def=10 range=[10,11]
[repack] simple-local pick pc=746 op=MOV def=11 range=[10,11]
[repack] proto=0 pc=767 accept existing FR2 slice [10,11]
[repack] proto=0 pc=771 accept existing FR2 slice [7,7]
[repack] proto=0 pc=782 accept existing FR2 slice [8,8]
[repack] proto=0 pc=794 accept existing FR2 slice [8,8]
[repack] proto=0 pc=813 accept existing FR2 slice [8,10]
[repack] proto=0 pc=824 skip FR2 arg shift for CALL(C=3,B=1) cat-tail old=[7,8]
[repack] proto=0 pc=849 accept existing FR2 slice [11,11]
[repack] proto=0 pc=851 call-selfdef helper enter consumer=CALL producer=CALL self=SUBVV producer_b=2 consumer_span=2 producer_c=2
[repack] proto=0 pc=851 call-method-basecopy helper enter consumer=CALL producer=SUBVV producer_b=8 consumer_span=2 producer_c=9
[repack] slice fail pc=767 target-at=751 range=[10,11]
[repack] readonly slice retry fail pc=767 target-at=751 range=[10,11]
[repack] simple-local pick pc=766 op=KSHORT def=10 range=[10,11]
[repack] simple-local pick pc=746 op=MOV def=11 range=[10,11]
[repack] proto=0 pc=851 call-intermediate-producer target-touch reject blocker_pc=748 op=CAT reg=9 producer_pc=767
[repack] proto=0 pc=851 call-chain helper enter consumer=CALL producer=SUBVV producer_b=8 consumer_span=2 producer_c=9
[repack] proto=0 pc=851 copy-fallback reason=target-touch-fail insert_pc=851 count=1 range=[8,8]->[9,9] deferred=0
[rebuild] proto=0 insert_pc=851 old_proto_total=8711 new_proto_total=8715 old_payload=8709 new_payload=8713 debug_drop=2536
[repack] proto=0 pc=5 accept existing FR2 slice [6,6]
[repack] proto=0 pc=25 accept existing FR2 slice [8,9]
[repack] slice fail pc=34 interference-at=32 op=MULVV reg=7 range=[7,7]
[repack] simple-local pick pc=33 op=DIVVN def=7 range=[7,7]
[repack] proto=0 pc=34 accept existing FR2 slice [7,7]
[repack] proto=0 pc=40 accept existing FR2 slice [8,8]
[repack] proto=0 pc=52 accept existing FR2 slice [9,11]
[repack] proto=0 pc=65 skip FR2 arg shift for CALL(C=3,B=1) cat-tail old=[8,9]
[repack] proto=0 pc=70 accept existing FR2 slice [9,9]
[repack] proto=0 pc=82 skip FR2 arg shift for pre-shifted CALL(C=3) old=[7,8]
[repack] slice fail pc=91 interference-at=89 op=MULVV reg=7 range=[7,7]
[repack] simple-local pick pc=90 op=DIVVN def=7 range=[7,7]
[repack] proto=0 pc=91 accept existing FR2 slice [7,7]
[repack] proto=0 pc=102 accept existing FR2 slice [8,10]
[repack] proto=0 pc=113 skip FR2 arg shift for CALL(C=3,B=1) cat-tail old=[7,8]
[repack] proto=0 pc=129 accept existing FR2 slice [7,7]
[repack] proto=0 pc=140 accept existing FR2 slice [8,10]
[repack] proto=0 pc=151 skip FR2 arg shift for CALL(C=3,B=1) cat-tail old=[7,8]
[repack] proto=0 pc=154 accept existing FR2 slice [8,8]
[repack] proto=0 pc=164 accept existing FR2 slice [7,7]
[repack] proto=0 pc=175 accept existing FR2 slice [8,10]
[repack] proto=0 pc=186 skip FR2 arg shift for CALL(C=3,B=1) cat-tail old=[7,8]
[repack] proto=0 pc=189 accept existing FR2 slice [8,8]
[repack] proto=0 pc=229 skip FR2 arg shift for CALL(C=3,B=1) cat-tail old=[8,9]
[repack] slice fail pc=242 target-at=231 range=[9,10]
[repack] simple-local pick pc=241 op=KSHORT def=9 range=[9,10]
[repack] simple-local pick pc=222 op=TGETS def=10 range=[9,10]
[repack] proto=0 pc=242 accept existing FR2 slice [9,10]
[repack] proto=0 pc=245 accept existing FR2 slice [7,7]
[repack] proto=0 pc=256 accept existing FR2 slice [8,10]
[repack] proto=0 pc=266 skip FR2 arg shift for CALL(C=3,B=1) cat-tail old=[7,8]
[repack] proto=0 pc=280 accept existing FR2 slice [8,8]
[repack] slice fail pc=292 target-at=268 range=[10,11]
[repack] simple-local pick pc=291 op=SUBVV def=10 range=[10,11]
[repack] simple-local pick pc=264 op=KSTR def=11 range=[10,11]
[repack] proto=0 pc=292 accept existing FR2 slice [10,11]
[repack] proto=0 pc=301 accept existing FR2 slice [10,12]
[repack] proto=0 pc=312 skip FR2 arg shift for CALL(C=3,B=1) cat-tail old=[9,10]
[repack] proto=0 pc=340 accept existing FR2 slice [7,7]
[repack] proto=0 pc=358 accept existing FR2 slice [8,10]
[repack] proto=0 pc=361 accept existing FR2 slice [8,8]
[repack] proto=0 pc=388 accept existing FR2 slice [8,10]
[repack] proto=0 pc=399 skip FR2 arg shift for CALL(C=3,B=1) cat-tail old=[7,8]
[repack] proto=0 pc=412 accept existing FR2 slice [7,7]
[repack] proto=0 pc=423 accept existing FR2 slice [8,8]
[repack] proto=0 pc=435 accept existing FR2 slice [8,8]
[repack] proto=0 pc=454 accept existing FR2 slice [8,10]
[repack] proto=0 pc=457 accept existing FR2 slice [8,8]
[repack] proto=0 pc=468 skip FR2 arg shift for CALL(C=3,B=1) cat-tail old=[7,8]
[repack] slice fail pc=480 target-at=469 range=[9,10]
[repack] simple-local pick pc=479 op=KSHORT def=9 range=[9,10]
[repack] simple-local pick pc=464 op=KSTR def=10 range=[9,10]
[repack] proto=0 pc=480 accept existing FR2 slice [9,10]
[repack] proto=0 pc=483 accept existing FR2 slice [7,7]
[repack] proto=0 pc=494 accept existing FR2 slice [8,8]
[repack] proto=0 pc=506 accept existing FR2 slice [8,8]
[repack] proto=0 pc=525 accept existing FR2 slice [8,10]
[repack] proto=0 pc=536 skip FR2 arg shift for CALL(C=3,B=1) cat-tail old=[7,8]
[repack] slice fail pc=549 target-at=538 range=[9,10]
[repack] simple-local pick pc=548 op=KSHORT def=9 range=[9,10]
[repack] simple-local pick pc=532 op=KSTR def=10 range=[9,10]
[repack] proto=0 pc=549 accept existing FR2 slice [9,10]
[repack] proto=0 pc=552 accept existing FR2 slice [7,7]
[repack] proto=0 pc=563 accept existing FR2 slice [8,8]
[repack] proto=0 pc=575 accept existing FR2 slice [8,8]
[repack] proto=0 pc=594 accept existing FR2 slice [8,10]
[repack] proto=0 pc=605 skip FR2 arg shift for CALL(C=3,B=1) cat-tail old=[7,8]
[repack] slice fail pc=618 target-at=607 range=[9,10]
[repack] simple-local pick pc=617 op=KSHORT def=9 range=[9,10]
[repack] simple-local pick pc=601 op=KSTR def=10 range=[9,10]
[repack] proto=0 pc=618 accept existing FR2 slice [9,10]
[repack] proto=0 pc=621 accept existing FR2 slice [7,7]
[repack] proto=0 pc=632 accept existing FR2 slice [8,8]
[repack] proto=0 pc=644 accept existing FR2 slice [8,8]
[repack] proto=0 pc=663 accept existing FR2 slice [8,10]
[repack] proto=0 pc=674 skip FR2 arg shift for CALL(C=3,B=1) cat-tail old=[7,8]
[repack] slice fail pc=692 target-at=676 range=[10,11]
[repack] simple-local pick pc=691 op=KSHORT def=10 range=[10,11]
[repack] simple-local pick pc=671 op=MOV def=11 range=[10,11]
[repack] proto=0 pc=692 accept existing FR2 slice [10,11]
[repack] proto=0 pc=696 accept existing FR2 slice [7,7]
[repack] proto=0 pc=707 accept existing FR2 slice [8,8]
[repack] proto=0 pc=719 accept existing FR2 slice [8,8]
[repack] proto=0 pc=738 accept existing FR2 slice [8,10]
[repack] proto=0 pc=749 skip FR2 arg shift for CALL(C=3,B=1) cat-tail old=[7,8]
[repack] slice fail pc=767 target-at=751 range=[10,11]
[repack] simple-local pick pc=766 op=KSHORT def=10 range=[10,11]
[repack] simple-local pick pc=746 op=MOV def=11 range=[10,11]
[repack] proto=0 pc=767 accept existing FR2 slice [10,11]
[repack] proto=0 pc=771 accept existing FR2 slice [7,7]
[repack] proto=0 pc=782 accept existing FR2 slice [8,8]
[repack] proto=0 pc=794 accept existing FR2 slice [8,8]
[repack] proto=0 pc=813 accept existing FR2 slice [8,10]
[repack] proto=0 pc=824 skip FR2 arg shift for CALL(C=3,B=1) cat-tail old=[7,8]
[repack] proto=0 pc=849 accept existing FR2 slice [11,11]
[repack] proto=0 pc=852 accept existing FR2 slice [9,9]
[repack] slice fail pc=868 target-at=826 range=[11,12]
[repack] simple-local pick pc=867 op=KSHORT def=11 range=[11,12]
[repack] simple-local pick pc=822 op=KSTR def=12 range=[11,12]
[repack] proto=0 pc=868 accept existing FR2 slice [11,12]
[repack] proto=0 pc=871 call-selfdef helper enter consumer=CALL producer=MULVV self=ADDVV producer_b=8 consumer_span=2 producer_c=9
[repack] proto=0 pc=871 call-method-basecopy helper enter consumer=CALL producer=ADDVV producer_b=7 consumer_span=2 producer_c=8
[repack] slice fail pc=618 target-at=607 range=[9,10]
[repack] readonly slice retry fail pc=618 target-at=607 range=[9,10]
[repack] simple-local pick pc=617 op=KSHORT def=9 range=[9,10]
[repack] simple-local pick pc=601 op=KSTR def=10 range=[9,10]
[repack] proto=0 pc=871 call-intermediate-producer target-touch reject blocker_pc=604 op=CAT reg=8 producer_pc=618
[repack] proto=0 pc=871 call-chain helper enter consumer=CALL producer=ADDVV producer_b=7 consumer_span=2 producer_c=8
[repack] proto=0 pc=871 copy-fallback reason=target-touch-fail insert_pc=871 count=1 range=[7,7]->[8,8] deferred=0
[rebuild] proto=0 insert_pc=871 old_proto_total=8715 new_proto_total=8719 old_payload=8713 new_payload=8717 debug_drop=2536
[repack] proto=0 pc=5 accept existing FR2 slice [6,6]
[repack] proto=0 pc=25 accept existing FR2 slice [8,9]
[repack] slice fail pc=34 interference-at=32 op=MULVV reg=7 range=[7,7]
[repack] simple-local pick pc=33 op=DIVVN def=7 range=[7,7]
[repack] proto=0 pc=34 accept existing FR2 slice [7,7]
[repack] proto=0 pc=40 accept existing FR2 slice [8,8]
[repack] proto=0 pc=52 accept existing FR2 slice [9,11]
[repack] proto=0 pc=65 skip FR2 arg shift for CALL(C=3,B=1) cat-tail old=[8,9]
[repack] proto=0 pc=70 accept existing FR2 slice [9,9]
[repack] proto=0 pc=82 skip FR2 arg shift for pre-shifted CALL(C=3) old=[7,8]
[repack] slice fail pc=91 interference-at=89 op=MULVV reg=7 range=[7,7]
[repack] simple-local pick pc=90 op=DIVVN def=7 range=[7,7]
[repack] proto=0 pc=91 accept existing FR2 slice [7,7]
[repack] proto=0 pc=102 accept existing FR2 slice [8,10]
[repack] proto=0 pc=113 skip FR2 arg shift for CALL(C=3,B=1) cat-tail old=[7,8]
[repack] proto=0 pc=129 accept existing FR2 slice [7,7]
[repack] proto=0 pc=140 accept existing FR2 slice [8,10]
[repack] proto=0 pc=151 skip FR2 arg shift for CALL(C=3,B=1) cat-tail old=[7,8]
[repack] proto=0 pc=154 accept existing FR2 slice [8,8]
[repack] proto=0 pc=164 accept existing FR2 slice [7,7]
[repack] proto=0 pc=175 accept existing FR2 slice [8,10]
[repack] proto=0 pc=186 skip FR2 arg shift for CALL(C=3,B=1) cat-tail old=[7,8]
[repack] proto=0 pc=189 accept existing FR2 slice [8,8]
[repack] proto=0 pc=229 skip FR2 arg shift for CALL(C=3,B=1) cat-tail old=[8,9]
[repack] slice fail pc=242 target-at=231 range=[9,10]
[repack] simple-local pick pc=241 op=KSHORT def=9 range=[9,10]
[repack] simple-local pick pc=222 op=TGETS def=10 range=[9,10]
[repack] proto=0 pc=242 accept existing FR2 slice [9,10]
[repack] proto=0 pc=245 accept existing FR2 slice [7,7]
[repack] proto=0 pc=256 accept existing FR2 slice [8,10]
[repack] proto=0 pc=266 skip FR2 arg shift for CALL(C=3,B=1) cat-tail old=[7,8]
[repack] proto=0 pc=280 accept existing FR2 slice [8,8]
[repack] slice fail pc=292 target-at=268 range=[10,11]
[repack] simple-local pick pc=291 op=SUBVV def=10 range=[10,11]
[repack] simple-local pick pc=264 op=KSTR def=11 range=[10,11]
[repack] proto=0 pc=292 accept existing FR2 slice [10,11]
[repack] proto=0 pc=301 accept existing FR2 slice [10,12]
[repack] proto=0 pc=312 skip FR2 arg shift for CALL(C=3,B=1) cat-tail old=[9,10]
[repack] proto=0 pc=340 accept existing FR2 slice [7,7]
[repack] proto=0 pc=358 accept existing FR2 slice [8,10]
[repack] proto=0 pc=361 accept existing FR2 slice [8,8]
[repack] proto=0 pc=388 accept existing FR2 slice [8,10]
[repack] proto=0 pc=399 skip FR2 arg shift for CALL(C=3,B=1) cat-tail old=[7,8]
[repack] proto=0 pc=412 accept existing FR2 slice [7,7]
[repack] proto=0 pc=423 accept existing FR2 slice [8,8]
[repack] proto=0 pc=435 accept existing FR2 slice [8,8]
[repack] proto=0 pc=454 accept existing FR2 slice [8,10]
[repack] proto=0 pc=457 accept existing FR2 slice [8,8]
[repack] proto=0 pc=468 skip FR2 arg shift for CALL(C=3,B=1) cat-tail old=[7,8]
[repack] slice fail pc=480 target-at=469 range=[9,10]
[repack] simple-local pick pc=479 op=KSHORT def=9 range=[9,10]
[repack] simple-local pick pc=464 op=KSTR def=10 range=[9,10]
[repack] proto=0 pc=480 accept existing FR2 slice [9,10]
[repack] proto=0 pc=483 accept existing FR2 slice [7,7]
[repack] proto=0 pc=494 accept existing FR2 slice [8,8]
[repack] proto=0 pc=506 accept existing FR2 slice [8,8]
[repack] proto=0 pc=525 accept existing FR2 slice [8,10]
[repack] proto=0 pc=536 skip FR2 arg shift for CALL(C=3,B=1) cat-tail old=[7,8]
[repack] slice fail pc=549 target-at=538 range=[9,10]
[repack] simple-local pick pc=548 op=KSHORT def=9 range=[9,10]
[repack] simple-local pick pc=532 op=KSTR def=10 range=[9,10]
[repack] proto=0 pc=549 accept existing FR2 slice [9,10]
[repack] proto=0 pc=552 accept existing FR2 slice [7,7]
[repack] proto=0 pc=563 accept existing FR2 slice [8,8]
[repack] proto=0 pc=575 accept existing FR2 slice [8,8]
[repack] proto=0 pc=594 accept existing FR2 slice [8,10]
[repack] proto=0 pc=605 skip FR2 arg shift for CALL(C=3,B=1) cat-tail old=[7,8]
[repack] slice fail pc=618 target-at=607 range=[9,10]
[repack] simple-local pick pc=617 op=KSHORT def=9 range=[9,10]
[repack] simple-local pick pc=601 op=KSTR def=10 range=[9,10]
[repack] proto=0 pc=618 accept existing FR2 slice [9,10]
[repack] proto=0 pc=621 accept existing FR2 slice [7,7]
[repack] proto=0 pc=632 accept existing FR2 slice [8,8]
[repack] proto=0 pc=644 accept existing FR2 slice [8,8]
[repack] proto=0 pc=663 accept existing FR2 slice [8,10]
[repack] proto=0 pc=674 skip FR2 arg shift for CALL(C=3,B=1) cat-tail old=[7,8]
[repack] slice fail pc=692 target-at=676 range=[10,11]
[repack] simple-local pick pc=691 op=KSHORT def=10 range=[10,11]
[repack] simple-local pick pc=671 op=MOV def=11 range=[10,11]
[repack] proto=0 pc=692 accept existing FR2 slice [10,11]
[repack] proto=0 pc=696 accept existing FR2 slice [7,7]
[repack] proto=0 pc=707 accept existing FR2 slice [8,8]
[repack] proto=0 pc=719 accept existing FR2 slice [8,8]
[repack] proto=0 pc=738 accept existing FR2 slice [8,10]
[repack] proto=0 pc=749 skip FR2 arg shift for CALL(C=3,B=1) cat-tail old=[7,8]
[repack] slice fail pc=767 target-at=751 range=[10,11]
[repack] simple-local pick pc=766 op=KSHORT def=10 range=[10,11]
[repack] simple-local pick pc=746 op=MOV def=11 range=[10,11]
[repack] proto=0 pc=767 accept existing FR2 slice [10,11]
[repack] proto=0 pc=771 accept existing FR2 slice [7,7]
[repack] proto=0 pc=782 accept existing FR2 slice [8,8]
[repack] proto=0 pc=794 accept existing FR2 slice [8,8]
[repack] proto=0 pc=813 accept existing FR2 slice [8,10]
[repack] proto=0 pc=824 skip FR2 arg shift for CALL(C=3,B=1) cat-tail old=[7,8]
[repack] proto=0 pc=849 accept existing FR2 slice [11,11]
[repack] proto=0 pc=852 accept existing FR2 slice [9,9]
[repack] slice fail pc=868 target-at=826 range=[11,12]
[repack] simple-local pick pc=867 op=KSHORT def=11 range=[11,12]
[repack] simple-local pick pc=822 op=KSTR def=12 range=[11,12]
[repack] proto=0 pc=868 accept existing FR2 slice [11,12]
[repack] proto=0 pc=872 accept existing FR2 slice [8,8]
[repack] proto=0 pc=914 reject existing FR2 slice: new-first writer matches old-second old=8(pc=907,MOV) old2=9(pc=911,CAT) new=9(pc=911,CAT)
[repack] proto=0 pc=925 skip FR2 arg shift for CALL(C=3,B=1) cat-tail old=[8,9]
[repack] proto=0 pc=949 call-selfdef helper enter consumer=CALL producer=SUBVV self=MULVN producer_b=10 consumer_span=2 producer_c=11
[repack] proto=0 pc=949 call-method-basecopy helper enter consumer=CALL producer=MULVN producer_b=10 consumer_span=2 producer_c=19
[repack] proto=0 pc=949 call-chain helper enter consumer=CALL producer=MULVN producer_b=10 consumer_span=2 producer_c=19
[repack] proto=0 pc=949 copy-fallback reason=target-touch-fail insert_pc=949 count=1 range=[10,10]->[11,11] deferred=0
[rebuild] proto=0 insert_pc=949 old_proto_total=8719 new_proto_total=8723 old_payload=8717 new_payload=8721 debug_drop=2536
[repack] proto=0 pc=5 accept existing FR2 slice [6,6]
[repack] proto=0 pc=25 accept existing FR2 slice [8,9]
[repack] slice fail pc=34 interference-at=32 op=MULVV reg=7 range=[7,7]
[repack] simple-local pick pc=33 op=DIVVN def=7 range=[7,7]
[repack] proto=0 pc=34 accept existing FR2 slice [7,7]
[repack] proto=0 pc=40 accept existing FR2 slice [8,8]
[repack] proto=0 pc=52 accept existing FR2 slice [9,11]
[repack] proto=0 pc=65 skip FR2 arg shift for CALL(C=3,B=1) cat-tail old=[8,9]
[repack] proto=0 pc=70 accept existing FR2 slice [9,9]
[repack] proto=0 pc=82 skip FR2 arg shift for pre-shifted CALL(C=3) old=[7,8]
[repack] slice fail pc=91 interference-at=89 op=MULVV reg=7 range=[7,7]
[repack] simple-local pick pc=90 op=DIVVN def=7 range=[7,7]
[repack] proto=0 pc=91 accept existing FR2 slice [7,7]
[repack] proto=0 pc=102 accept existing FR2 slice [8,10]
[repack] proto=0 pc=113 skip FR2 arg shift for CALL(C=3,B=1) cat-tail old=[7,8]
[repack] proto=0 pc=129 accept existing FR2 slice [7,7]
[repack] proto=0 pc=140 accept existing FR2 slice [8,10]
[repack] proto=0 pc=151 skip FR2 arg shift for CALL(C=3,B=1) cat-tail old=[7,8]
[repack] proto=0 pc=154 accept existing FR2 slice [8,8]
[repack] proto=0 pc=164 accept existing FR2 slice [7,7]
[repack] proto=0 pc=175 accept existing FR2 slice [8,10]
[repack] proto=0 pc=186 skip FR2 arg shift for CALL(C=3,B=1) cat-tail old=[7,8]
[repack] proto=0 pc=189 accept existing FR2 slice [8,8]
[repack] proto=0 pc=229 skip FR2 arg shift for CALL(C=3,B=1) cat-tail old=[8,9]
[repack] slice fail pc=242 target-at=231 range=[9,10]
[repack] simple-local pick pc=241 op=KSHORT def=9 range=[9,10]
[repack] simple-local pick pc=222 op=TGETS def=10 range=[9,10]
[repack] proto=0 pc=242 accept existing FR2 slice [9,10]
[repack] proto=0 pc=245 accept existing FR2 slice [7,7]
[repack] proto=0 pc=256 accept existing FR2 slice [8,10]
[repack] proto=0 pc=266 skip FR2 arg shift for CALL(C=3,B=1) cat-tail old=[7,8]
[repack] proto=0 pc=280 accept existing FR2 slice [8,8]
[repack] slice fail pc=292 target-at=268 range=[10,11]
[repack] simple-local pick pc=291 op=SUBVV def=10 range=[10,11]
[repack] simple-local pick pc=264 op=KSTR def=11 range=[10,11]
[repack] proto=0 pc=292 accept existing FR2 slice [10,11]
[repack] proto=0 pc=301 accept existing FR2 slice [10,12]
[repack] proto=0 pc=312 skip FR2 arg shift for CALL(C=3,B=1) cat-tail old=[9,10]
[repack] proto=0 pc=340 accept existing FR2 slice [7,7]
[repack] proto=0 pc=358 accept existing FR2 slice [8,10]
[repack] proto=0 pc=361 accept existing FR2 slice [8,8]
[repack] proto=0 pc=388 accept existing FR2 slice [8,10]
[repack] proto=0 pc=399 skip FR2 arg shift for CALL(C=3,B=1) cat-tail old=[7,8]
[repack] proto=0 pc=412 accept existing FR2 slice [7,7]
[repack] proto=0 pc=423 accept existing FR2 slice [8,8]
[repack] proto=0 pc=435 accept existing FR2 slice [8,8]
[repack] proto=0 pc=454 accept existing FR2 slice [8,10]
[repack] proto=0 pc=457 accept existing FR2 slice [8,8]
[repack] proto=0 pc=468 skip FR2 arg shift for CALL(C=3,B=1) cat-tail old=[7,8]
[repack] slice fail pc=480 target-at=469 range=[9,10]
[repack] simple-local pick pc=479 op=KSHORT def=9 range=[9,10]
[repack] simple-local pick pc=464 op=KSTR def=10 range=[9,10]
[repack] proto=0 pc=480 accept existing FR2 slice [9,10]
[repack] proto=0 pc=483 accept existing FR2 slice [7,7]
[repack] proto=0 pc=494 accept existing FR2 slice [8,8]
[repack] proto=0 pc=506 accept existing FR2 slice [8,8]
[repack] proto=0 pc=525 accept existing FR2 slice [8,10]
[repack] proto=0 pc=536 skip FR2 arg shift for CALL(C=3,B=1) cat-tail old=[7,8]
[repack] slice fail pc=549 target-at=538 range=[9,10]
[repack] simple-local pick pc=548 op=KSHORT def=9 range=[9,10]
[repack] simple-local pick pc=532 op=KSTR def=10 range=[9,10]
[repack] proto=0 pc=549 accept existing FR2 slice [9,10]
[repack] proto=0 pc=552 accept existing FR2 slice [7,7]
[repack] proto=0 pc=563 accept existing FR2 slice [8,8]
[repack] proto=0 pc=575 accept existing FR2 slice [8,8]
[repack] proto=0 pc=594 accept existing FR2 slice [8,10]
[repack] proto=0 pc=605 skip FR2 arg shift for CALL(C=3,B=1) cat-tail old=[7,8]
[repack] slice fail pc=618 target-at=607 range=[9,10]
[repack] simple-local pick pc=617 op=KSHORT def=9 range=[9,10]
[repack] simple-local pick pc=601 op=KSTR def=10 range=[9,10]
[repack] proto=0 pc=618 accept existing FR2 slice [9,10]
[repack] proto=0 pc=621 accept existing FR2 slice [7,7]
[repack] proto=0 pc=632 accept existing FR2 slice [8,8]
[repack] proto=0 pc=644 accept existing FR2 slice [8,8]
[repack] proto=0 pc=663 accept existing FR2 slice [8,10]
[repack] proto=0 pc=674 skip FR2 arg shift for CALL(C=3,B=1) cat-tail old=[7,8]
[repack] slice fail pc=692 target-at=676 range=[10,11]
[repack] simple-local pick pc=691 op=KSHORT def=10 range=[10,11]
[repack] simple-local pick pc=671 op=MOV def=11 range=[10,11]
[repack] proto=0 pc=692 accept existing FR2 slice [10,11]
[repack] proto=0 pc=696 accept existing FR2 slice [7,7]
[repack] proto=0 pc=707 accept existing FR2 slice [8,8]
[repack] proto=0 pc=719 accept existing FR2 slice [8,8]
[repack] proto=0 pc=738 accept existing FR2 slice [8,10]
[repack] proto=0 pc=749 skip FR2 arg shift for CALL(C=3,B=1) cat-tail old=[7,8]
[repack] slice fail pc=767 target-at=751 range=[10,11]
[repack] simple-local pick pc=766 op=KSHORT def=10 range=[10,11]
[repack] simple-local pick pc=746 op=MOV def=11 range=[10,11]
[repack] proto=0 pc=767 accept existing FR2 slice [10,11]
[repack] proto=0 pc=771 accept existing FR2 slice [7,7]
[repack] proto=0 pc=782 accept existing FR2 slice [8,8]
[repack] proto=0 pc=794 accept existing FR2 slice [8,8]
[repack] proto=0 pc=813 accept existing FR2 slice [8,10]
[repack] proto=0 pc=824 skip FR2 arg shift for CALL(C=3,B=1) cat-tail old=[7,8]
[repack] proto=0 pc=849 accept existing FR2 slice [11,11]
[repack] proto=0 pc=852 accept existing FR2 slice [9,9]
[repack] slice fail pc=868 target-at=826 range=[11,12]
[repack] simple-local pick pc=867 op=KSHORT def=11 range=[11,12]
[repack] simple-local pick pc=822 op=KSTR def=12 range=[11,12]
[repack] proto=0 pc=868 accept existing FR2 slice [11,12]
[repack] proto=0 pc=872 accept existing FR2 slice [8,8]
[repack] proto=0 pc=883 accept existing FR2 slice [9,9]
[repack] proto=0 pc=895 accept existing FR2 slice [9,9]
[repack] proto=0 pc=914 accept existing FR2 slice [9,11]
[repack] proto=0 pc=925 skip FR2 arg shift for CALL(C=3,B=1) cat-tail old=[8,9]
[repack] proto=0 pc=950 accept existing FR2 slice [11,11]
[repack] proto=0 pc=952 call-selfdef helper enter consumer=CALL producer=CALL self=SUBVV producer_b=2 consumer_span=2 producer_c=2
[repack] proto=0 pc=952 call-method-basecopy helper enter consumer=CALL producer=SUBVV producer_b=8 consumer_span=2 producer_c=9
[repack] slice fail pc=767 target-at=751 range=[10,11]
[repack] readonly slice retry fail pc=767 target-at=751 range=[10,11]
[repack] simple-local pick pc=766 op=KSHORT def=10 range=[10,11]
[repack] simple-local pick pc=746 op=MOV def=11 range=[10,11]
[repack] proto=0 pc=952 call-intermediate-producer target-touch reject blocker_pc=748 op=CAT reg=9 producer_pc=767
[repack] proto=0 pc=952 call-chain helper enter consumer=CALL producer=SUBVV producer_b=8 consumer_span=2 producer_c=9
[repack] proto=0 pc=952 copy-fallback reason=target-touch-fail insert_pc=952 count=1 range=[8,8]->[9,9] deferred=0
[rebuild] proto=0 insert_pc=952 old_proto_total=8723 new_proto_total=8727 old_payload=8721 new_payload=8725 debug_drop=2536
[repack] proto=0 pc=5 accept existing FR2 slice [6,6]
[repack] proto=0 pc=25 accept existing FR2 slice [8,9]
[repack] slice fail pc=34 interference-at=32 op=MULVV reg=7 range=[7,7]
[repack] simple-local pick pc=33 op=DIVVN def=7 range=[7,7]
[repack] proto=0 pc=34 accept existing FR2 slice [7,7]
[repack] proto=0 pc=40 accept existing FR2 slice [8,8]
[repack] proto=0 pc=52 accept existing FR2 slice [9,11]
[repack] proto=0 pc=65 skip FR2 arg shift for CALL(C=3,B=1) cat-tail old=[8,9]
[repack] proto=0 pc=70 accept existing FR2 slice [9,9]
[repack] proto=0 pc=82 skip FR2 arg shift for pre-shifted CALL(C=3) old=[7,8]
[repack] slice fail pc=91 interference-at=89 op=MULVV reg=7 range=[7,7]
[repack] simple-local pick pc=90 op=DIVVN def=7 range=[7,7]
[repack] proto=0 pc=91 accept existing FR2 slice [7,7]
[repack] proto=0 pc=102 accept existing FR2 slice [8,10]
[repack] proto=0 pc=113 skip FR2 arg shift for CALL(C=3,B=1) cat-tail old=[7,8]
[repack] proto=0 pc=129 accept existing FR2 slice [7,7]
[repack] proto=0 pc=140 accept existing FR2 slice [8,10]
[repack] proto=0 pc=151 skip FR2 arg shift for CALL(C=3,B=1) cat-tail old=[7,8]
[repack] proto=0 pc=154 accept existing FR2 slice [8,8]
[repack] proto=0 pc=164 accept existing FR2 slice [7,7]
[repack] proto=0 pc=175 accept existing FR2 slice [8,10]
[repack] proto=0 pc=186 skip FR2 arg shift for CALL(C=3,B=1) cat-tail old=[7,8]
[repack] proto=0 pc=189 accept existing FR2 slice [8,8]
[repack] proto=0 pc=229 skip FR2 arg shift for CALL(C=3,B=1) cat-tail old=[8,9]
[repack] slice fail pc=242 target-at=231 range=[9,10]
[repack] simple-local pick pc=241 op=KSHORT def=9 range=[9,10]
[repack] simple-local pick pc=222 op=TGETS def=10 range=[9,10]
[repack] proto=0 pc=242 accept existing FR2 slice [9,10]
[repack] proto=0 pc=245 accept existing FR2 slice [7,7]
[repack] proto=0 pc=256 accept existing FR2 slice [8,10]
[repack] proto=0 pc=266 skip FR2 arg shift for CALL(C=3,B=1) cat-tail old=[7,8]
[repack] proto=0 pc=280 accept existing FR2 slice [8,8]
[repack] slice fail pc=292 target-at=268 range=[10,11]
[repack] simple-local pick pc=291 op=SUBVV def=10 range=[10,11]
[repack] simple-local pick pc=264 op=KSTR def=11 range=[10,11]
[repack] proto=0 pc=292 accept existing FR2 slice [10,11]
[repack] proto=0 pc=301 accept existing FR2 slice [10,12]
[repack] proto=0 pc=312 skip FR2 arg shift for CALL(C=3,B=1) cat-tail old=[9,10]
[repack] proto=0 pc=340 accept existing FR2 slice [7,7]
[repack] proto=0 pc=358 accept existing FR2 slice [8,10]
[repack] proto=0 pc=361 accept existing FR2 slice [8,8]
[repack] proto=0 pc=388 accept existing FR2 slice [8,10]
[repack] proto=0 pc=399 skip FR2 arg shift for CALL(C=3,B=1) cat-tail old=[7,8]
[repack] proto=0 pc=412 accept existing FR2 slice [7,7]
[repack] proto=0 pc=423 accept existing FR2 slice [8,8]
[repack] proto=0 pc=435 accept existing FR2 slice [8,8]
[repack] proto=0 pc=454 accept existing FR2 slice [8,10]
[repack] proto=0 pc=457 accept existing FR2 slice [8,8]
[repack] proto=0 pc=468 skip FR2 arg shift for CALL(C=3,B=1) cat-tail old=[7,8]
[repack] slice fail pc=480 target-at=469 range=[9,10]
[repack] simple-local pick pc=479 op=KSHORT def=9 range=[9,10]
[repack] simple-local pick pc=464 op=KSTR def=10 range=[9,10]
[repack] proto=0 pc=480 accept existing FR2 slice [9,10]
[repack] proto=0 pc=483 accept existing FR2 slice [7,7]
[repack] proto=0 pc=494 accept existing FR2 slice [8,8]
[repack] proto=0 pc=506 accept existing FR2 slice [8,8]
[repack] proto=0 pc=525 accept existing FR2 slice [8,10]
[repack] proto=0 pc=536 skip FR2 arg shift for CALL(C=3,B=1) cat-tail old=[7,8]
[repack] slice fail pc=549 target-at=538 range=[9,10]
[repack] simple-local pick pc=548 op=KSHORT def=9 range=[9,10]
[repack] simple-local pick pc=532 op=KSTR def=10 range=[9,10]
[repack] proto=0 pc=549 accept existing FR2 slice [9,10]
[repack] proto=0 pc=552 accept existing FR2 slice [7,7]
[repack] proto=0 pc=563 accept existing FR2 slice [8,8]
[repack] proto=0 pc=575 accept existing FR2 slice [8,8]
[repack] proto=0 pc=594 accept existing FR2 slice [8,10]
[repack] proto=0 pc=605 skip FR2 arg shift for CALL(C=3,B=1) cat-tail old=[7,8]
[repack] slice fail pc=618 target-at=607 range=[9,10]
[repack] simple-local pick pc=617 op=KSHORT def=9 range=[9,10]
[repack] simple-local pick pc=601 op=KSTR def=10 range=[9,10]
[repack] proto=0 pc=618 accept existing FR2 slice [9,10]
[repack] proto=0 pc=621 accept existing FR2 slice [7,7]
[repack] proto=0 pc=632 accept existing FR2 slice [8,8]
[repack] proto=0 pc=644 accept existing FR2 slice [8,8]
[repack] proto=0 pc=663 accept existing FR2 slice [8,10]
[repack] proto=0 pc=674 skip FR2 arg shift for CALL(C=3,B=1) cat-tail old=[7,8]
[repack] slice fail pc=692 target-at=676 range=[10,11]
[repack] simple-local pick pc=691 op=KSHORT def=10 range=[10,11]
[repack] simple-local pick pc=671 op=MOV def=11 range=[10,11]
[repack] proto=0 pc=692 accept existing FR2 slice [10,11]
[repack] proto=0 pc=696 accept existing FR2 slice [7,7]
[repack] proto=0 pc=707 accept existing FR2 slice [8,8]
[repack] proto=0 pc=719 accept existing FR2 slice [8,8]
[repack] proto=0 pc=738 accept existing FR2 slice [8,10]
[repack] proto=0 pc=749 skip FR2 arg shift for CALL(C=3,B=1) cat-tail old=[7,8]
[repack] slice fail pc=767 target-at=751 range=[10,11]
[repack] simple-local pick pc=766 op=KSHORT def=10 range=[10,11]
[repack] simple-local pick pc=746 op=MOV def=11 range=[10,11]
[repack] proto=0 pc=767 accept existing FR2 slice [10,11]
[repack] proto=0 pc=771 accept existing FR2 slice [7,7]
[repack] proto=0 pc=782 accept existing FR2 slice [8,8]
[repack] proto=0 pc=794 accept existing FR2 slice [8,8]
[repack] proto=0 pc=813 accept existing FR2 slice [8,10]
[repack] proto=0 pc=824 skip FR2 arg shift for CALL(C=3,B=1) cat-tail old=[7,8]
[repack] proto=0 pc=849 accept existing FR2 slice [11,11]
[repack] proto=0 pc=852 accept existing FR2 slice [9,9]
[repack] slice fail pc=868 target-at=826 range=[11,12]
[repack] simple-local pick pc=867 op=KSHORT def=11 range=[11,12]
[repack] simple-local pick pc=822 op=KSTR def=12 range=[11,12]
[repack] proto=0 pc=868 accept existing FR2 slice [11,12]
[repack] proto=0 pc=872 accept existing FR2 slice [8,8]
[repack] proto=0 pc=883 accept existing FR2 slice [9,9]
[repack] proto=0 pc=895 accept existing FR2 slice [9,9]
[repack] proto=0 pc=914 accept existing FR2 slice [9,11]
[repack] proto=0 pc=925 skip FR2 arg shift for CALL(C=3,B=1) cat-tail old=[8,9]
[repack] proto=0 pc=950 accept existing FR2 slice [11,11]
[repack] proto=0 pc=953 accept existing FR2 slice [9,9]
[repack] slice fail pc=969 target-at=927 range=[11,12]
[repack] simple-local pick pc=968 op=KSHORT def=11 range=[11,12]
[repack] simple-local pick pc=922 op=MOV def=12 range=[11,12]
[repack] proto=0 pc=969 accept existing FR2 slice [11,12]
[repack] proto=0 pc=972 call-selfdef helper enter consumer=CALL producer=MULVV self=ADDVV producer_b=8 consumer_span=2 producer_c=9
[repack] proto=0 pc=972 call-method-basecopy helper enter consumer=CALL producer=ADDVV producer_b=7 consumer_span=2 producer_c=8
[repack] proto=0 pc=972 call-intermediate-producer reject target entry at pc=897 producer_pc=895
[repack] proto=0 pc=972 call-chain helper enter consumer=CALL producer=ADDVV producer_b=7 consumer_span=2 producer_c=8
[repack] proto=0 pc=972 copy-fallback reason=target-touch-fail insert_pc=972 count=1 range=[7,7]->[8,8] deferred=0
[rebuild] proto=0 insert_pc=972 old_proto_total=8727 new_proto_total=8731 old_payload=8725 new_payload=8729 debug_drop=2536
[repack] proto=0 pc=5 accept existing FR2 slice [6,6]
[repack] proto=0 pc=25 accept existing FR2 slice [8,9]
[repack] slice fail pc=34 interference-at=32 op=MULVV reg=7 range=[7,7]
[repack] simple-local pick pc=33 op=DIVVN def=7 range=[7,7]
[repack] proto=0 pc=34 accept existing FR2 slice [7,7]
[repack] proto=0 pc=40 accept existing FR2 slice [8,8]
[repack] proto=0 pc=52 accept existing FR2 slice [9,11]
[repack] proto=0 pc=65 skip FR2 arg shift for CALL(C=3,B=1) cat-tail old=[8,9]
[repack] proto=0 pc=70 accept existing FR2 slice [9,9]
[repack] proto=0 pc=82 skip FR2 arg shift for pre-shifted CALL(C=3) old=[7,8]
[repack] slice fail pc=91 interference-at=89 op=MULVV reg=7 range=[7,7]
[repack] simple-local pick pc=90 op=DIVVN def=7 range=[7,7]
[repack] proto=0 pc=91 accept existing FR2 slice [7,7]
[repack] proto=0 pc=102 accept existing FR2 slice [8,10]
[repack] proto=0 pc=113 skip FR2 arg shift for CALL(C=3,B=1) cat-tail old=[7,8]
[repack] proto=0 pc=129 accept existing FR2 slice [7,7]
[repack] proto=0 pc=140 accept existing FR2 slice [8,10]
[repack] proto=0 pc=151 skip FR2 arg shift for CALL(C=3,B=1) cat-tail old=[7,8]
[repack] proto=0 pc=154 accept existing FR2 slice [8,8]
[repack] proto=0 pc=164 accept existing FR2 slice [7,7]
[repack] proto=0 pc=175 accept existing FR2 slice [8,10]
[repack] proto=0 pc=186 skip FR2 arg shift for CALL(C=3,B=1) cat-tail old=[7,8]
[repack] proto=0 pc=189 accept existing FR2 slice [8,8]
[repack] proto=0 pc=229 skip FR2 arg shift for CALL(C=3,B=1) cat-tail old=[8,9]
[repack] slice fail pc=242 target-at=231 range=[9,10]
[repack] simple-local pick pc=241 op=KSHORT def=9 range=[9,10]
[repack] simple-local pick pc=222 op=TGETS def=10 range=[9,10]
[repack] proto=0 pc=242 accept existing FR2 slice [9,10]
[repack] proto=0 pc=245 accept existing FR2 slice [7,7]
[repack] proto=0 pc=256 accept existing FR2 slice [8,10]
[repack] proto=0 pc=266 skip FR2 arg shift for CALL(C=3,B=1) cat-tail old=[7,8]
[repack] proto=0 pc=280 accept existing FR2 slice [8,8]
[repack] slice fail pc=292 target-at=268 range=[10,11]
[repack] simple-local pick pc=291 op=SUBVV def=10 range=[10,11]
[repack] simple-local pick pc=264 op=KSTR def=11 range=[10,11]
[repack] proto=0 pc=292 accept existing FR2 slice [10,11]
[repack] proto=0 pc=301 accept existing FR2 slice [10,12]
[repack] proto=0 pc=312 skip FR2 arg shift for CALL(C=3,B=1) cat-tail old=[9,10]
[repack] proto=0 pc=340 accept existing FR2 slice [7,7]
[repack] proto=0 pc=358 accept existing FR2 slice [8,10]
[repack] proto=0 pc=361 accept existing FR2 slice [8,8]
[repack] proto=0 pc=388 accept existing FR2 slice [8,10]
[repack] proto=0 pc=399 skip FR2 arg shift for CALL(C=3,B=1) cat-tail old=[7,8]
[repack] proto=0 pc=412 accept existing FR2 slice [7,7]
[repack] proto=0 pc=423 accept existing FR2 slice [8,8]
[repack] proto=0 pc=435 accept existing FR2 slice [8,8]
[repack] proto=0 pc=454 accept existing FR2 slice [8,10]
[repack] proto=0 pc=457 accept existing FR2 slice [8,8]
[repack] proto=0 pc=468 skip FR2 arg shift for CALL(C=3,B=1) cat-tail old=[7,8]
[repack] slice fail pc=480 target-at=469 range=[9,10]
[repack] simple-local pick pc=479 op=KSHORT def=9 range=[9,10]
[repack] simple-local pick pc=464 op=KSTR def=10 range=[9,10]
[repack] proto=0 pc=480 accept existing FR2 slice [9,10]
[repack] proto=0 pc=483 accept existing FR2 slice [7,7]
[repack] proto=0 pc=494 accept existing FR2 slice [8,8]
[repack] proto=0 pc=506 accept existing FR2 slice [8,8]
[repack] proto=0 pc=525 accept existing FR2 slice [8,10]
[repack] proto=0 pc=536 skip FR2 arg shift for CALL(C=3,B=1) cat-tail old=[7,8]
[repack] slice fail pc=549 target-at=538 range=[9,10]
[repack] simple-local pick pc=548 op=KSHORT def=9 range=[9,10]
[repack] simple-local pick pc=532 op=KSTR def=10 range=[9,10]
[repack] proto=0 pc=549 accept existing FR2 slice [9,10]
[repack] proto=0 pc=552 accept existing FR2 slice [7,7]
[repack] proto=0 pc=563 accept existing FR2 slice [8,8]
[repack] proto=0 pc=575 accept existing FR2 slice [8,8]
[repack] proto=0 pc=594 accept existing FR2 slice [8,10]
[repack] proto=0 pc=605 skip FR2 arg shift for CALL(C=3,B=1) cat-tail old=[7,8]
[repack] slice fail pc=618 target-at=607 range=[9,10]
[repack] simple-local pick pc=617 op=KSHORT def=9 range=[9,10]
[repack] simple-local pick pc=601 op=KSTR def=10 range=[9,10]
[repack] proto=0 pc=618 accept existing FR2 slice [9,10]
[repack] proto=0 pc=621 accept existing FR2 slice [7,7]
[repack] proto=0 pc=632 accept existing FR2 slice [8,8]
[repack] proto=0 pc=644 accept existing FR2 slice [8,8]
[repack] proto=0 pc=663 accept existing FR2 slice [8,10]
[repack] proto=0 pc=674 skip FR2 arg shift for CALL(C=3,B=1) cat-tail old=[7,8]
[repack] slice fail pc=692 target-at=676 range=[10,11]
[repack] simple-local pick pc=691 op=KSHORT def=10 range=[10,11]
[repack] simple-local pick pc=671 op=MOV def=11 range=[10,11]
[repack] proto=0 pc=692 accept existing FR2 slice [10,11]
[repack] proto=0 pc=696 accept existing FR2 slice [7,7]
[repack] proto=0 pc=707 accept existing FR2 slice [8,8]
[repack] proto=0 pc=719 accept existing FR2 slice [8,8]
[repack] proto=0 pc=738 accept existing FR2 slice [8,10]
[repack] proto=0 pc=749 skip FR2 arg shift for CALL(C=3,B=1) cat-tail old=[7,8]
[repack] slice fail pc=767 target-at=751 range=[10,11]
[repack] simple-local pick pc=766 op=KSHORT def=10 range=[10,11]
[repack] simple-local pick pc=746 op=MOV def=11 range=[10,11]
[repack] proto=0 pc=767 accept existing FR2 slice [10,11]
[repack] proto=0 pc=771 accept existing FR2 slice [7,7]
[repack] proto=0 pc=782 accept existing FR2 slice [8,8]
[repack] proto=0 pc=794 accept existing FR2 slice [8,8]
[repack] proto=0 pc=813 accept existing FR2 slice [8,10]
[repack] proto=0 pc=824 skip FR2 arg shift for CALL(C=3,B=1) cat-tail old=[7,8]
[repack] proto=0 pc=849 accept existing FR2 slice [11,11]
[repack] proto=0 pc=852 accept existing FR2 slice [9,9]
[repack] slice fail pc=868 target-at=826 range=[11,12]
[repack] simple-local pick pc=867 op=KSHORT def=11 range=[11,12]
[repack] simple-local pick pc=822 op=KSTR def=12 range=[11,12]
[repack] proto=0 pc=868 accept existing FR2 slice [11,12]
[repack] proto=0 pc=872 accept existing FR2 slice [8,8]
[repack] proto=0 pc=883 accept existing FR2 slice [9,9]
[repack] proto=0 pc=895 accept existing FR2 slice [9,9]
[repack] proto=0 pc=914 accept existing FR2 slice [9,11]
[repack] proto=0 pc=925 skip FR2 arg shift for CALL(C=3,B=1) cat-tail old=[8,9]
[repack] proto=0 pc=950 accept existing FR2 slice [11,11]
[repack] proto=0 pc=953 accept existing FR2 slice [9,9]
[repack] slice fail pc=969 target-at=927 range=[11,12]
[repack] simple-local pick pc=968 op=KSHORT def=11 range=[11,12]
[repack] simple-local pick pc=922 op=MOV def=12 range=[11,12]
[repack] proto=0 pc=969 accept existing FR2 slice [11,12]
[repack] proto=0 pc=973 accept existing FR2 slice [8,8]
[repack] proto=0 pc=1015 reject existing FR2 slice: new-first writer matches old-second old=8(pc=1008,MOV) old2=9(pc=1012,CAT) new=9(pc=1012,CAT)
[repack] proto=0 pc=1026 skip FR2 arg shift for CALL(C=3,B=1) cat-tail old=[8,9]
[repack] proto=0 pc=1050 call-selfdef helper enter consumer=CALL producer=SUBVV self=MULVN producer_b=10 consumer_span=2 producer_c=11
[repack] proto=0 pc=1050 call-method-basecopy helper enter consumer=CALL producer=MULVN producer_b=10 consumer_span=2 producer_c=19
[repack] proto=0 pc=1050 call-chain helper enter consumer=CALL producer=MULVN producer_b=10 consumer_span=2 producer_c=19
[repack] proto=0 pc=1050 copy-fallback reason=target-touch-fail insert_pc=1050 count=1 range=[10,10]->[11,11] deferred=0
[rebuild] proto=0 insert_pc=1050 old_proto_total=8731 new_proto_total=8735 old_payload=8729 new_payload=8733 debug_drop=2536
[repack] proto=0 pc=5 accept existing FR2 slice [6,6]
[repack] proto=0 pc=25 accept existing FR2 slice [8,9]
[repack] slice fail pc=34 interference-at=32 op=MULVV reg=7 range=[7,7]
[repack] simple-local pick pc=33 op=DIVVN def=7 range=[7,7]
[repack] proto=0 pc=34 accept existing FR2 slice [7,7]
[repack] proto=0 pc=40 accept existing FR2 slice [8,8]
[repack] proto=0 pc=52 accept existing FR2 slice [9,11]
[repack] proto=0 pc=65 skip FR2 arg shift for CALL(C=3,B=1) cat-tail old=[8,9]
[repack] proto=0 pc=70 accept existing FR2 slice [9,9]
[repack] proto=0 pc=82 skip FR2 arg shift for pre-shifted CALL(C=3) old=[7,8]
[repack] slice fail pc=91 interference-at=89 op=MULVV reg=7 range=[7,7]
[repack] simple-local pick pc=90 op=DIVVN def=7 range=[7,7]
[repack] proto=0 pc=91 accept existing FR2 slice [7,7]
[repack] proto=0 pc=102 accept existing FR2 slice [8,10]
[repack] proto=0 pc=113 skip FR2 arg shift for CALL(C=3,B=1) cat-tail old=[7,8]
[repack] proto=0 pc=129 accept existing FR2 slice [7,7]
[repack] proto=0 pc=140 accept existing FR2 slice [8,10]
[repack] proto=0 pc=151 skip FR2 arg shift for CALL(C=3,B=1) cat-tail old=[7,8]
[repack] proto=0 pc=154 accept existing FR2 slice [8,8]
[repack] proto=0 pc=164 accept existing FR2 slice [7,7]
[repack] proto=0 pc=175 accept existing FR2 slice [8,10]
[repack] proto=0 pc=186 skip FR2 arg shift for CALL(C=3,B=1) cat-tail old=[7,8]
[repack] proto=0 pc=189 accept existing FR2 slice [8,8]
[repack] proto=0 pc=229 skip FR2 arg shift for CALL(C=3,B=1) cat-tail old=[8,9]
[repack] slice fail pc=242 target-at=231 range=[9,10]
[repack] simple-local pick pc=241 op=KSHORT def=9 range=[9,10]
[repack] simple-local pick pc=222 op=TGETS def=10 range=[9,10]
[repack] proto=0 pc=242 accept existing FR2 slice [9,10]
[repack] proto=0 pc=245 accept existing FR2 slice [7,7]
[repack] proto=0 pc=256 accept existing FR2 slice [8,10]
[repack] proto=0 pc=266 skip FR2 arg shift for CALL(C=3,B=1) cat-tail old=[7,8]
[repack] proto=0 pc=280 accept existing FR2 slice [8,8]
[repack] slice fail pc=292 target-at=268 range=[10,11]
[repack] simple-local pick pc=291 op=SUBVV def=10 range=[10,11]
[repack] simple-local pick pc=264 op=KSTR def=11 range=[10,11]
[repack] proto=0 pc=292 accept existing FR2 slice [10,11]
[repack] proto=0 pc=301 accept existing FR2 slice [10,12]
[repack] proto=0 pc=312 skip FR2 arg shift for CALL(C=3,B=1) cat-tail old=[9,10]
[repack] proto=0 pc=340 accept existing FR2 slice [7,7]
[repack] proto=0 pc=358 accept existing FR2 slice [8,10]
[repack] proto=0 pc=361 accept existing FR2 slice [8,8]
[repack] proto=0 pc=388 accept existing FR2 slice [8,10]
[repack] proto=0 pc=399 skip FR2 arg shift for CALL(C=3,B=1) cat-tail old=[7,8]
[repack] proto=0 pc=412 accept existing FR2 slice [7,7]
[repack] proto=0 pc=423 accept existing FR2 slice [8,8]
[repack] proto=0 pc=435 accept existing FR2 slice [8,8]
[repack] proto=0 pc=454 accept existing FR2 slice [8,10]
[repack] proto=0 pc=457 accept existing FR2 slice [8,8]
[repack] proto=0 pc=468 skip FR2 arg shift for CALL(C=3,B=1) cat-tail old=[7,8]
[repack] slice fail pc=480 target-at=469 range=[9,10]
[repack] simple-local pick pc=479 op=KSHORT def=9 range=[9,10]
[repack] simple-local pick pc=464 op=KSTR def=10 range=[9,10]
[repack] proto=0 pc=480 accept existing FR2 slice [9,10]
[repack] proto=0 pc=483 accept existing FR2 slice [7,7]
[repack] proto=0 pc=494 accept existing FR2 slice [8,8]
[repack] proto=0 pc=506 accept existing FR2 slice [8,8]
[repack] proto=0 pc=525 accept existing FR2 slice [8,10]
[repack] proto=0 pc=536 skip FR2 arg shift for CALL(C=3,B=1) cat-tail old=[7,8]
[repack] slice fail pc=549 target-at=538 range=[9,10]
[repack] simple-local pick pc=548 op=KSHORT def=9 range=[9,10]
[repack] simple-local pick pc=532 op=KSTR def=10 range=[9,10]
[repack] proto=0 pc=549 accept existing FR2 slice [9,10]
[repack] proto=0 pc=552 accept existing FR2 slice [7,7]
[repack] proto=0 pc=563 accept existing FR2 slice [8,8]
[repack] proto=0 pc=575 accept existing FR2 slice [8,8]
[repack] proto=0 pc=594 accept existing FR2 slice [8,10]
[repack] proto=0 pc=605 skip FR2 arg shift for CALL(C=3,B=1) cat-tail old=[7,8]
[repack] slice fail pc=618 target-at=607 range=[9,10]
[repack] simple-local pick pc=617 op=KSHORT def=9 range=[9,10]
[repack] simple-local pick pc=601 op=KSTR def=10 range=[9,10]
[repack] proto=0 pc=618 accept existing FR2 slice [9,10]
[repack] proto=0 pc=621 accept existing FR2 slice [7,7]
[repack] proto=0 pc=632 accept existing FR2 slice [8,8]
[repack] proto=0 pc=644 accept existing FR2 slice [8,8]
[repack] proto=0 pc=663 accept existing FR2 slice [8,10]
[repack] proto=0 pc=674 skip FR2 arg shift for CALL(C=3,B=1) cat-tail old=[7,8]
[repack] slice fail pc=692 target-at=676 range=[10,11]
[repack] simple-local pick pc=691 op=KSHORT def=10 range=[10,11]
[repack] simple-local pick pc=671 op=MOV def=11 range=[10,11]
[repack] proto=0 pc=692 accept existing FR2 slice [10,11]
[repack] proto=0 pc=696 accept existing FR2 slice [7,7]
[repack] proto=0 pc=707 accept existing FR2 slice [8,8]
[repack] proto=0 pc=719 accept existing FR2 slice [8,8]
[repack] proto=0 pc=738 accept existing FR2 slice [8,10]
[repack] proto=0 pc=749 skip FR2 arg shift for CALL(C=3,B=1) cat-tail old=[7,8]
[repack] slice fail pc=767 target-at=751 range=[10,11]
[repack] simple-local pick pc=766 op=KSHORT def=10 range=[10,11]
[repack] simple-local pick pc=746 op=MOV def=11 range=[10,11]
[repack] proto=0 pc=767 accept existing FR2 slice [10,11]
[repack] proto=0 pc=771 accept existing FR2 slice [7,7]
[repack] proto=0 pc=782 accept existing FR2 slice [8,8]
[repack] proto=0 pc=794 accept existing FR2 slice [8,8]
[repack] proto=0 pc=813 accept existing FR2 slice [8,10]
[repack] proto=0 pc=824 skip FR2 arg shift for CALL(C=3,B=1) cat-tail old=[7,8]
[repack] proto=0 pc=849 accept existing FR2 slice [11,11]
[repack] proto=0 pc=852 accept existing FR2 slice [9,9]
[repack] slice fail pc=868 target-at=826 range=[11,12]
[repack] simple-local pick pc=867 op=KSHORT def=11 range=[11,12]
[repack] simple-local pick pc=822 op=KSTR def=12 range=[11,12]
[repack] proto=0 pc=868 accept existing FR2 slice [11,12]
[repack] proto=0 pc=872 accept existing FR2 slice [8,8]
[repack] proto=0 pc=883 accept existing FR2 slice [9,9]
[repack] proto=0 pc=895 accept existing FR2 slice [9,9]
[repack] proto=0 pc=914 accept existing FR2 slice [9,11]
[repack] proto=0 pc=925 skip FR2 arg shift for CALL(C=3,B=1) cat-tail old=[8,9]
[repack] proto=0 pc=950 accept existing FR2 slice [11,11]
[repack] proto=0 pc=953 accept existing FR2 slice [9,9]
[repack] slice fail pc=969 target-at=927 range=[11,12]
[repack] simple-local pick pc=968 op=KSHORT def=11 range=[11,12]
[repack] simple-local pick pc=922 op=MOV def=12 range=[11,12]
[repack] proto=0 pc=969 accept existing FR2 slice [11,12]
[repack] proto=0 pc=973 accept existing FR2 slice [8,8]
[repack] proto=0 pc=984 accept existing FR2 slice [9,9]
[repack] proto=0 pc=996 accept existing FR2 slice [9,9]
[repack] proto=0 pc=1015 accept existing FR2 slice [9,11]
[repack] proto=0 pc=1026 skip FR2 arg shift for CALL(C=3,B=1) cat-tail old=[8,9]
[repack] proto=0 pc=1051 accept existing FR2 slice [11,11]
[repack] proto=0 pc=1053 call-selfdef helper enter consumer=CALL producer=CALL self=SUBVV producer_b=2 consumer_span=2 producer_c=2
[repack] proto=0 pc=1053 call-method-basecopy helper enter consumer=CALL producer=SUBVV producer_b=8 consumer_span=2 producer_c=9
[repack] slice fail pc=767 target-at=751 range=[10,11]
[repack] readonly slice retry fail pc=767 target-at=751 range=[10,11]
[repack] simple-local pick pc=766 op=KSHORT def=10 range=[10,11]
[repack] simple-local pick pc=746 op=MOV def=11 range=[10,11]
[repack] proto=0 pc=1053 call-intermediate-producer target-touch reject blocker_pc=748 op=CAT reg=9 producer_pc=767
[repack] proto=0 pc=1053 call-chain helper enter consumer=CALL producer=SUBVV producer_b=8 consumer_span=2 producer_c=9
[repack] proto=0 pc=1053 copy-fallback reason=target-touch-fail insert_pc=1053 count=1 range=[8,8]->[9,9] deferred=0
[rebuild] proto=0 insert_pc=1053 old_proto_total=8735 new_proto_total=8739 old_payload=8733 new_payload=8737 debug_drop=2536
[repack] proto=0 pc=5 accept existing FR2 slice [6,6]
[repack] proto=0 pc=25 accept existing FR2 slice [8,9]
[repack] slice fail pc=34 interference-at=32 op=MULVV reg=7 range=[7,7]
[repack] simple-local pick pc=33 op=DIVVN def=7 range=[7,7]
[repack] proto=0 pc=34 accept existing FR2 slice [7,7]
[repack] proto=0 pc=40 accept existing FR2 slice [8,8]
[repack] proto=0 pc=52 accept existing FR2 slice [9,11]
[repack] proto=0 pc=65 skip FR2 arg shift for CALL(C=3,B=1) cat-tail old=[8,9]
[repack] proto=0 pc=70 accept existing FR2 slice [9,9]
[repack] proto=0 pc=82 skip FR2 arg shift for pre-shifted CALL(C=3) old=[7,8]
[repack] slice fail pc=91 interference-at=89 op=MULVV reg=7 range=[7,7]
[repack] simple-local pick pc=90 op=DIVVN def=7 range=[7,7]
[repack] proto=0 pc=91 accept existing FR2 slice [7,7]
[repack] proto=0 pc=102 accept existing FR2 slice [8,10]
[repack] proto=0 pc=113 skip FR2 arg shift for CALL(C=3,B=1) cat-tail old=[7,8]
[repack] proto=0 pc=129 accept existing FR2 slice [7,7]
[repack] proto=0 pc=140 accept existing FR2 slice [8,10]
[repack] proto=0 pc=151 skip FR2 arg shift for CALL(C=3,B=1) cat-tail old=[7,8]
[repack] proto=0 pc=154 accept existing FR2 slice [8,8]
[repack] proto=0 pc=164 accept existing FR2 slice [7,7]
[repack] proto=0 pc=175 accept existing FR2 slice [8,10]
[repack] proto=0 pc=186 skip FR2 arg shift for CALL(C=3,B=1) cat-tail old=[7,8]
[repack] proto=0 pc=189 accept existing FR2 slice [8,8]
[repack] proto=0 pc=229 skip FR2 arg shift for CALL(C=3,B=1) cat-tail old=[8,9]
[repack] slice fail pc=242 target-at=231 range=[9,10]
[repack] simple-local pick pc=241 op=KSHORT def=9 range=[9,10]
[repack] simple-local pick pc=222 op=TGETS def=10 range=[9,10]
[repack] proto=0 pc=242 accept existing FR2 slice [9,10]
[repack] proto=0 pc=245 accept existing FR2 slice [7,7]
[repack] proto=0 pc=256 accept existing FR2 slice [8,10]
[repack] proto=0 pc=266 skip FR2 arg shift for CALL(C=3,B=1) cat-tail old=[7,8]
[repack] proto=0 pc=280 accept existing FR2 slice [8,8]
[repack] slice fail pc=292 target-at=268 range=[10,11]
[repack] simple-local pick pc=291 op=SUBVV def=10 range=[10,11]
[repack] simple-local pick pc=264 op=KSTR def=11 range=[10,11]
[repack] proto=0 pc=292 accept existing FR2 slice [10,11]
[repack] proto=0 pc=301 accept existing FR2 slice [10,12]
[repack] proto=0 pc=312 skip FR2 arg shift for CALL(C=3,B=1) cat-tail old=[9,10]
[repack] proto=0 pc=340 accept existing FR2 slice [7,7]
[repack] proto=0 pc=358 accept existing FR2 slice [8,10]
[repack] proto=0 pc=361 accept existing FR2 slice [8,8]
[repack] proto=0 pc=388 accept existing FR2 slice [8,10]
[repack] proto=0 pc=399 skip FR2 arg shift for CALL(C=3,B=1) cat-tail old=[7,8]
[repack] proto=0 pc=412 accept existing FR2 slice [7,7]
[repack] proto=0 pc=423 accept existing FR2 slice [8,8]
[repack] proto=0 pc=435 accept existing FR2 slice [8,8]
[repack] proto=0 pc=454 accept existing FR2 slice [8,10]
[repack] proto=0 pc=457 accept existing FR2 slice [8,8]
[repack] proto=0 pc=468 skip FR2 arg shift for CALL(C=3,B=1) cat-tail old=[7,8]
[repack] slice fail pc=480 target-at=469 range=[9,10]
[repack] simple-local pick pc=479 op=KSHORT def=9 range=[9,10]
[repack] simple-local pick pc=464 op=KSTR def=10 range=[9,10]
[repack] proto=0 pc=480 accept existing FR2 slice [9,10]
[repack] proto=0 pc=483 accept existing FR2 slice [7,7]
[repack] proto=0 pc=494 accept existing FR2 slice [8,8]
[repack] proto=0 pc=506 accept existing FR2 slice [8,8]
[repack] proto=0 pc=525 accept existing FR2 slice [8,10]
[repack] proto=0 pc=536 skip FR2 arg shift for CALL(C=3,B=1) cat-tail old=[7,8]
[repack] slice fail pc=549 target-at=538 range=[9,10]
[repack] simple-local pick pc=548 op=KSHORT def=9 range=[9,10]
[repack] simple-local pick pc=532 op=KSTR def=10 range=[9,10]
[repack] proto=0 pc=549 accept existing FR2 slice [9,10]
[repack] proto=0 pc=552 accept existing FR2 slice [7,7]
[repack] proto=0 pc=563 accept existing FR2 slice [8,8]
[repack] proto=0 pc=575 accept existing FR2 slice [8,8]
[repack] proto=0 pc=594 accept existing FR2 slice [8,10]
[repack] proto=0 pc=605 skip FR2 arg shift for CALL(C=3,B=1) cat-tail old=[7,8]
[repack] slice fail pc=618 target-at=607 range=[9,10]
[repack] simple-local pick pc=617 op=KSHORT def=9 range=[9,10]
[repack] simple-local pick pc=601 op=KSTR def=10 range=[9,10]
[repack] proto=0 pc=618 accept existing FR2 slice [9,10]
[repack] proto=0 pc=621 accept existing FR2 slice [7,7]
[repack] proto=0 pc=632 accept existing FR2 slice [8,8]
[repack] proto=0 pc=644 accept existing FR2 slice [8,8]
[repack] proto=0 pc=663 accept existing FR2 slice [8,10]
[repack] proto=0 pc=674 skip FR2 arg shift for CALL(C=3,B=1) cat-tail old=[7,8]
[repack] slice fail pc=692 target-at=676 range=[10,11]
[repack] simple-local pick pc=691 op=KSHORT def=10 range=[10,11]
[repack] simple-local pick pc=671 op=MOV def=11 range=[10,11]
[repack] proto=0 pc=692 accept existing FR2 slice [10,11]
[repack] proto=0 pc=696 accept existing FR2 slice [7,7]
[repack] proto=0 pc=707 accept existing FR2 slice [8,8]
[repack] proto=0 pc=719 accept existing FR2 slice [8,8]
[repack] proto=0 pc=738 accept existing FR2 slice [8,10]
[repack] proto=0 pc=749 skip FR2 arg shift for CALL(C=3,B=1) cat-tail old=[7,8]
[repack] slice fail pc=767 target-at=751 range=[10,11]
[repack] simple-local pick pc=766 op=KSHORT def=10 range=[10,11]
[repack] simple-local pick pc=746 op=MOV def=11 range=[10,11]
[repack] proto=0 pc=767 accept existing FR2 slice [10,11]
[repack] proto=0 pc=771 accept existing FR2 slice [7,7]
[repack] proto=0 pc=782 accept existing FR2 slice [8,8]
[repack] proto=0 pc=794 accept existing FR2 slice [8,8]
[repack] proto=0 pc=813 accept existing FR2 slice [8,10]
[repack] proto=0 pc=824 skip FR2 arg shift for CALL(C=3,B=1) cat-tail old=[7,8]
[repack] proto=0 pc=849 accept existing FR2 slice [11,11]
[repack] proto=0 pc=852 accept existing FR2 slice [9,9]
[repack] slice fail pc=868 target-at=826 range=[11,12]
[repack] simple-local pick pc=867 op=KSHORT def=11 range=[11,12]
[repack] simple-local pick pc=822 op=KSTR def=12 range=[11,12]
[repack] proto=0 pc=868 accept existing FR2 slice [11,12]
[repack] proto=0 pc=872 accept existing FR2 slice [8,8]
[repack] proto=0 pc=883 accept existing FR2 slice [9,9]
[repack] proto=0 pc=895 accept existing FR2 slice [9,9]
[repack] proto=0 pc=914 accept existing FR2 slice [9,11]
[repack] proto=0 pc=925 skip FR2 arg shift for CALL(C=3,B=1) cat-tail old=[8,9]
[repack] proto=0 pc=950 accept existing FR2 slice [11,11]
[repack] proto=0 pc=953 accept existing FR2 slice [9,9]
[repack] slice fail pc=969 target-at=927 range=[11,12]
[repack] simple-local pick pc=968 op=KSHORT def=11 range=[11,12]
[repack] simple-local pick pc=922 op=MOV def=12 range=[11,12]
[repack] proto=0 pc=969 accept existing FR2 slice [11,12]
[repack] proto=0 pc=973 accept existing FR2 slice [8,8]
[repack] proto=0 pc=984 accept existing FR2 slice [9,9]
[repack] proto=0 pc=996 accept existing FR2 slice [9,9]
[repack] proto=0 pc=1015 accept existing FR2 slice [9,11]
[repack] proto=0 pc=1026 skip FR2 arg shift for CALL(C=3,B=1) cat-tail old=[8,9]
[repack] proto=0 pc=1051 accept existing FR2 slice [11,11]
[repack] proto=0 pc=1054 accept existing FR2 slice [9,9]
[repack] proto=0 pc=1068 accept existing FR2 slice [10,11]
[repack] proto=0 pc=1070 call-selfdef helper enter consumer=CALL producer=CALL self=MULVV producer_b=2 consumer_span=2 producer_c=3
[repack] proto=0 pc=1070 call-method-basecopy helper enter consumer=CALL producer=MULVV producer_b=7 consumer_span=2 producer_c=8
[repack] proto=0 pc=1070 call-intermediate-producer reject target entry at pc=998 producer_pc=996
[repack] proto=0 pc=1070 call-chain helper enter consumer=CALL producer=MULVV producer_b=7 consumer_span=2 producer_c=8
[repack] proto=0 pc=1070 copy-fallback reason=target-touch-fail insert_pc=1070 count=1 range=[7,7]->[8,8] deferred=0
[rebuild] proto=0 insert_pc=1070 old_proto_total=8739 new_proto_total=8743 old_payload=8737 new_payload=8741 debug_drop=2536
[repack] proto=0 pc=5 accept existing FR2 slice [6,6]
[repack] proto=0 pc=25 accept existing FR2 slice [8,9]
[repack] slice fail pc=34 interference-at=32 op=MULVV reg=7 range=[7,7]
[repack] simple-local pick pc=33 op=DIVVN def=7 range=[7,7]
[repack] proto=0 pc=34 accept existing FR2 slice [7,7]
[repack] proto=0 pc=40 accept existing FR2 slice [8,8]
[repack] proto=0 pc=52 accept existing FR2 slice [9,11]
[repack] proto=0 pc=65 skip FR2 arg shift for CALL(C=3,B=1) cat-tail old=[8,9]
[repack] proto=0 pc=70 accept existing FR2 slice [9,9]
[repack] proto=0 pc=82 skip FR2 arg shift for pre-shifted CALL(C=3) old=[7,8]
[repack] slice fail pc=91 interference-at=89 op=MULVV reg=7 range=[7,7]
[repack] simple-local pick pc=90 op=DIVVN def=7 range=[7,7]
[repack] proto=0 pc=91 accept existing FR2 slice [7,7]
[repack] proto=0 pc=102 accept existing FR2 slice [8,10]
[repack] proto=0 pc=113 skip FR2 arg shift for CALL(C=3,B=1) cat-tail old=[7,8]
[repack] proto=0 pc=129 accept existing FR2 slice [7,7]
[repack] proto=0 pc=140 accept existing FR2 slice [8,10]
[repack] proto=0 pc=151 skip FR2 arg shift for CALL(C=3,B=1) cat-tail old=[7,8]
[repack] proto=0 pc=154 accept existing FR2 slice [8,8]
[repack] proto=0 pc=164 accept existing FR2 slice [7,7]
[repack] proto=0 pc=175 accept existing FR2 slice [8,10]
[repack] proto=0 pc=186 skip FR2 arg shift for CALL(C=3,B=1) cat-tail old=[7,8]
[repack] proto=0 pc=189 accept existing FR2 slice [8,8]
[repack] proto=0 pc=229 skip FR2 arg shift for CALL(C=3,B=1) cat-tail old=[8,9]
[repack] slice fail pc=242 target-at=231 range=[9,10]
[repack] simple-local pick pc=241 op=KSHORT def=9 range=[9,10]
[repack] simple-local pick pc=222 op=TGETS def=10 range=[9,10]
[repack] proto=0 pc=242 accept existing FR2 slice [9,10]
[repack] proto=0 pc=245 accept existing FR2 slice [7,7]
[repack] proto=0 pc=256 accept existing FR2 slice [8,10]
[repack] proto=0 pc=266 skip FR2 arg shift for CALL(C=3,B=1) cat-tail old=[7,8]
[repack] proto=0 pc=280 accept existing FR2 slice [8,8]
[repack] slice fail pc=292 target-at=268 range=[10,11]
[repack] simple-local pick pc=291 op=SUBVV def=10 range=[10,11]
[repack] simple-local pick pc=264 op=KSTR def=11 range=[10,11]
[repack] proto=0 pc=292 accept existing FR2 slice [10,11]
[repack] proto=0 pc=301 accept existing FR2 slice [10,12]
[repack] proto=0 pc=312 skip FR2 arg shift for CALL(C=3,B=1) cat-tail old=[9,10]
[repack] proto=0 pc=340 accept existing FR2 slice [7,7]
[repack] proto=0 pc=358 accept existing FR2 slice [8,10]
[repack] proto=0 pc=361 accept existing FR2 slice [8,8]
[repack] proto=0 pc=388 accept existing FR2 slice [8,10]
[repack] proto=0 pc=399 skip FR2 arg shift for CALL(C=3,B=1) cat-tail old=[7,8]
[repack] proto=0 pc=412 accept existing FR2 slice [7,7]
[repack] proto=0 pc=423 accept existing FR2 slice [8,8]
[repack] proto=0 pc=435 accept existing FR2 slice [8,8]
[repack] proto=0 pc=454 accept existing FR2 slice [8,10]
[repack] proto=0 pc=457 accept existing FR2 slice [8,8]
[repack] proto=0 pc=468 skip FR2 arg shift for CALL(C=3,B=1) cat-tail old=[7,8]
[repack] slice fail pc=480 target-at=469 range=[9,10]
[repack] simple-local pick pc=479 op=KSHORT def=9 range=[9,10]
[repack] simple-local pick pc=464 op=KSTR def=10 range=[9,10]
[repack] proto=0 pc=480 accept existing FR2 slice [9,10]
[repack] proto=0 pc=483 accept existing FR2 slice [7,7]
[repack] proto=0 pc=494 accept existing FR2 slice [8,8]
[repack] proto=0 pc=506 accept existing FR2 slice [8,8]
[repack] proto=0 pc=525 accept existing FR2 slice [8,10]
[repack] proto=0 pc=536 skip FR2 arg shift for CALL(C=3,B=1) cat-tail old=[7,8]
[repack] slice fail pc=549 target-at=538 range=[9,10]
[repack] simple-local pick pc=548 op=KSHORT def=9 range=[9,10]
[repack] simple-local pick pc=532 op=KSTR def=10 range=[9,10]
[repack] proto=0 pc=549 accept existing FR2 slice [9,10]
[repack] proto=0 pc=552 accept existing FR2 slice [7,7]
[repack] proto=0 pc=563 accept existing FR2 slice [8,8]
[repack] proto=0 pc=575 accept existing FR2 slice [8,8]
[repack] proto=0 pc=594 accept existing FR2 slice [8,10]
[repack] proto=0 pc=605 skip FR2 arg shift for CALL(C=3,B=1) cat-tail old=[7,8]
[repack] slice fail pc=618 target-at=607 range=[9,10]
[repack] simple-local pick pc=617 op=KSHORT def=9 range=[9,10]
[repack] simple-local pick pc=601 op=KSTR def=10 range=[9,10]
[repack] proto=0 pc=618 accept existing FR2 slice [9,10]
[repack] proto=0 pc=621 accept existing FR2 slice [7,7]
[repack] proto=0 pc=632 accept existing FR2 slice [8,8]
[repack] proto=0 pc=644 accept existing FR2 slice [8,8]
[repack] proto=0 pc=663 accept existing FR2 slice [8,10]
[repack] proto=0 pc=674 skip FR2 arg shift for CALL(C=3,B=1) cat-tail old=[7,8]
[repack] slice fail pc=692 target-at=676 range=[10,11]
[repack] simple-local pick pc=691 op=KSHORT def=10 range=[10,11]
[repack] simple-local pick pc=671 op=MOV def=11 range=[10,11]
[repack] proto=0 pc=692 accept existing FR2 slice [10,11]
[repack] proto=0 pc=696 accept existing FR2 slice [7,7]
[repack] proto=0 pc=707 accept existing FR2 slice [8,8]
[repack] proto=0 pc=719 accept existing FR2 slice [8,8]
[repack] proto=0 pc=738 accept existing FR2 slice [8,10]
[repack] proto=0 pc=749 skip FR2 arg shift for CALL(C=3,B=1) cat-tail old=[7,8]
[repack] slice fail pc=767 target-at=751 range=[10,11]
[repack] simple-local pick pc=766 op=KSHORT def=10 range=[10,11]
[repack] simple-local pick pc=746 op=MOV def=11 range=[10,11]
[repack] proto=0 pc=767 accept existing FR2 slice [10,11]
[repack] proto=0 pc=771 accept existing FR2 slice [7,7]
[repack] proto=0 pc=782 accept existing FR2 slice [8,8]
[repack] proto=0 pc=794 accept existing FR2 slice [8,8]
[repack] proto=0 pc=813 accept existing FR2 slice [8,10]
[repack] proto=0 pc=824 skip FR2 arg shift for CALL(C=3,B=1) cat-tail old=[7,8]
[repack] proto=0 pc=849 accept existing FR2 slice [11,11]
[repack] proto=0 pc=852 accept existing FR2 slice [9,9]
[repack] slice fail pc=868 target-at=826 range=[11,12]
[repack] simple-local pick pc=867 op=KSHORT def=11 range=[11,12]
[repack] simple-local pick pc=822 op=KSTR def=12 range=[11,12]
[repack] proto=0 pc=868 accept existing FR2 slice [11,12]
[repack] proto=0 pc=872 accept existing FR2 slice [8,8]
[repack] proto=0 pc=883 accept existing FR2 slice [9,9]
[repack] proto=0 pc=895 accept existing FR2 slice [9,9]
[repack] proto=0 pc=914 accept existing FR2 slice [9,11]
[repack] proto=0 pc=925 skip FR2 arg shift for CALL(C=3,B=1) cat-tail old=[8,9]
[repack] proto=0 pc=950 accept existing FR2 slice [11,11]
[repack] proto=0 pc=953 accept existing FR2 slice [9,9]
[repack] slice fail pc=969 target-at=927 range=[11,12]
[repack] simple-local pick pc=968 op=KSHORT def=11 range=[11,12]
[repack] simple-local pick pc=922 op=MOV def=12 range=[11,12]
[repack] proto=0 pc=969 accept existing FR2 slice [11,12]
[repack] proto=0 pc=973 accept existing FR2 slice [8,8]
[repack] proto=0 pc=984 accept existing FR2 slice [9,9]
[repack] proto=0 pc=996 accept existing FR2 slice [9,9]
[repack] proto=0 pc=1015 accept existing FR2 slice [9,11]
[repack] proto=0 pc=1026 skip FR2 arg shift for CALL(C=3,B=1) cat-tail old=[8,9]
[repack] proto=0 pc=1051 accept existing FR2 slice [11,11]
[repack] proto=0 pc=1054 accept existing FR2 slice [9,9]
[repack] proto=0 pc=1068 accept existing FR2 slice [10,11]
[repack] proto=0 pc=1071 accept existing FR2 slice [8,8]
[repack] proto=0 pc=1121 reject existing FR2 slice: new-first writer matches old-second old=9(pc=1114,MOV) old2=10(pc=1118,CAT) new=10(pc=1118,CAT)
[repack] proto=0 pc=1130 skip FR2 arg shift for CALL(C=3,B=1) cat-tail old=[9,10]
[repack] proto=0 pc=1144 reject existing FR2 slice: new-first writer matches old-second old=8(pc=1137,MOV) old2=9(pc=1141,CAT) new=9(pc=1141,CAT)
[repack] proto=0 pc=1157 skip FR2 arg shift for CALL(C=3,B=1) cat-tail old=[8,9]
[repack] proto=0 pc=549 apply proto0 BUFF_OnRoundBuff poison ceil/max chain fix A6..A9 -> A7..A11
[repack] proto=0 pc=618 apply proto0 BUFF_OnRoundBuff poison ceil/max chain fix A6..A9 -> A7..A11
[repack] proto=0 pc=399 apply proto0 BUFF_OnRoundBuff poison bf.Log self fix A7..A12 -> A8..A13
[repack] proto=0 pc=468 apply proto0 BUFF_OnRoundBuff poison bf.Log self fix A7..A12 -> A8..A13
[repack] proto=0 pc=536 apply proto0 BUFF_OnRoundBuff poison bf.Log self fix A7..A12 -> A8..A13
[repack] proto=0 pc=605 apply proto0 BUFF_OnRoundBuff poison bf.Log self fix A7..A12 -> A8..A13
[repack] proto=0 pc=674 apply proto0 BUFF_OnRoundBuff poison bf.Log self fix A7..A12 -> A8..A13
[repack] proto=0 pc=749 apply proto0 BUFF_OnRoundBuff poison bf.Log self fix A7..A12 -> A8..A13
[repack] proto=0 pc=824 apply proto0 BUFF_OnRoundBuff poison bf.Log self fix A7..A12 -> A8..A13
[repack] proto=0 pc=925 apply proto0 BUFF_OnRoundBuff insect bf.Log self fix A8..A13 -> A9..A14
[repack] proto=0 pc=1026 apply proto0 BUFF_OnRoundBuff insect bf.Log self fix A8..A13 -> A9..A14
[repack] proto=0 pc=1130 apply proto0 BUFF_OnRoundBuff toad short bf.Log self fix A9..A12 -> A10..A13
[repack] proto=0 pc=1157 apply proto0 BUFF_OnRoundBuff toad long bf.Log self fix A8..A15 -> A9..A16
[repack] proto=0 pc=242 apply proto0 BUFF_OnRoundBuff hp-percent max chain fix A6..A9 -> A7..A11
[repack] proto=0 pc=480 apply proto0 BUFF_OnRoundBuff hp-percent max chain fix A6..A9 -> A7..A11
[repack] proto=0 pc=292 apply proto0 BUFF_OnRoundBuff attribute max arg fix A9/A10 -> A10/A11
[repack] proto=0 pc=692 apply proto0 BUFF_OnRoundBuff mid-poison max chain fix A7..A10 -> A8..A12
[repack] proto=0 pc=767 apply proto0 BUFF_OnRoundBuff mid-poison max chain fix A7..A10 -> A8..A12
[repack] proto=0 pc=692 apply proto0 BUFF_OnRoundBuff cold-fire producer fix A6 -> A7
[repack] proto=0 pc=767 apply proto0 BUFF_OnRoundBuff cold-fire producer fix A6 -> A7
[repack] proto=0 pc=853 apply proto0 BUFF_OnRoundBuff attribute poison prechain fix A6..A11 -> A7..A14
[repack] proto=0 pc=954 apply proto0 BUFF_OnRoundBuff attribute poison prechain fix A6..A11 -> A7..A14
[repack] proto=0 pc=1055 apply proto0 BUFF_OnRoundBuff attribute poison prechain fix A6..A11 -> A7..A14
[repack] proto=0 pc=868 apply proto0 BUFF_OnRoundBuff late-poison max chain fix A8..A11 -> A9..A13
[repack] proto=0 pc=969 apply proto0 BUFF_OnRoundBuff late-poison max chain fix A8..A11 -> A9..A13
[repack] proto=0 pc=872 apply proto0 BUFF_OnRoundBuff attribute late-poison producer fix A7/A8 -> A8/A9
[repack] proto=0 pc=973 apply proto0 BUFF_OnRoundBuff attribute late-poison producer fix A7/A8 -> A8/A9
[repack] proto=0 pc=1068 apply proto0 BUFF_OnRoundBuff toad max chain fix A7..A10 -> A8..A12
[repack] proto=0 pc=82 apply proto0 BUFF_OnRoundBuff recovery min fix neutralize MOV A9<-A8 / A8<-A7
[repack] proto=0 pc=65 apply proto0 BUFF_OnRoundBuff recovery low-hp bf.Log self fix A8..A15 -> A9..A16
[repack] proto=0 pc=113 apply proto0 BUFF_OnRoundBuff recovery high-hp bf.Log self fix A7..A12 -> A8..A13
converted /mnt/d/Games/work/jygame_renew/gamedata/modcache/SSWS_HG/lua/luajit/buff.lua -> /mnt/d/Games/work/tolua_runtime/tmp/offline_regression_arm64_current/buff.lua.fr2.bin (9075 -> 9147 bytes, target_fr2=1)
